time_s,Et,n_mp,removed_total,mean_displacement_m,p95_displacement_m,p99_displacement_m,max_displacement_m,mean_speed_mps,p95_speed_mps,max_speed_mps,plastic_fraction_gt_1e4_percent,new_plastic_fraction_gt_1e5_percent,max_delta_plastic_strain,q999_downslope_displacement_m,max_downslope_displacement_m
1.0010000000000001,0.1,3558,12,5.737402654205469e-09,3.1498342720509876e-09,1.1795499742157513e-08,6.319387478170685e-06,1.1474805314185534e-05,6.299668786624851e-06,0.012638774958801325,19.645868465430016,0.0,4.674978841830266e-09,1.2291921872815982e-06,4.5360854912246396e-06
1.002,0.1,3558,12,2.4126360545645227e-08,1.2864926944281927e-08,4.918205875385396e-08,2.048726137234509e-05,3.132800088876283e-05,1.8574601176003197e-05,0.035185251412356115,19.645868465430016,0.0,1.2775290233622751e-08,4.53901877516597e-06,1.4664396125851908e-05
1.003,0.1,3558,12,5.577833929625848e-08,3.131874544500319e-08,1.1985415530302706e-07,4.1490829568757164e-05,5.160039491038058e-05,2.9072670854448756e-05,0.054044333154658654,19.645868465430016,0.0,2.4521578058139988e-08,9.764363253222542e-06,2.9546203244024127e-05
1.0039999999999998,0.1,3558,12,1.0260142568120244e-07,5.827996480510851e-08,2.2208100813879878e-07,6.855775342617579e-05,7.188474425398578e-05,3.770407537536607e-05,0.07013930282024917,19.645868465430016,0.0,3.824540353095367e-08,1.6935788559469997e-05,4.8519290839266205e-05
1.0049999999999997,0.1,3558,12,1.6544547221145262e-07,9.385321189604099e-08,3.498031917566409e-07,0.00010102886804012748,9.180965507272976e-05,4.486558231967158e-05,0.08161819416171683,19.645868465430016,0.0,5.222302024032884e-08,2.5830367357179156e-05,7.10087192423714e-05
1.0059999999999996,0.1,3558,12,2.4255610815179226e-07,1.447389069569232e-07,5.226702081244549e-07,0.00013622527504274915,0.0001121212797725749,5.183651375169222e-05,0.08853387380563524,19.645868465430016,0.0,6.488461178775693e-08,3.635228700854746e-05,9.499351870800865e-05
1.0069999999999995,0.1,3558,12,3.35387603301458e-07,2.0163294213394115e-07,1.0754878892465644e-06,0.0001730281217679227,0.00013164440054438294,6.191898473272794e-05,0.09160314653662502,19.645868465430016,0.0,9.047204377245904e-08,4.955954710132512e-05,0.00011963354447885877
1.0079999999999993,0.1,3558,12,4.434184970120606e-07,2.791020808139798e-07,2.097894521297513e-06,0.00021009677799975574,0.0001510126620082189,7.243513439899235e-05,0.09059050793342453,19.645868465430016,0.0,1.2110184248410654e-07,6.436349420472449e-05,0.00014397670869925605
1.0089999999999992,0.1,3558,12,5.652828163515553e-07,3.638837994977457e-07,3.7429350984003982e-06,0.0002456501606641923,0.00016899209526950837,8.7741860204179e-05,0.08637455180053981,19.645868465430016,0.0,1.546165012770973e-07,8.019592003922088e-05,0.00016680216408104798
1.0099999999999991,0.1,3558,12,7.010682550801485e-07,4.598047690801293e-07,5.761323829433227e-06,0.000278912821989119,0.00018507658384439603,9.948160720044604e-05,0.07976139114345328,19.645868465430016,0.0,1.8970209507581087e-07,9.681117879067473e-05,0.0001876772002411542
1.010999999999999,0.1,3558,12,8.491597301195501e-07,5.638736475081346e-07,7.889357717397953e-06,0.0003089590739614516,0.00019969843874392747,0.00010426978991541487,0.07120666425903478,19.645868465430016,0.0,2.2577117581511989e-07,0.00011371269675511989,0.00020610541714560782
1.011999999999999,0.1,3558,12,1.007937214833743e-06,6.768460550902122e-07,1.1509764039682065e-05,0.00033502513864969256,0.00021193937710033354,0.0001045350016464689,0.07007844504194877,19.645868465430016,0.0,2.6426316125324235e-07,0.00013037847037508904,0.00022173914177869847
1.0129999999999988,0.1,3558,12,1.1762356535677e-06,7.968495693296726e-07,1.5464082334211087e-05,0.0003569442573504377,0.00022206954213918644,0.00011153413438456411,0.06674145799127752,19.645868465430016,0.0,3.002323608550109e-07,0.00014647493508470068,0.00023468352165778583
1.0139999999999987,0.1,3558,12,1.3518984179660756e-06,9.322878246184688e-07,2.126028020262866e-05,0.00037448826459968263,0.00023006208298423066,0.00011406476453345666,0.06135512950929638,19.645868465430016,0.0,3.323696948548307e-07,0.0001615692105367393,0.000244995294046646
1.0149999999999986,0.1,3558,12,1.5331722498913286e-06,1.0537405704083706e-06,2.831359095405883e-05,0.00038769054559169194,0.0002356096222725589,0.00011571793532032445,0.05426019038881303,19.645868465430016,0.0,3.599810609169812e-07,0.00017563374305952276,0.0002528971686217574
1.0159999999999985,0.1,3558,12,1.718501511012895e-06,1.172760038989166e-06,3.635184083390947e-05,0.0003968634167006798,0.00023890616672822524,0.00011670993113286295,0.04588417247219679,19.645868465430016,0.0,3.8223792458145535e-07,0.0001887828470509489,0.00025877453331801803
1.0169999999999983,0.1,3558,12,1.9059809432297525e-06,1.2800726862660019e-06,3.809941440332052e-05,0.00040227572434888253,0.00023990422410604946,0.0001149632719313795,0.03669649199834597,19.645868465430016,0.0,5.091223581431129e-07,0.0001999689658467224,0.0002667262657460867
1.0179999999999982,0.1,3558,12,2.0940022290069572e-06,1.4024844131581296e-06,4.220738996710094e-05,0.0004043655481755452,0.0002387782922715845,0.00010977537900548666,0.02716342410520237,19.645868465430016,0.0,7.762775959095777e-07,0.0002103358414643542,0.0002778403766825477
1.0189999999999981,0.1,3558,12,2.281303258935531e-06,1.5008657899431794e-06,5.1928736238292054e-05,0.0004036353434868137,0.00023682468922175333,0.00010951673799844226,0.0247426418578918,19.645868465430016,0.0,1.1524462387863384e-06,0.0002194319016563051,0.00028641281102537164
1.019999999999998,0.1,3558,12,2.466556732432007e-06,1.615764703123397e-06,6.132492580008668e-05,0.00040052406941489563,0.00023590200168855895,0.0001087632144028655,0.023133866669348413,19.645868465430016,0.0,1.6641947615397845e-06,0.00022647391126064605,0.00029252094519449656
1.020999999999998,0.1,3558,12,2.648639892423439e-06,1.7296037868960532e-06,6.764927181995011e-05,0.0003955194922871839,0.00023381722975331288,0.00011449700015224608,0.020648518003324325,19.645868465430016,0.0,2.3430844466381192e-06,0.0002326684941610235,0.0002963140757863414
1.0219999999999978,0.1,3558,12,2.826464997524172e-06,1.8086870271093812e-06,7.443957593973385e-05,0.0003890539510580313,0.00023543003612129952,0.0001194423888725258,0.017859323390095987,19.645868465430016,0.0,3.2178956151955655e-06,0.0002370896245994253,0.0002979536514580161
1.0229999999999977,0.1,3558,12,2.9992116432164495e-06,1.9095930964050967e-06,8.162443159524605e-05,0.00038147409318871936,0.00023822420105733513,0.00014480381476207702,0.021746726598332915,19.645868465430016,0.0,4.318492319716659e-06,0.00023942650683774272,0.0002975870332733166
1.0239999999999976,0.1,3558,12,3.1664350922155327e-06,2.0109204171738865e-06,8.775317151995003e-05,0.00037309495923149965,0.00024443308826708836,0.00019041825653927304,0.024813438335903337,19.645868465430016,0.0,5.666478821745054e-06,0.00023975722278174875,0.0002953570512573833
1.0249999999999975,0.1,3558,12,3.327750296460955e-06,2.1446358601877455e-06,9.31978198865195e-05,0.0003641373868379371,0.000254975459210252,0.0002820917726355168,0.027083096361636545,19.645868465430016,0.0,7.278265571591215e-06,0.0002381720199363153,0.00029137423137015617
1.0259999999999974,0.1,3558,12,3.4827578017395445e-06,2.31836645991378e-06,9.714257899896672e-05,0.00035474772869375197,0.00026698549881552726,0.00034809088847147256,0.028590729685545834,19.645868465430016,0.056211354693648116,1.1206352427491528e-05,0.00023478001861846994,0.0002857278977934641
1.0269999999999972,0.1,3558,12,3.6309161881658695e-06,2.4328763244148307e-06,9.980146065531212e-05,0.0003450313246684865,0.00028046887936733977,0.000450464727286658,0.030713659523746793,19.645868465430016,0.11242270938729623,1.567063710674335e-05,0.0002297141925721255,0.00027850674642593276
1.0279999999999971,0.1,3558,12,3.7719402173305753e-06,2.6925618658712576e-06,0.00010415375343019505,0.00033503641224856133,0.00029523500667608165,0.0005304066946006691,0.0331329112766337,19.645868465430016,0.11242270938729623,1.992869454943871e-05,0.00022312223272857474,0.0002698024836007562
1.028999999999997,0.1,3558,12,3.905828999058838e-06,3.4718097822079687e-06,0.00010572948924062576,0.00032479257173375996,0.00030950268740441276,0.0006811075237403763,0.03494642187718601,19.645868465430016,0.11242270938729623,2.386437541729963e-05,0.00021517309603652678,0.00025973365656284386
1.029999999999997,0.1,3558,12,4.032473738011553e-06,4.423861030031698e-06,0.00010659331903217869,0.00031433435864636477,0.000321134190538905,0.0008527767050240365,0.03617685205563313,19.702079820123668,0.11242270938729623,2.7368749652491768e-05,0.00020605734652338404,0.0002484602516652501
1.0309999999999968,0.1,3558,12,4.15177943821074e-06,5.261944518036254e-06,0.00011006247615311793,0.00030370380559237466,0.00032976283241538146,0.0009868911509735476,0.03681601631600446,19.702079820123668,0.11242270938729623,3.0347865125685407e-05,0.00019598101626117906,0.0002361862094346634
1.0319999999999967,0.1,3558,12,4.263748915859273e-06,6.9527512841761046e-06,0.0001107676936416726,0.00029297739343374883,0.0003360249201812061,0.000997818367775505,0.036833832696971276,19.702079820123668,0.11242270938729623,3.272559519825452e-05,0.00018516657182790313,0.0002262213573835936
1.0329999999999966,0.1,3558,12,4.368489639644606e-06,8.378281899902544e-06,0.00011106089824865774,0.0002822697348963984,0.0003403041441828341,0.0012643679692308217,0.03619257832734608,19.702079820123668,0.11242270938729623,3.444670164246459e-05,0.00017384710164247618,0.0002172372216300289
1.0339999999999965,0.1,3558,12,4.4661727897671535e-06,1.038344727240153e-05,0.000109628575185718,0.00027172877491803664,0.0003430382388132253,0.001443917730954539,0.03486325959647048,19.702079820123668,0.11242270938729623,3.5478515712769494e-05,0.00016376632664005862,0.00020768818888328155
1.0349999999999964,0.1,3558,12,4.5569975062398855e-06,1.177657615807989e-05,0.00010579362621483698,0.0002615378971287431,0.0003445984799270954,0.0015142966020224877,0.03284038366385207,19.702079820123668,0.11242270938729623,3.5812033495881824e-05,0.0001532118339680094,0.0001978080488314049
1.0359999999999963,0.1,3558,12,4.64119476267619e-06,1.2854070240649422e-05,0.00010543604274380948,0.0002518995524593719,0.0003453592566068111,0.001575045772201496,0.030151993519565642,19.702079820123668,0.19673974142776843,3.7261893139611674e-05,0.0001423817055348146,0.00018786231774470252
1.0369999999999961,0.1,3558,12,4.719002099886922e-06,1.4784603495162587e-05,0.00010096086814722994,0.0002430188005685984,0.0003465691521013497,0.0017741512513641683,0.026863427147814492,19.702079820123668,0.19673974142776843,3.971973089123701e-05,0.00013154920715078487,0.0001781334911719057
1.037999999999996,0.1,3558,12,4.790598207941186e-06,1.705453597063203e-05,9.979664650615081e-05,0.0002350896739376752,0.00034729795980159166,0.0019321302119778626,0.02307463189061973,19.702079820123668,0.19673974142776843,4.180776125646852e-05,0.00012097723103383509,0.00016890804871749765
1.038999999999996,0.1,3558,12,4.8559160913085195e-06,1.9961582185334027e-05,9.48968712340349e-05,0.00022827537972933774,0.00034670782119729254,0.0020234176231521605,0.020303050747347708,19.702079820123668,0.2810567734682406,4.345687243462515e-05,0.00011053282337776064,0.00016045794174246453
1.0399999999999958,0.1,3558,12,4.915131644538575e-06,2.124593339678616e-05,9.142690704730748e-05,0.00022269636791694646,0.0003455507284545449,0.0020547884116953355,0.020679757290868964,19.702079820123668,0.2810567734682406,4.4609454870622755e-05,0.00010062139427600773,0.0001530257638151511
1.0409999999999957,0.1,3558,12,4.968268934290972e-06,2.4510943675994786e-05,8.831803615936479e-05,0.00021842415867506858,0.0003458511861388435,0.0021879786550900128,0.021917107334725402,19.702079820123668,0.2810567734682406,4.522120806267944e-05,9.448229051004055e-05,0.00014681183326814562
1.0419999999999956,0.1,3558,12,5.015504411005935e-06,2.7808005775359312e-05,8.392229717210081e-05,0.0002154783586757075,0.00034845219882807615,0.002305595571872858,0.022331953957387216,19.702079820123668,0.2810567734682406,4.5262998758662404e-05,9.042686358846241e-05,0.00014196172875813318
1.0429999999999955,0.1,3558,12,5.057007988871022e-06,2.9909648395462258e-05,8.116222025155493e-05,0.0002138322373865429,0.00035356007411863115,0.002340821479260525,0.02194493959355322,19.702079820123668,0.2810567734682406,4.5262998758662404e-05,8.727650370163495e-05,0.00013855966532005937
1.0439999999999954,0.1,3558,12,5.093055444012368e-06,3.162048893980664e-05,7.69039425311526e-05,0.00021342136026676227,0.00036134152062498415,0.0024376943334993234,0.020842422796897478,19.702079820123668,0.5059021922428331,4.5262998758662404e-05,8.615010345051793e-05,0.00013662561639549153
1.0449999999999953,0.1,3558,12,5.1241659821399456e-06,3.2377630723335226e-05,7.527164556501353e-05,0.0002141519464250978,0.00037073075495120165,0.0024698652017236078,0.019317158134192623,19.702079820123668,0.5902192242833052,4.5262998758662404e-05,8.524670710286911e-05,0.0001361159167920789
1.0459999999999952,0.1,3558,12,5.151172166176331e-06,3.222324137140348e-05,7.247245040996953e-05,0.0002159093929037373,0.0003811137924820562,0.0024798134163140652,0.020986110726645326,19.702079820123668,0.5902192242833052,4.5262998758662404e-05,8.47061271703329e-05,0.00013692920388663765
1.046999999999995,0.1,3558,12,5.175308197396738e-06,3.2952870610521296e-05,7.102245369965959e-05,0.00021856451360645763,0.00039278217582433767,0.0025201404569381554,0.021713380497214295,19.702079820123668,0.7026419336706015,4.5262998758662404e-05,8.396711653188957e-05,0.00013891564291057534
1.047999999999995,0.1,3558,12,5.198324861274426e-06,3.220473059027687e-05,7.025199218586213e-05,0.00022197812642303785,0.000404991580518488,0.0025956091898195442,0.021545225172809882,19.702079820123668,0.7026419336706015,4.5262998758662404e-05,8.483042887058794e-05,0.00014188887802291106
1.0489999999999948,0.1,3558,12,5.222520773585958e-06,3.205596070405177e-05,6.810599992517677e-05,0.00022600549967052982,0.0004164008430838978,0.002633300510745559,0.020570605558661057,19.702079820123668,0.7026419336706015,4.5262998758662404e-05,8.75026711061321e-05,0.0001456402114285993
1.0499999999999947,0.1,3558,12,5.250556757945207e-06,3.1949779302762657e-05,6.742332792165712e-05,0.00023050090894666505,0.0004268021992721608,0.00263344342383743,0.018910819036283742,19.702079820123668,0.7026419336706015,4.5262998758662404e-05,9.081271639080673e-05,0.00014995306896636862
1.0509999999999946,0.1,3558,12,5.284828146984414e-06,3.230048537121069e-05,6.64651069912569e-05,0.0002353231002195653,0.0004356899567966897,0.0026325246957508686,0.019282346318194938,19.702079820123668,0.7588532883642496,4.5262998758662404e-05,9.465354597892076e-05,0.0001546169427868449
1.0519999999999945,0.1,3558,12,5.326798595748434e-06,3.199468244735508e-05,6.471122863425626e-05,0.00024034114642180936,0.0004415672752369873,0.002683987067857758,0.019843453460572494,19.78639685216414,0.8431703204047217,4.5262998758662404e-05,9.891808614297199e-05,0.00015943966072740068
1.0529999999999944,0.1,3558,12,5.376755575399701e-06,3.311868144348548e-05,6.346970946331133e-05,0.0002454397080365815,0.0004437716355761253,0.002658260191993088,0.019939350516493495,19.78639685216414,0.8431703204047217,4.5262998758662404e-05,0.00010349898596989133,0.0001642567925053129
1.0539999999999943,0.1,3558,12,5.43424850964445e-06,3.3473662689889606e-05,6.24997625779582e-05,0.00025052309773633606,0.0004431669635992526,0.002670716328479255,0.019574584578001496,19.78639685216414,0.8431703204047217,4.5262998758662404e-05,0.00010828841695791037,0.0001689378967419941
1.0549999999999942,0.1,3558,12,5.498508010984107e-06,3.275107176350125e-05,6.206411026416091e-05,0.00025551709445998603,0.0004419349222883634,0.0027050585223712155,0.018764212344141107,19.78639685216414,0.983698707138842,4.5262998758662404e-05,0.00011336317564481231,0.00017338915785458653
1.055999999999994,0.1,3558,12,5.568912270318934e-06,3.2831659302449134e-05,6.064579436576567e-05,0.0002603681806006676,0.0004423307016262392,0.002695560564916541,0.017537266111872042,19.78639685216414,1.0961214165261384,4.5262998758662404e-05,0.00011863832103301224,0.00017755244762085454
1.056999999999994,0.1,3558,12,5.6437456751486175e-06,3.272587358390251e-05,5.984266347298623e-05,0.00026504050649676057,0.0004444852045739753,0.002758957341908586,0.015939636017852046,19.78639685216414,1.0961214165261384,4.5262998758662404e-05,0.00012380273361909863,0.0001814014177803358
1.0579999999999938,0.1,3558,12,5.720436580216724e-06,3.3712149306955165e-05,5.933337747713366e-05,0.00026951089146037615,0.00044768540550301216,0.002740133180227319,0.014036509349244945,19.78639685216414,1.0961214165261384,4.5262998758662404e-05,0.00012873509708190848,0.00018493516057915826
1.0589999999999937,0.1,3558,12,5.799968525169941e-06,3.368850276211335e-05,5.8944072250791115e-05,0.0002737627800578911,0.00045162913131567805,0.002767517148691846,0.011915303071672887,19.78639685216414,1.0961214165261384,4.5262998758662404e-05,0.0001333242716615506,0.00018817035509499647
1.0599999999999936,0.1,3558,12,5.881551055836723e-06,3.352632365649552e-05,5.8778164285916155e-05,0.0002777801728731612,0.0004564555981447867,0.002780948288036724,0.009894606801861562,19.78639685216414,1.2366498032602586,4.5262998758662404e-05,0.0001374741168717614,0.00019113294471395648
1.0609999999999935,0.1,3558,12,5.963777635906551e-06,3.392281602768014e-05,5.762118373912543e-05,0.00028154230820357943,0.00046271241617155127,0.002784501384054824,0.010505096730358666,19.78639685216414,1.2366498032602586,4.5262998758662404e-05,0.00014104820475417069,0.0001938501866227682
1.0619999999999934,0.1,3558,12,6.0462422405344775e-06,3.36814003625325e-05,5.7021567286292263e-05,0.0002850199137196387,0.0004717865724555777,0.0027597074147467293,0.011579212948582765,19.78639685216414,1.2366498032602586,4.5262998758662404e-05,0.00014400641555632307,0.0001963439459657934
1.0629999999999933,0.1,3558,12,6.128398075309347e-06,3.407654593405849e-05,5.661006023175333e-05,0.00028817349833050985,0.000481701293215025,0.002789980353909499,0.012598823297987644,19.78639685216414,1.2366498032602586,4.5262998758662404e-05,0.0001464034351817287,0.00019862587202368331
1.0639999999999932,0.1,3558,12,6.2125852671663146e-06,3.4407895615752816e-05,5.683255471999713e-05,0.000290953785871524,0.0004915433289066564,0.00284459899298993,0.013478962523339997,19.78639685216414,1.2928611579539067,4.5262998758662404e-05,0.0001482365996024915,0.00020069476757811344
1.064999999999993,0.1,3558,12,6.29889809927098e-06,3.4196447349671544e-05,5.618351751436643e-05,0.0002933042270091679,0.0005006175272318347,0.0029005198124185437,0.014150357260995911,19.78639685216414,1.2928611579539067,4.5262998758662404e-05,0.00014952586772922467,0.00020253628199995433
1.065999999999993,0.1,3558,12,6.386970068898028e-06,3.4527385574545724e-05,5.580099638497608e-05,0.00029516520708780964,0.0005087687215184793,0.002932389103312714,0.0145578748067623,19.78639685216414,1.2928611579539067,4.5262998758662404e-05,0.0001503114511421413,0.0002041247454158679
1.0669999999999928,0.1,3558,12,6.478064734345017e-06,3.458991713639446e-05,5.612120000630224e-05,0.000296479393524853,0.0005149170629314235,0.002886110369121789,0.014661897750442852,19.78639685216414,1.3490725126475547,4.5262998758662404e-05,0.00015065006173838608,0.0002054267207043381
1.0679999999999927,0.1,3558,12,6.571570232372536e-06,3.506115895749289e-05,5.7537613676871514e-05,0.00029719762539462814,0.0005194077103288325,0.0029288336278826786,0.01444129338174256,19.78639685216414,1.4614952220348512,4.5262998758662404e-05,0.00015061010721619924,0.00020640573357155745
1.0689999999999926,0.1,3558,12,6.6671544404462925e-06,3.4699348776855136e-05,5.9652944465192236e-05,0.0002972846684743875,0.0005220219224179551,0.0029047829884265705,0.01432120484563189,19.78639685216414,1.5458122540753232,4.5262998758662404e-05,0.0001502662467685278,0.00020702751336543201
1.0699999999999925,0.1,3558,12,6.764851610687733e-06,3.498145715963163e-05,6.165074438040689e-05,0.0002967242178678187,0.0005228147133537508,0.002911586396997037,0.014526595386736313,19.78639685216414,1.6863406408094435,4.5262998758662404e-05,0.00014969378284576974,0.00020726507549184703
1.0709999999999924,0.1,3558,12,6.86519880250604e-06,3.5261716782272466e-05,6.26455026992735e-05,0.0002955226431532534,0.0005241783376937832,0.0030128974243166457,0.01432904141583292,19.78639685216414,1.8268690275435637,4.5262998758662404e-05,0.0001489633830459916,0.00020710306058902006
1.0719999999999923,0.1,3558,12,6.968258271112663e-06,3.519128414746886e-05,6.39801784071148e-05,0.0002937110787233051,0.0005269582182912624,0.0029450213151971387,0.013746206154725464,19.78639685216414,1.8268690275435637,4.5262998758662404e-05,0.00014813656660761157,0.00020654084909210724
1.0729999999999922,0.1,3558,12,7.072925755075078e-06,3.548534921897289e-05,6.478632875031786e-05,0.00029134565102172956,0.0005297169371102058,0.002911207483238091,0.012805527737999357,19.78639685216414,1.8268690275435637,4.5262998758662404e-05,0.00014726231077647262,0.00020559415310827944
1.073999999999992,0.1,3558,12,7.178264463241576e-06,3.588940252514608e-05,6.551011188951496e-05,0.0002885058174418094,0.000532234070828487,0.0029109657244916183,0.011542733047531992,19.78639685216414,1.8268690275435637,4.5262998758662404e-05,0.00014637501664656948,0.0002042949827796292
1.074999999999992,0.1,3558,12,7.28267717321708e-06,3.592628247497256e-05,6.625332965241947e-05,0.00028529095689222393,0.0005333618247773333,0.002901806758099611,0.010728997526025684,19.78639685216414,1.8268690275435637,4.5262998758662404e-05,0.00014549393089000184,0.00020269006125062106
1.0759999999999919,0.1,3558,12,7.386876766129916e-06,3.6142283721355147e-05,6.561289955406033e-05,0.00028181552504944114,0.0005331385068802655,0.0029264125532064695,0.009885589695071546,19.78639685216414,1.8268690275435637,4.5262998758662404e-05,0.00014462398865402939,0.00020083793820901974
1.0769999999999917,0.1,3558,12,7.491943700024388e-06,3.6125091736851795e-05,6.567310968723672e-05,0.0002782032036430667,0.0005331013817698699,0.0028982552042704068,0.009686518688293113,19.78639685216414,1.8268690275435637,4.5262998758662404e-05,0.00014375791566705992,0.00019880517529102804
1.0779999999999916,0.1,3558,12,7.594956167428543e-06,3.614910482102715e-05,6.538154957940425e-05,0.00027458054191686047,0.0005345005788617905,0.0028588941075292575,0.00948942320419629,19.78639685216414,2.0236087689713322,4.5262998758662404e-05,0.00014287932110097111,0.0001966620455071677
1.0789999999999915,0.1,3558,12,7.696740707236356e-06,3.6508247367016055e-05,6.54699337430121e-05,0.00027107061590792144,0.00053657159675836,0.002769726795938325,0.009115852542734866,19.78639685216414,2.0236087689713322,4.5262998758662404e-05,0.00014196644434570242,0.00019447821345153216
1.0799999999999914,0.1,3558,12,7.797262130269176e-06,3.649516921155393e-05,6.55404612943707e-05,0.0002677871892336097,0.000538879757302397,0.002782453516497554,0.008567047664563367,19.78639685216414,2.0236087689713322,4.5262998758662404e-05,0.00014099617952007033,0.00019231882410863932
1.0809999999999913,0.1,3558,12,7.894815350549276e-06,3.6734725776775746e-05,6.5603531996949e-05,0.000264829774369351,0.0005436694067302544,0.002850755465527728,0.008696374676392195,19.78639685216414,2.1079258010118047,4.5262998758662404e-05,0.00014000305306753909,0.00019024134630640788
1.0819999999999912,0.1,3558,12,7.989258752661519e-06,3.6423248381380154e-05,6.565659765650723e-05,0.0002622798765161408,0.0005497717862904798,0.002906213081706618,0.009701523355909203,19.78639685216414,2.1922428330522767,4.5262998758662404e-05,0.00013918918716870822,0.00018829340677584128
1.082999999999991,0.1,3558,12,8.080417121831788e-06,3.588854247489847e-05,6.517556947957432e-05,0.0002601985577106262,0.0005558559613339147,0.0029638390903924203,0.010804061040699475,19.78639685216414,2.1922428330522767,4.5262998758662404e-05,0.0001381233374291152,0.0001865117175334774
1.083999999999991,0.1,3558,12,8.167088849541236e-06,3.616272049024026e-05,6.441073070016821e-05,0.0002586253209346599,0.0005617964720093754,0.0029271956029583873,0.011590937355944115,19.78639685216414,2.2765598650927488,4.5262998758662404e-05,0.00013679885341034845,0.00018492206852727122
1.0849999999999909,0.1,3558,12,8.249279159599508e-06,3.591938135730371e-05,6.387894992415091e-05,0.0002575781964045868,0.0005678635241006505,0.0028495905221956642,0.012045972536241225,19.78639685216414,2.332771219786397,4.5262998758662404e-05,0.000135232087702975,0.00018354024193101282
1.0859999999999908,0.1,3558,12,8.328262860801008e-06,3.600847834150464e-05,6.337198654167335e-05,0.00025705482566567233,0.0005737548119557111,0.0027831282672500235,0.012170896436752164,19.78639685216414,2.332771219786397,4.5262998758662404e-05,0.00013346155387683922,0.0001823736123540698
1.0869999999999906,0.1,3558,12,8.406552201401e-06,3.553809545713668e-05,6.239609170975661e-05,0.0002570342997857588,0.0005791682063816638,0.0028780827169176248,0.01198364073758824,19.78639685216414,2.332771219786397,4.5262998758662404e-05,0.00013189939911439997,0.00018142314311475616
1.0879999999999905,0.1,3558,12,8.486196685168923e-06,3.55706041750233e-05,6.129551843937639e-05,0.00025747950885260444,0.0005848507065971,0.002860641783975861,0.011515485762395758,19.78639685216414,2.4732996065205173,4.5262998758662404e-05,0.00013046021631366928,0.00018068547300487126
1.0889999999999904,0.1,3558,12,8.56781430685472e-06,3.561029278522651e-05,6.043006334504396e-05,0.0002583397913819989,0.0005892795349015499,0.002872507166034478,0.010819108772687637,19.78639685216414,2.4732996065205173,4.5262998758662404e-05,0.00012910156461251233,0.000180154808937516
1.0899999999999903,0.1,3558,12,8.650144796842192e-06,3.553445958737557e-05,5.894994635463504e-05,0.0002595537241499237,0.0005930374734910994,0.00291350997390559,0.010528928269131271,19.78639685216414,2.641933670601462,4.5262998758662404e-05,0.00012787352588245718,0.00017982439546671003
1.0909999999999902,0.1,3558,12,8.734089929526514e-06,3.56631655146147e-05,5.761356414199839e-05,0.00026105194608298067,0.0005960451949164715,0.0028619488586799227,0.009958343562154501,19.78639685216414,2.810567734682406,4.5262998758662404e-05,0.00012682395686259456,0.00017968741089546825
1.09199999999999,0.1,3558,12,8.820753375610894e-06,3.555927063406838e-05,5.6924332444866434e-05,0.0002627599529278479,0.0005977707768174735,0.0028532504723658425,0.009142846294884384,19.78639685216414,2.810567734682406,4.5262998758662404e-05,0.00012599131737622572,0.00017973723119268925
1.09299999999999,0.1,3558,12,8.909952422344668e-06,3.545720859665654e-05,5.6495100320619705e-05,0.0002646008271212184,0.000598346508458112,0.0028679501916824873,0.008505848975767132,19.842608206857783,2.810567734682406,4.5262998758662404e-05,0.00012533156209585544,0.00017996709657097654
1.0939999999999899,0.1,3558,12,9.000930732146244e-06,3.5264434874236705e-05,5.5353216595638015e-05,0.00026649787601273894,0.0005978738741624257,0.0028311291601880494,0.008996987059057212,19.842608206857783,2.810567734682406,4.5262998758662404e-05,0.00012496326716040715,0.00018036929836284799
1.0949999999999898,0.1,3558,12,9.09330554373591e-06,3.551668954881136e-05,5.510944944953105e-05,0.000268377146209075,0.0005983064880392648,0.002752879993432075,0.0093094936893683,19.842608206857783,2.866779089376054,4.5262998758662404e-05,0.00012489895944984438,0.00018093406708530324
1.0959999999999896,0.1,3558,12,9.18679150943504e-06,3.546223786348869e-05,5.4167494881908976e-05,0.0002701697694016358,0.0006005498101503343,0.0027181368912427037,0.00942790744510377,19.842608206857783,2.951096121416526,4.5262998758662404e-05,0.0001251366312075182,0.00018164837984713245
1.0969999999999895,0.1,3558,12,9.282427544686717e-06,3.504951552088752e-05,5.3394302846944826e-05,0.0002718140818487021,0.0006040681650624113,0.0027147750966959663,0.00934296929149554,19.898819561551434,3.1197301854974704,4.5262998758662404e-05,0.00012565985065037262,0.00018249491257904538
1.0979999999999894,0.1,3558,12,9.380227517199765e-06,3.4928646502849616e-05,5.333914722586608e-05,0.0002732574523183787,0.0006082887231474569,0.0026726421057241905,0.009174053624519694,19.898819561551434,3.1197301854974704,4.5262998758662404e-05,0.00012643877866871074,0.00018345134068198377
1.0989999999999893,0.1,3558,12,9.480046827955971e-06,3.481772711746788e-05,5.30112706831083e-05,0.00027445775535262526,0.0006129924122329556,0.0027016697477178723,0.00887572397208361,19.898819561551434,3.1197301854974704,4.5262998758662404e-05,0.0001274319854943014,0.00018449014469368308
1.0999999999999892,0.1,3558,12,9.581126253323468e-06,3.4619871357964754e-05,5.246103384467508e-05,0.00027538443787359875,0.0006189261859820264,0.0026584900100766326,0.008431173259580807,19.898819561551434,3.204047217537943,4.5262998758662404e-05,0.0001285889137625387,0.00018557901159255152
1.100999999999989,0.15,3546,24,9.260522357204308e-06,3.4332694812979e-05,4.6328645622609974e-05,0.00011797633352700812,0.0006368693455494794,0.0027591069482964282,0.010426615180313015,19.96615905245347,3.4122955442752394,4.5262998758662404e-05,8.666737024189118e-05,0.00010340545081888308
1.101999999999989,0.15,3546,24,9.3846253257394e-06,3.446438507775764e-05,4.668862159197562e-05,0.00012938654885325852,0.0006688056281625882,0.0027467972691926157,0.02864290826251848,19.96615905245347,3.5815002820078963,4.5262998758662404e-05,8.912410652593373e-05,0.0001105447733671383
1.1029999999999889,0.15,3546,24,9.528455083516692e-06,3.446684892348495e-05,4.6597533915228186e-05,0.00014873452562888425,0.0006998649076749546,0.0027439853101932136,0.04470754994713457,19.96615905245347,3.807106598984772,4.5262998758662404e-05,9.448432456448461e-05,0.00012233965668073665
1.1039999999999888,0.15,3546,24,9.694737103392369e-06,3.465284590337597e-05,4.651689471090226e-05,0.00017522276685948162,0.0007297827233906049,0.002787917313846224,0.05811998432766807,19.96615905245347,3.919909757473209,4.5262998758662404e-05,0.00010302377427407996,0.0001378970351382236
1.1049999999999887,0.15,3546,24,9.884614359342053e-06,3.443131066070501e-05,4.636094634963287e-05,0.00020752996864681472,0.0007580441636201978,0.0027974049093078407,0.06857088238991783,19.96615905245347,4.004512126339538,4.5262998758662404e-05,0.00011489037570802801,0.00015612822488719758
1.1059999999999885,0.15,3546,24,1.0096384436125806e-05,3.441406685080182e-05,4.670431756101177e-05,0.00024385468920969493,0.0007844324349321521,0.0027821923165966675,0.07611884948456119,19.96615905245347,4.004512126339538,4.5262998758662404e-05,0.00013001430586756803,0.00017581601652238987
1.1069999999999884,0.15,3546,24,1.0331324030417073e-05,3.403866890042189e-05,4.745597914767592e-05,0.00028273339568322085,0.0008103040999151434,0.002779468590408997,0.08111946300855732,19.96615905245347,4.004512126339538,4.5262998758662404e-05,0.00014820863271122726,0.00019616077901218887
1.1079999999999883,0.15,3546,24,1.0587007338640906e-05,3.41825512488504e-05,4.941405265854899e-05,0.00032268466102312334,0.0008336581823121718,0.002802264499896603,0.08403486033421208,19.96615905245347,4.173716864072194,4.5262998758662404e-05,0.00016905974290758088,0.00021652462261911865
1.1089999999999882,0.15,3546,24,1.0860889810066316e-05,3.388064451479824e-05,5.241964917243828e-05,0.0003624292359828802,0.0008576098077323762,0.002769160075187801,0.08544165499364072,19.96615905245347,4.39932318104907,4.5262998758662404e-05,0.00019199034591468121,0.0002365554804626413
1.109999999999988,0.15,3546,24,1.115240139078936e-05,3.368381627636564e-05,5.603302962163945e-05,0.0004011445619197772,0.0008796582392362671,0.0027608197600029996,0.08587531217885915,19.96615905245347,4.455724760293289,4.5262998758662404e-05,0.00021636771281418444,0.0002563111351356895
1.110999999999988,0.15,3546,24,1.1458707333859336e-05,3.357308631025275e-05,6.237377588882721e-05,0.0004381437377011001,0.0008992740867018824,0.0027864569653921856,0.08572624487207911,19.96615905245347,4.540327129159617,4.5262998758662404e-05,0.0002368008279055927,0.000275976713851378
1.1119999999999879,0.15,3546,24,1.1777116592515249e-05,3.36491568088113e-05,6.96537428984628e-05,0.00047302974519942525,0.0009162536842342319,0.0027912594388635934,0.0852418132599418,19.96615905245347,4.709531866892273,4.5262998758662404e-05,0.0002551759791295438,0.0002958868253628566
1.1129999999999878,0.15,3546,24,1.2105566963967636e-05,3.330217836108263e-05,7.815645230065446e-05,0.000505675179901493,0.0009301036437734139,0.0028241951072630824,0.0844680597274501,19.96615905245347,4.709531866892273,4.5262998758662404e-05,0.0002686084577836473,0.0003164274049893834
1.1139999999999877,0.15,3546,24,1.2441434770866143e-05,3.3524050555001604e-05,8.846951673107226e-05,0.0005359847732176129,0.0009414376336201411,0.0027777141163226344,0.0832982488136813,19.96615905245347,4.906937394247039,4.5262998758662404e-05,0.00028222129839410725,0.00033782020222972164
1.1149999999999876,0.15,3546,24,1.2783415096174851e-05,3.355889873294589e-05,9.946430607749346e-05,0.0005639882884885071,0.0009518101372723623,0.0028265045216038253,0.08154926111679962,19.96615905245347,4.963338973491258,4.5262998758662404e-05,0.00029628985798853843,0.00036014637782599834
1.1159999999999874,0.15,3546,24,1.3131280155261923e-05,3.35652916250995e-05,0.00010908049702410465,0.0005897410683443875,0.0009608499754463747,0.0027737654243692247,0.0789619084022482,19.96615905245347,5.019740552735477,4.5262998758662404e-05,0.00031083506749164983,0.0003832780867440988
1.1169999999999873,0.15,3546,24,1.3484119892231454e-05,3.372952205985537e-05,0.00012107133902467188,0.0006132163786355711,0.0009687100435057348,0.0027509485649327564,0.07532486209751246,19.96615905245347,5.442752397067118,4.5262998758662404e-05,0.0003271051114097,0.00040684536112678416
1.1179999999999872,0.15,3546,24,1.3842355947227875e-05,3.378754748136368e-05,0.00013610774286847607,0.000634360483385134,0.0009753766617354536,0.002734497617371749,0.0705186764010738,19.96615905245347,5.470953186689227,4.917396941755466e-05,0.00034425629830499847,0.00043033049445995175
1.1189999999999871,0.15,3546,24,1.4206304310700558e-05,3.390726381958906e-05,0.00014804776370873753,0.0006530371226607681,0.0009817178194006947,0.002733039154022821,0.06449369425743237,19.96615905245347,5.696559503666103,5.540456717990955e-05,0.0003604542398823098,0.00045309239193258577
1.119999999999987,0.15,3546,24,1.4576231756913896e-05,3.40615476285861e-05,0.00015630321249852062,0.0006690578196485263,0.0009876879164296651,0.002760531554213271,0.057343183827407954,19.96615905245347,5.80936266215454,5.963349998416754e-05,0.0003752210648657887,0.0004744489798085283
1.120999999999987,0.15,3546,24,1.4953330160848362e-05,3.415486326791869e-05,0.00016411519520882005,0.0006822584001922921,0.000993100314755826,0.002833148799856496,0.04929414159254481,19.96615905245347,5.80936266215454,6.194408905474925e-05,0.0003884492892237869,0.0004937805335423207
1.1219999999999868,0.15,3546,24,1.5338362773375723e-05,3.431329793275409e-05,0.00017555120970887407,0.0006925066246916587,0.0009984690402186612,0.0028327566979480462,0.04066755516552328,19.96615905245347,5.80936266215454,6.234189583223916e-05,0.00040027150280679636,0.000510569771204672
1.1229999999999867,0.15,3546,24,1.573198854880228e-05,3.429236829603952e-05,0.00018123445494241437,0.0006997608707116598,0.001003808940872654,0.0028885776376410552,0.03184101335928108,19.96615905245347,5.80936266215454,6.674000029298954e-05,0.00041053964215678957,0.0005244601492186973
1.1239999999999866,0.15,3546,24,1.6133453613159326e-05,3.453128753575665e-05,0.00018846212202706133,0.0007041015320034714,0.0010075876275667617,0.002928579998885096,0.027228024937331317,19.96615905245347,6.063169768753525,7.125586061036694e-05,0.00041914186407708906,0.0005352805284459805
1.1249999999999865,0.15,3546,24,1.654258193136956e-05,3.453762397731378e-05,0.00019275480965499675,0.0007057120242654646,0.0010092216455481907,0.0030344587939408474,0.025379005312582678,19.96615905245347,6.260575296108291,7.556759718559482e-05,0.00042887905363228363,0.0005430238328187897
1.1259999999999863,0.15,3546,24,1.695656891552947e-05,3.5036229383809156e-05,0.0002028048235989532,0.0007048763075169178,0.0010094235502532737,0.003078866176619383,0.022681724889589767,19.96615905245347,6.260575296108291,7.976214991264065e-05,0.0004397680786434152,0.0005478308481556837
1.1269999999999862,0.15,3546,24,1.737227256934396e-05,3.502833299865956e-05,0.00021194941205237983,0.0007019417436113296,0.00100946236620964,0.0031400991873800715,0.02259276511893123,19.96615905245347,6.429780033840947,8.391045938569886e-05,0.0004484352376074702,0.0005534701758982408
1.1279999999999861,0.15,3546,24,1.7787867416030718e-05,3.519657246080165e-05,0.00022247762214633096,0.0006972714677245058,0.0010138283386698682,0.0033076031818354192,0.022314786347090994,19.96615905245347,6.570783981951495,8.805448148138271e-05,0.0004545413250441223,0.0005577521171460376
1.128999999999986,0.15,3546,24,1.820171376033588e-05,3.626558477045339e-05,0.00023033279721016605,0.0006912169552327525,0.0010181931818292957,0.0033948759501186967,0.021291754735909708,19.96615905245347,6.655386350817823,9.22053578532011e-05,0.00045786982011286116,0.0005586874656309249
1.129999999999986,0.15,3546,24,1.8613133315287476e-05,3.6916446080922956e-05,0.0002346461371346176,0.0006840824014262371,0.0010232484698953096,0.003491194436181164,0.020258233230511926,19.96615905245347,6.768189509306261,9.633996818988304e-05,0.00045836078360314976,0.0005563888806818795
1.1309999999999858,0.15,3546,24,1.9021528679369783e-05,3.7878754644757564e-05,0.00024079491453172207,0.0006761067082146833,0.0010305899679804115,0.003645423721864477,0.020523805050191184,20.022560631697687,6.768189509306261,0.00010040577535116545,0.00045612141115885174,0.0005511377740390344
1.1319999999999857,0.15,3546,24,1.9425860916257454e-05,4.138593817901021e-05,0.00024632791784684265,0.0006674649727429614,0.0010374204656884655,0.003738679804016697,0.02252374628892849,20.022560631697687,6.880992667794699,0.000104332140153555,0.0004514130190504028,0.0005433476043137375
1.1329999999999856,0.15,3546,24,1.9826883500385508e-05,4.543867777798216e-05,0.00025398076251834594,0.000658271657268309,0.0010453032293284911,0.0038600574813946846,0.023766502182566346,20.022560631697687,7.0783981951494646,0.00010804677634472276,0.00044461825227811054,0.0005335132305610557
1.1339999999999855,0.15,3546,24,2.0222694966384832e-05,4.911632200679949e-05,0.00025954675133159154,0.0006485979230110144,0.0010551893704304873,0.003914943808882057,0.025545409898104356,20.022560631697687,7.0783981951494646,0.00011148146588776036,0.0004361952569558392,0.0005221553392225076
1.1349999999999854,0.15,3546,24,2.061328190443382e-05,5.3108687512840977e-05,0.0002617986367291481,0.0006384922327766424,0.001066488809969262,0.003945135208100673,0.02760730771612305,20.022560631697687,7.0783981951494646,0.00011457755505643789,0.00042662695328677525,0.0005097689646405001
1.1359999999999852,0.15,3546,24,2.099655867756726e-05,5.698695746254493e-05,0.0002624328891289373,0.0006279954038535846,0.0010786076863131126,0.003993273101264159,0.029251762109973708,20.022560631697687,7.1912013536379025,0.0001172867094661957,0.0004163736499371601,0.0004967836315117324
1.1369999999999851,0.15,3546,24,2.137382113093792e-05,6.0852431876102256e-05,0.00026249403414715103,0.0006171560190818924,0.0010899087222953627,0.003930045160430606,0.030409361702202063,20.022560631697687,7.3322053017484485,0.00011957170817521561,0.00040583529451697516,0.00048353963843439374
1.137999999999985,0.15,3546,24,2.174419657216758e-05,6.542007109491588e-05,0.00026192413371941463,0.0006060380836501,0.0010999123976348356,0.0040751283022144764,0.031021964732202943,20.022560631697687,7.670614777213762,0.00012140256069046749,0.00039532730045935223,0.0004716100473736162
1.138999999999985,0.15,3546,24,2.2107011981098707e-05,7.173157114222804e-05,0.0002606564312861599,0.0005947215038316109,0.0011093261681675085,0.004088599577237487,0.0322105070997969,20.022560631697687,7.75521714608009,0.00012275154557381328,0.0003850713916590025,0.00046049019120886214
1.1399999999999848,0.15,3546,24,2.2462512585904633e-05,7.54998631328114e-05,0.00025823565305112213,0.0005833004048057302,0.001118433852560138,0.004301386455193354,0.03345979219761468,20.022560631697687,7.75521714608009,0.00012358922848752584,0.00037520013047884367,0.0004495029202118417
1.1409999999999847,0.15,3546,24,2.281038947367351e-05,8.093846973966466e-05,0.00025491833270352703,0.0005718769025306133,0.001127802145426777,0.004456506565337795,0.03421537367071014,20.022560631697687,8.206429780033842,0.00012387994028753536,0.0003657717076406281,0.0004388176659091414
1.1419999999999846,0.15,3546,24,2.3150453403036426e-05,8.630331572132157e-05,0.00025146458676792794,0.0005605544590427841,0.001137580907010516,0.004611678489712839,0.03445533193216267,20.022560631697687,8.375634517766498,0.00012387994028753536,0.0003572609126335019,0.0004285718399721361
1.1429999999999845,0.15,3546,24,2.3481133902089064e-05,9.037773325418493e-05,0.0002455544681667881,0.0005494333028318721,0.0011474962238275579,0.00459638681009075,0.03417937219456185,20.107163000564015,8.460236886632826,0.00012387994028753536,0.0003519563954930658,0.0004188632084911603
1.1439999999999844,0.15,3546,24,2.380280040416905e-05,9.617203832923168e-05,0.0002376449446648449,0.0005386067906838558,0.0011575672738943145,0.004721783810018693,0.03339777339113906,20.107163000564015,8.516638465877044,0.00012387994028753536,0.0003470299540212865,0.00040974723933828727
1.1449999999999843,0.15,3546,24,2.4116586000311038e-05,0.00010042653291285819,0.0002302410914440023,0.0005281608742957199,0.001166453988345286,0.0047584396045078975,0.03212354190961961,20.107163000564015,8.685843203609702,0.00012387994028753536,0.0003424087641456316,0.00040124098576299616
1.1459999999999841,0.15,3546,24,2.442328619912155e-05,0.00010464133243971869,0.00022268779330045278,0.0005181758803698244,0.0011728625262636373,0.004817528903386114,0.030369900078679058,20.107163000564015,8.826847151720248,0.00012387994028753536,0.0003380087630789344,0.0003933322960349983
1.146999999999984,0.15,3546,24,2.4721895540734647e-05,0.00010747871036223226,0.00021454642056712082,0.0005087290083237096,0.0011770644588136488,0.004906502724439401,0.028152505486777887,20.107163000564015,8.826847151720248,0.00012387994028753536,0.0003337434028142115,0.0003859918708073451
1.147999999999984,0.15,3546,24,2.5015423066419855e-05,0.00011170020070061191,0.00020685829628623142,0.0004998975553481741,0.0011809577415730452,0.004866583864403145,0.025494019745213564,20.163564579808234,8.911449520586578,0.00012387994028753536,0.00032941614413960755,0.00037918645333334666
1.1489999999999838,0.15,3546,24,2.53029609206512e-05,0.0001144134321349166,0.00019959002859506404,0.0004917609893760205,0.0011836857006940794,0.00483900286461353,0.02242858293871286,20.163564579808234,9.052453468697124,0.00012387994028753536,0.00032488404377476425,0.00037289024458431186
1.1499999999999837,0.15,3546,24,2.5583479405410513e-05,0.00011868099633550997,0.00019495644803588816,0.0004844008471445638,0.001187701071053295,0.004748595145210335,0.01917497080797532,20.163564579808234,9.193457416807671,0.00012387994028753536,0.0003203275763547916,0.0003670925582710538
1.1509999999999836,0.15,3546,24,2.5857562106235723e-05,0.00012201433680609376,0.00019101153504694188,0.00047789847174877073,0.0011939769676203701,0.004924013490695196,0.018613614258861752,20.163564579808234,9.278059785674,0.00012387994028753536,0.00031572732683539736,0.0003618010182613318
1.1519999999999835,0.15,3546,24,2.6125300901608614e-05,0.00012439643477503036,0.00018663317029790505,0.0004723301645304551,0.0011996932299588655,0.00495501373710382,0.0176405209486372,20.163564579808234,9.419063733784546,0.00012387994028753536,0.00031108882327201713,0.00035703990951674314
1.1529999999999834,0.15,3546,24,2.6387899465090564e-05,0.00012565735460310813,0.00018185498072049154,0.00046776069237599037,0.001204506609210878,0.004964348055001191,0.01620370758162418,20.163564579808234,9.475465313028765,0.00012387994028753536,0.0003064428738155791,0.00035284470780183597
1.1539999999999833,0.15,3546,24,2.6647121238742747e-05,0.00012657065118016697,0.00017848702253809773,0.000464236541650365,0.0012093164571896995,0.005101651489475315,0.015024308033242777,20.163564579808234,9.475465313028765,0.00012387994028753536,0.00030184422889761403,0.00034925447388545194
1.1549999999999832,0.15,3546,24,2.6905330714945535e-05,0.00012987774138018655,0.00017436455899176118,0.0004617800677506326,0.0012151648380649411,0.005213798229472299,0.01464215014516504,20.163564579808234,9.475465313028765,0.00012387994028753536,0.00029736802223035135,0.00034630377674815804
1.155999999999983,0.15,3546,24,2.7163899365330223e-05,0.00012926359189662206,0.00017117070682737737,0.00046038603856842007,0.001220228615086284,0.00521998439419087,0.014097442903942615,20.163564579808234,9.475465313028765,0.00012387994028753536,0.00029352008534421273,0.00034401601520883673
1.156999999999983,0.15,3546,24,2.7422165099302887e-05,0.00012758205134011494,0.00016836582571289556,0.00046002135552840193,0.0012235574083553098,0.005222603887365474,0.013324058093049028,20.163564579808234,9.644670050761421,0.00012387994028753536,0.00029018536566797695,0.00034239937605917703
1.1579999999999828,0.15,3546,24,2.7680188482278646e-05,0.00012718370496692387,0.00016551214968014513,0.0004606279568321004,0.0012246489292315442,0.005142645896719492,0.01226843835563163,20.163564579808234,9.644670050761421,0.00012387994028753536,0.00028714268358957876,0.00034144588552109667
1.1589999999999827,0.15,3546,24,2.7939576494650894e-05,0.00012644415160858056,0.0001626653869996469,0.0004621284673191529,0.0012258151927694802,0.005047631966756577,0.014801961598825243,20.163564579808234,9.644670050761421,0.00012387994028753536,0.00028442384792182863,0.0003411334283924816
1.1599999999999826,0.15,3546,24,2.820092587393963e-05,0.00012412841415579575,0.00016082078620605124,0.0004644333929485244,0.0012270893659888514,0.005035132209489914,0.016929341169371757,20.163564579808234,9.644670050761421,0.00012387994028753536,0.00028204652731859096,0.0003414298229422741
1.1609999999999825,0.15,3546,24,2.8464521437975162e-05,0.00012301686959719304,0.00015944262419365654,0.0004674484332721313,0.0012291919376134367,0.005005324581561374,0.018507090244310156,20.163564579808234,9.72927241962775,0.00012387994028753536,0.0002800205190879861,0.0003422976673554956
1.1619999999999824,0.15,3546,24,2.8730453463122793e-05,0.00012057802053787619,0.00015789008924532968,0.00047108063352210605,0.0012310422102498383,0.0049769944379629266,0.019542145805953676,20.163564579808234,9.78567399887197,0.00012387994028753536,0.0002783545350621409,0.00034369866268590954
1.1629999999999823,0.15,3546,24,2.899935417133861e-05,0.00011975504190357063,0.00015680828243886107,0.0004752423071833148,0.0012328069139915156,0.004917725114004257,0.020068937043996406,20.163564579808234,9.78567399887197,0.00012387994028753536,0.0002770615290150732,0.0003455962662819445
1.1639999999999822,0.15,3546,24,2.9272353643156707e-05,0.00011780754597785252,0.00015484510270461632,0.0004798522832844542,0.0012361831235183265,0.004804523897793634,0.02014077480548142,20.163564579808234,9.78567399887197,0.00012387994028753536,0.0002767236971177534,0.00034795606539006485
1.164999999999982,0.15,3546,24,2.9550149175059095e-05,0.00011695220570633402,0.00015286327021900268,0.00048483465435173595,0.001241759753214722,0.004815865487082731,0.019820756345080705,20.163564579808234,9.78567399887197,0.00012387994028753536,0.00027746684616291586,0.0003507438847769606
1.165999999999982,0.15,3546,24,2.9832052192459693e-05,0.00011564600449750688,0.0001514722541290417,0.0004901156853032954,0.0012499345608422512,0.0047918636321998154,0.01917336834898303,20.163564579808234,9.78567399887197,0.00012387994028753536,0.0002787583855353245,0.00035392219874097464
1.1669999999999818,0.15,3546,24,3.011825750023701e-05,0.00011534602575393466,0.0001496524910317429,0.000495619980344663,0.001259088254791691,0.004858115470071461,0.01825782140854842,20.163564579808234,9.870276367738297,0.00012387994028753536,0.0002805326034753014,0.00035744590867281545
1.1679999999999817,0.15,3546,24,3.0408269664828205e-05,0.00011411012682320247,0.0001480286954087898,0.000501267113307983,0.001268233957352741,0.004913390317832783,0.017123781297529766,20.163564579808234,9.870276367738297,0.00012387994028753536,0.00028256977436344206,0.00036125873941017517
1.1689999999999816,0.15,3546,24,3.070219491833757e-05,0.00011347149617687778,0.0001457900233251343,0.0005069697797101693,0.0012765470078002841,0.004868497689424082,0.015809835784356494,20.163564579808234,9.954878736604625,0.00012387994028753536,0.0002848408768555384,0.00036529140975005703
1.1699999999999815,0.15,3546,24,3.099972439760481e-05,0.00011348644805512622,0.00014494529493220144,0.0005126342128012289,0.0012836583103453118,0.0048871768563940625,0.015107396648677692,20.163564579808234,10.011280315848843,0.00012387994028753536,0.00028743323133884773,0.0003694624035723848
1.1709999999999814,0.15,3546,24,3.1301569666675286e-05,0.00011277748233283508,0.00014354211626430556,0.0005181630791886183,0.0012896145747921294,0.004946255814933092,0.016018385760209444,20.163564579808234,10.067681895093063,0.00012387994028753536,0.00029029655533220475,0.00037368161019557533
1.1719999999999813,0.15,3546,24,3.160729186690441e-05,0.00011191214037728093,0.00014265177686689372,0.000523460520537228,0.0012933108696419138,0.0049343553360920315,0.01673192484075718,20.163564579808234,10.377890580936267,0.00012387994028753536,0.00029338440580819444,0.0003778564848602173
1.1729999999999812,0.15,3546,24,3.1916702622194534e-05,0.00011128239786378698,0.00014215882787378816,0.0005284385317036019,0.0012974591320332322,0.004874569041915455,0.017200689615060896,20.163564579808234,10.377890580936267,0.00012387994028753536,0.0002966539941738813,0.0003818998260101125
1.173999999999981,0.15,3546,24,3.223030150971633e-05,0.00011126190069527547,0.00014157266547728926,0.0005330235153448117,0.0013036095212886408,0.004823866154307079,0.017392525154372396,20.163564579808234,10.518894529046813,0.00012387994028753536,0.00030006547794171623,0.0003857378624374519
1.174999999999981,0.15,3546,24,3.254943611423094e-05,0.00011109391589504258,0.0001418599254193434,0.0005371617559937603,0.0013121399652708066,0.004769872166914437,0.017294499006037935,20.163564579808234,10.575296108291033,0.00012387994028753536,0.0003035810344574995,0.0003893172066185002
1.1759999999999808,0.15,3546,24,3.287314892629586e-05,0.00011000013269420281,0.00014241993692958867,0.0005408227091615388,0.0013192687884129655,0.004679430060350016,0.016914249264785592,20.21996615905245,10.857304004512127,0.00012387994028753536,0.00030716399838651615,0.0003926093717367962
1.1769999999999807,0.15,3546,24,3.320143697249446e-05,0.00010995125216409889,0.0001441837764334712,0.0005439993715077924,0.0013246992688137566,0.004629715804923066,0.016278740952446996,20.27636773829667,10.913705583756345,0.00012387994028753536,0.00031077825382964144,0.0003956119382273471
1.1779999999999806,0.15,3546,24,3.35346729618135e-05,0.00011034278468210142,0.00014663562435938155,0.0005467055406677451,0.0013284175020975312,0.004573334416362408,0.015431058938310096,20.27636773829667,10.913705583756345,0.00012387994028753536,0.0003143879843311187,0.0003983460331866695
1.1789999999999805,0.15,3546,24,3.3873659611639816e-05,0.00010915823411546336,0.00014927210118582482,0.0005489703548020238,0.0013315849921715815,0.004548608469920509,0.014426183326899992,20.27636773829667,10.913705583756345,0.00012387994028753536,0.00031795777846119487,0.0004008504277592806
1.1799999999999804,0.15,3546,24,3.4219109570588814e-05,0.00010952885828959921,0.00015200432588924654,0.0005508310124369583,0.00133475459513274,0.004563375527868832,0.013326771657883704,20.27636773829667,11.082910321489003,0.00012387994028753536,0.00032145299968400833,0.00040317314819660055
1.1809999999999803,0.15,3546,24,3.457083836707989e-05,0.0001093176454816415,0.0001548036579085034,0.0005523249195124759,0.0013376261663209698,0.004573030944016753,0.012199781008058378,20.27636773829667,11.082910321489003,0.00012387994028753536,0.0003248402870906614,0.00040536193232298956
1.1819999999999802,0.15,3546,24,3.492825076539148e-05,0.00010999545720149444,0.00015764046798774872,0.000553482613851017,0.001339271595126971,0.004525367039720511,0.011114263093924947,20.27636773829667,11.082910321489003,0.00012387994028753536,0.00032808803862338355,0.0004074550576405045
1.18299999999998,0.15,3546,24,3.529030769514954e-05,0.00010991194412070032,0.00016012594402376457,0.0005543226745052317,0.0013403955357561596,0.004363283562684284,0.010139770266494175,20.27636773829667,11.082910321489003,0.00012387994028753536,0.00033116675627566604,0.00040947399543256324
1.18399999999998,0.15,3546,24,3.5656065290722555e-05,0.00010923043212750702,0.0001623525552981267,0.0005548494693713045,0.0013412961293428228,0.004375193451522886,0.009343488634058324,20.27636773829667,11.308516638465877,0.00012387994028753536,0.0003340491915773266,0.0004114190247470617
1.1849999999999798,0.15,3546,24,3.602524738384126e-05,0.00010873421665393785,0.00016473897001976711,0.0005550540947452577,0.001342635081824322,0.004356848282919917,0.009117199095581778,20.27636773829667,11.590524534686972,0.00012387994028753536,0.00033671029267378326,0.00041326842973177236
1.1859999999999797,0.15,3546,24,3.639675592334344e-05,0.0001091845282688878,0.00016721297895912006,0.0005549183144171109,0.0013452088456880969,0.004230612104632455,0.009297344963076413,20.27636773829667,11.590524534686972,0.00012387994028753536,0.00033912701863743463,0.0004149813031020244
1.1869999999999796,0.15,3546,24,3.6769414482332665e-05,0.00010885769769536041,0.00016974717954158045,0.0005544208029606414,0.0013489995513150193,0.00412905164221284,0.009540789244145684,20.27636773829667,11.590524534686972,0.00012387994028753536,0.0003412781304526501,0.0004165033928238415
1.1879999999999795,0.15,3546,24,3.714267758290187e-05,0.00010774071698706806,0.00017226209408025627,0.0005535446169656951,0.001352857940153601,0.0041221893113506155,0.009939502673508752,20.27636773829667,11.731528482797518,0.00012387994028753536,0.0003431440800723731,0.0004177749580307477
1.1889999999999794,0.15,3546,24,3.7515345274974284e-05,0.00010688249991879065,0.0001745866513755987,0.000552284621144745,0.0013566151517307463,0.004050389295734454,0.010172616138415282,20.360970107163002,11.816130851663846,0.00012387994028753536,0.0003447071038682399,0.00041873932271840886
1.1899999999999793,0.15,3546,24,3.788647669640126e-05,0.00010739334564527283,0.00017683070289831448,0.0005506536084548068,0.001359752179173356,0.004166580258508659,0.01022651893684448,20.360970107163002,12.041737168640722,0.00012387994028753536,0.00034595158247164307,0.00041935076851373765
1.1909999999999792,0.15,3546,24,3.825552563118301e-05,0.00010687360319925268,0.00017894472118703956,0.0005486860703237173,0.0013622580203146272,0.004227866565379426,0.010091557320537741,20.360970107163002,12.041737168640722,0.00012387994028753536,0.00034686466759652093,0.0004195805878879355
1.191999999999979,0.15,3546,24,3.8622010510409875e-05,0.00010674370378105811,0.00018090529683295302,0.0005464389585729907,0.0013637040424473743,0.004199546251702723,0.011105099664008725,20.445572476029326,12.041737168640722,0.00012387994028753536,0.0003474371142420198,0.00041942048554233224
1.192999999999979,0.15,3546,24,3.898524473215057e-05,0.00010718282628044771,0.00018275410664055154,0.0005439892658957837,0.0013637212699370341,0.004225694202299733,0.012082637252746824,20.445572476029326,12.098138747884942,0.00012387994028753536,0.00034763090964732527,0.0004188829939479888
1.1939999999999789,0.15,3546,24,3.9343914376185675e-05,0.0001068537172477996,0.0001831824735820466,0.0005414287551238602,0.0013625145111934582,0.00417591950574525,0.01286190026869596,20.445572476029326,12.351945854483926,0.00012387994028753536,0.00034747137077486585,0.00041799907266693026
1.1949999999999787,0.15,3546,24,3.969639581127873e-05,0.00010607944769121938,0.00018324059148766214,0.0005388566039561922,0.0013597144319512046,0.004090280188272514,0.01342020965541887,20.445572476029326,12.492949802594474,0.00012387994028753536,0.0003469989890117912,0.0004168135033495446
1.1959999999999786,0.15,3546,24,4.0041491796799206e-05,0.00010629577421591048,0.00018338982479929218,0.0005363710288807455,0.0013562737697630264,0.004088601398323529,0.013739661343753831,20.445572476029326,12.492949802594474,0.00012387994028753536,0.0003462226290509033,0.0004153790013958769
1.1969999999999785,0.15,3546,24,4.0378291807002626e-05,0.00010607546385814396,0.00018361437470117134,0.0005340610668933083,0.0013552112178272832,0.004083548561953736,0.013808206882959887,20.445572476029326,12.690355329949238,0.00012387994028753536,0.00034515735270952447,0.0004137500986907128
1.1979999999999784,0.15,3546,24,4.0706113694153504e-05,0.0001063027249548066,0.0001836341738701459,0.0005319996159328447,0.0013555969590429721,0.004095170745168146,0.013620796603124806,20.445572476029326,12.831359278059788,0.00012387994028753536,0.00034382478914622553,0.0004119777986630879
1.1989999999999783,0.15,3546,24,4.102451013701486e-05,0.00010611070490845112,0.00018339078317909988,0.000530238588817568,0.001357706171737448,0.0040850172096481546,0.013180424311360947,20.445572476029326,12.887760857304004,0.00012387994028753536,0.00034224429652049084,0.0004101057873207026
1.1999999999999782,0.15,3546,24,4.133333483751506e-05,0.00010650243771950332,0.00018282649091399766,0.0005288066729738171,0.001362183474073317,0.004069409852990789,0.01249893967734053,20.445572476029326,12.887760857304004,0.00012387994028753536,0.000340414295764955,0.0004081686507539928
1.200999999999978,0.2,3533,37,4.068686228759321e-05,0.0001043409849251489,0.0001657019874438695,0.000379321378291417,0.0013739008123930313,0.004063829243983697,0.012153049658823798,20.520803849419757,12.850268893291819,0.00012387994028753536,0.0002840416644060285,0.0003410068596316762
1.201999999999978,0.2,3533,37,4.1012490144601026e-05,0.00010487886603661362,0.00016605174795088616,0.0003861227796155419,0.0014115397042162281,0.004022915024322067,0.025425048804831145,20.520803849419757,12.991791678460233,0.00012387994028753536,0.00028535913929394086,0.0003445284868774934
1.2029999999999779,0.2,3533,37,4.135485081432097e-05,0.00010506584137652552,0.00016980043588451428,0.0004000247742238044,0.0014526875524062588,0.004041167962785123,0.04006083239651273,20.520803849419757,12.991791678460233,0.00012387994028753536,0.000290706640856295,0.00035227279740723816
1.2039999999999778,0.2,3533,37,4.1718559001052705e-05,0.00010583554199604863,0.00017055310194958437,0.000420733791068904,0.0014919919115305253,0.00402987849896096,0.051988545302928714,20.520803849419757,12.991791678460233,0.00012387994028753536,0.00029986592347815963,0.00036373070366479965
1.2049999999999776,0.2,3533,37,4.210598338375782e-05,0.00010551773543081126,0.00017122717555905604,0.0004476618710862223,0.0015279384893427117,0.00397819241190451,0.0607606492910264,20.520803849419757,13.161619020662327,0.00012387994028753536,0.0003117441868015973,0.0003781845282269103
1.2059999999999775,0.2,3533,37,4.251711396979489e-05,0.000105821853330976,0.00017189067196828967,0.0004799689589904295,0.0015607346988673323,0.004014195170762687,0.06628200242063674,20.520803849419757,13.33144636286442,0.00012387994028753536,0.00032565870824743725,0.0003948308693537683
1.2069999999999774,0.2,3533,37,4.2956154570595554e-05,0.00010550643476995742,0.00017310196798937975,0.0005166257370814412,0.0015899337719653532,0.003980361139808569,0.06955450464843865,20.520803849419757,13.416360033965468,0.00012387994028753536,0.000341096237165351,0.00041289471438332725
1.2079999999999773,0.2,3533,37,4.342516287757813e-05,0.00010544490497793363,0.00017564784340754066,0.0005565037446013421,0.0016148900169535828,0.003993044913345961,0.07566088898044714,20.520803849419757,13.897537503538068,0.00012387994028753536,0.0003575021503153321,0.0004317356008094464
1.2089999999999772,0.2,3533,37,4.39265999415749e-05,0.00010556990967093383,0.00017725558843113614,0.000598469173078574,0.001638604788959095,0.004024405927586931,0.07970194822802647,20.520803849419757,13.954146617605435,0.00012387994028753536,0.00037441543378638795,0.00045092278453395807
1.209999999999977,0.2,3533,37,4.4463386720884764e-05,0.00010585382162768543,0.00017932401932398056,0.0006414696970902069,0.001659797036806019,0.004007103025320354,0.08162626196050626,20.520803849419757,14.039060288706482,0.00012387994028753536,0.0003916152660311171,0.00047026644261549677
1.210999999999977,0.2,3533,37,4.503307348979334e-05,0.0001062522248114467,0.00018288395781664273,0.0006845919715158238,0.001679862703944351,0.004044078210157043,0.08152810866756743,20.520803849419757,14.095669402773847,0.00012387994028753536,0.00040895682179664504,0.000489810631378873
1.2119999999999769,0.2,3533,37,4.5631249501438116e-05,0.00010680270756923576,0.0001883261196578781,0.0007270885980212908,0.0016988618490972908,0.004024983183254523,0.07965810598586273,20.520803849419757,14.35041041607699,0.00012387994028753536,0.00042645369189062593,0.0005097827316582482
1.2129999999999768,0.2,3533,37,4.6252350046191134e-05,0.00010763842022116719,0.00019615423548012472,0.0007683823544985534,0.0017134891857268652,0.004011485330663431,0.07645870788284273,20.520803849419757,14.407019530144352,0.00012387994028753536,0.000444243769229473,0.0005305104551176498
1.2139999999999767,0.2,3533,37,4.6890562139937694e-05,0.00010807936321839473,0.00020630930034483262,0.0008080584039339846,0.0017231127877210364,0.0040628852590994845,0.07252743234993732,20.54910840645344,14.661760543447494,0.00012387994028753536,0.00046577266587816363,0.0005523302631331717
1.2149999999999765,0.2,3533,37,4.754203967663585e-05,0.00010819348802077276,0.0002188166058284861,0.0008458432774853394,0.001729738444255868,0.004076564879323876,0.0685123511619049,20.605717520520802,14.661760543447494,0.00012387994028753536,0.0004878592828176402,0.0005754982912939965
1.2159999999999764,0.2,3533,37,4.820328037083598e-05,0.00010811328359923649,0.00023353393487155662,0.0008815731843093884,0.001734418275984787,0.004046243827193141,0.06495965209329589,20.605717520520802,14.661760543447494,0.00012491366242389353,0.0005068098466538954,0.0006001175373810952
1.2169999999999763,0.2,3533,37,4.8871297985610024e-05,0.00010856295029823265,0.0002473384406752636,0.0009151579423111075,0.001739999760222146,0.004053153063273348,0.06212200844890277,20.605717520520802,14.746674214548541,0.00013361982481556787,0.0005260377278745102,0.0006260945397578155
1.2179999999999762,0.2,3533,37,4.954492967819463e-05,0.00010864150197459029,0.00026144971845957213,0.0009465404650150531,0.0017489590323528327,0.004058103036277263,0.05986365322213377,20.605717520520802,14.746674214548541,0.00014149164066123185,0.0005457275078478006,0.0006531252072363714
1.218999999999976,0.2,3533,37,5.0223637320789815e-05,0.00010881840616143652,0.0002772479064012273,0.0009756625690951163,0.0017615262897249537,0.004081697955064424,0.05774043126606316,20.605717520520802,14.746674214548541,0.00014866112527010334,0.0005657044179911563,0.0006807145687197647
1.219999999999976,0.2,3533,37,5.0907614626822764e-05,0.00010879355798047676,0.000287524590388003,0.0010024439326262542,0.0017771763573626437,0.0041903627253242455,0.05520034417202966,20.605717520520802,15.28446079818851,0.0001551731423488791,0.0005858225604709725,0.0007082271116800598
1.2209999999999759,0.2,3533,37,5.1597885421659827e-05,0.00010868943780358008,0.0003028192853727622,0.0010267750456994429,0.0017964972432384177,0.004302650382686651,0.05179339198889402,20.66232663458817,15.28446079818851,0.0001611751322797792,0.0006068266057293086,0.0007349530593891984
1.2219999999999758,0.2,3533,37,5.2295594441992625e-05,0.00010838751868158692,0.000319150257977862,0.001048524454866105,0.0018170779949560536,0.004404048134814799,0.04729418512024793,20.66232663458817,15.28446079818851,0.00016667717689197666,0.000627444754423405,0.000760180096538221
1.2229999999999757,0.2,3533,37,5.300191629462292e-05,0.00010795174522631304,0.00033166471254060076,0.0010675578829051997,0.0018364067527775025,0.004468984514691236,0.04273534687788637,20.66232663458817,15.341069912255872,0.0001716674839409035,0.0006473960761540906,0.0007832629553128356
1.2239999999999756,0.2,3533,37,5.371797588738767e-05,0.00010771031438070566,0.00034911491285523306,0.0010837627688834214,0.0018532361014790132,0.004575220873562663,0.038287333963957566,20.747240305689214,15.42598358335692,0.00017617196580854106,0.0006663546134757827,0.0008036812730551901
1.2249999999999754,0.2,3533,37,5.4444558534025226e-05,0.00010779889460977961,0.0003711624470217962,0.001097071423532461,0.0018678271933812876,0.004669214367091047,0.036587112083540124,20.747240305689214,15.42598358335692,0.0001801431421134267,0.000683969098332033,0.000821078871901193
1.2259999999999753,0.2,3533,37,5.51822709497409e-05,0.00010815451174443916,0.00038716234234999935,0.0011074761802301791,0.0018803650654209579,0.004693001295029207,0.035596254320719736,20.747240305689214,15.595810925559014,0.00018357380655433826,0.0006998976824364738,0.0008352811203877764
1.2269999999999752,0.2,3533,37,5.593060921684773e-05,0.00010819130168441933,0.0003991381577966619,0.0011150354495669213,0.0018896714042369643,0.004738598004514586,0.03358633585158163,20.860458533823945,15.595810925559014,0.00018648467577330418,0.0007136231866102502,0.0008462924323744403
1.2279999999999751,0.2,3533,37,5.668758642387286e-05,0.00010838423774457533,0.00040735422441781253,0.0011198716237297694,0.00189621540585405,0.0048215334755520615,0.031169338351087646,20.973676761958675,15.595810925559014,0.0001888920685234686,0.0007247401990783157,0.0008542779893510044
1.228999999999975,0.2,3533,37,5.745189812447031e-05,0.00010939212111271195,0.000414948677850085,0.0011221548937749937,0.0019007082759488836,0.004874821588031172,0.02923407030509919,20.973676761958675,15.595810925559014,0.00019087468840649086,0.0007335911339167104,0.0008595271085241052
1.229999999999975,0.2,3533,37,5.822226534175809e-05,0.00011181932911389496,0.0004210346514083097,0.0011220846792720366,0.0019053011243331463,0.004973524559186701,0.026642901494466794,21.17180866119445,15.963770166996886,0.00019253284055996715,0.0007401947315814622,0.0008624084958341882
1.2309999999999748,0.2,3533,37,5.8997494657310844e-05,0.00011484641126420439,0.0004265780797699979,0.0011198778147019,0.0019093333798894622,0.005123273184014264,0.024291270978210634,21.17180866119445,16.1052929521653,0.0001939787783132987,0.000744090218662729,0.0008633315396551211
1.2319999999999747,0.2,3533,37,5.9776641053421275e-05,0.00011849842965887925,0.0004352197292210067,0.0011157642021148088,0.001912439997815578,0.005343746695728638,0.024493057561079078,21.17180866119445,16.190206623266345,0.00019603082028299052,0.0007458603234312254,0.0008627163162309159
1.2329999999999746,0.2,3533,37,6.055874093900013e-05,0.00012298425695167226,0.00044525988557544104,0.0011099843919201626,0.0019148530042198812,0.005388291691681021,0.02400016860571446,21.17180866119445,16.246815737333712,0.00020121263799240704,0.0007470646533807697,0.0008609665440566516
1.2339999999999745,0.2,3533,37,6.134267431460324e-05,0.00012780354330893968,0.00045417576326001196,0.0011027904203182721,0.001918310250012638,0.0055843830782049,0.02285963323992059,21.17180866119445,16.331729408434757,0.0002097492209261686,0.0007476513598403268,0.0008584488051646133
1.2349999999999743,0.2,3533,37,6.212710066405096e-05,0.0001332369910948101,0.0004605241368357634,0.0010944467871709742,0.0019250504848428967,0.005700396371649553,0.021415302980184226,21.28502688932918,16.643079535805263,0.00022138475030750559,0.0007461900977076174,0.0008554799400393165
1.2359999999999742,0.2,3533,37,6.291044659425996e-05,0.00013885172291628418,0.0004664588811112726,0.0010852284685163975,0.001930963610473758,0.005861145317542871,0.02252053471439293,21.36994056043023,16.643079535805263,0.00023357975711745313,0.0007440338924443958,0.0008523203799377654
1.2369999999999741,0.2,3533,37,6.369112958354616e-05,0.00014541549658723496,0.00047366458944629695,0.0010754140298228295,0.0019355452662716643,0.005939957193282689,0.02635090548067796,21.36994056043023,16.643079535805263,0.0002460589741641154,0.0007414646572187857,0.0008491710682569931
1.237999999999974,0.2,3533,37,6.446768887057592e-05,0.00015211090521910698,0.00047927331884493776,0.0010652733655167397,0.0019394150558012149,0.006101857060069682,0.02986798686326861,21.48315878856496,16.98273422020945,0.00025852797392438833,0.0007382804215890693,0.0008461724285169225
1.238999999999974,0.2,3533,37,6.523908304834998e-05,0.0001591076384823793,0.0004831096964549632,0.0010550514269468609,0.001946520129552292,0.006159729381790492,0.032877383660010605,21.48315878856496,17.124257005377867,0.00027068909842582365,0.0007348783355334142,0.0008434045685525859
1.2399999999999738,0.2,3533,37,6.600509997925799e-05,0.00016654734160285168,0.0004851323052860051,0.0010449507655180055,0.001955569330875885,0.006245071701956861,0.035250804581769164,21.48315878856496,17.124257005377867,0.00028225403175356523,0.0007315862240648637,0.0008408886767838908
1.2409999999999737,0.2,3533,37,6.67651405015632e-05,0.000173275200432352,0.0004867262416239052,0.0010351164428654789,0.001965900253994062,0.006320725166044033,0.03692934163459434,21.48315878856496,17.237475233512594,0.0002929561636200188,0.0007284711863589985,0.0008385902414040913
1.2419999999999736,0.2,3533,37,6.75177659311151e-05,0.0001798585209096707,0.00048664265952269266,0.0010256269748204188,0.001976922680321079,0.006476464382541428,0.037916135445989985,21.568072459666006,17.378998018681006,0.00030257191828097287,0.0007266180289157505,0.0008364251829675595
1.2429999999999735,0.2,3533,37,6.826245629698768e-05,0.00018751017459071347,0.0004900419140039054,0.001016493748037195,0.001987104379877378,0.006578921737492046,0.038261511431445294,21.652986130767054,17.605434474950467,0.00031092664164085443,0.0007271269499753706,0.0008342696917971182
1.2439999999999733,0.2,3533,37,6.899941052275733e-05,0.0001931989672162263,0.0004922316485745063,0.0010076701535430945,0.0019960697109354408,0.006630932793841588,0.038043875025270325,21.652986130767054,17.86017548825361,0.00031790557728977,0.0007275199892318793,0.0008319743151545822
1.2449999999999732,0.2,3533,37,6.972888546372768e-05,0.00020023968199108923,0.0004832991786375845,0.0009990695394864104,0.0020016381115051233,0.006662985917382163,0.03734967047863245,21.82281347296915,17.86017548825361,0.00032345723425797226,0.0007276640639821609,0.0008293817467510678
1.2459999999999731,0.2,3533,37,7.045170767771696e-05,0.00020865232524625517,0.00047697434781728026,0.00099059296146141,0.0020035755135348267,0.006561694953586408,0.036254502836543974,21.82281347296915,17.86017548825361,0.0003275874057533987,0.0007274316128291223,0.0008263474453045205
1.246999999999973,0.2,3533,37,7.116880427601445e-05,0.00021635541653241858,0.00047437329542945644,0.0009821563406028286,0.002001940798367768,0.006588912034946148,0.03480789756826513,21.82281347296915,17.94508915935466,0.0003303491430087878,0.0007267139375998405,0.0008227601982042643
1.247999999999973,0.2,3533,37,7.188100765077452e-05,0.0002221382003485818,0.0004709175358538102,0.0009737138074737536,0.001998333236548803,0.006507646090710548,0.033025101901767925,22.020945372204924,18.058307387489386,0.0003318276934281707,0.0007254329661206508,0.0008185598383079196
1.2489999999999728,0.2,3533,37,7.258978683356245e-05,0.000230666525230865,0.0004686924048095883,0.0009652770070601946,0.0019944680738137885,0.006516025831638865,0.030888004006094136,22.020945372204924,18.143221058590434,0.00033212606970243954,0.0007233892904754966,0.0008137500515772444
1.2499999999999727,0.2,3533,37,7.329558593859863e-05,0.00024006338527515295,0.00046491857036179066,0.0009569260973334812,0.0019930297268089,0.006451216143993231,0.028355230762849758,22.020945372204924,18.143221058590434,0.00033212606970243954,0.0007194372625180712,0.0008084039838394119
1.2509999999999726,0.2,3533,37,7.399965940432828e-05,0.0002463531800245878,0.00046259155339298686,0.0009488101253741355,0.001995037331086924,0.006487050549126605,0.02537967232549584,22.020945372204924,18.22813472969148,0.00033212606970243954,0.0007151072894557019,0.0008026617559515614
1.2519999999999725,0.2,3533,37,7.47038914053118e-05,0.00025378932877645846,0.00046040121966746243,0.0009411364504904214,0.001997673126321479,0.006348258075220767,0.02192995397293438,22.020945372204924,18.454571185960937,0.00033212606970243954,0.0007105391685343247,0.0007967194797835475
1.2529999999999724,0.2,3533,37,7.540989006144182e-05,0.00026001300662359064,0.00045836670750906645,0.0009341505724844543,0.001998971658889477,0.0063518461773642175,0.018011565995313894,22.105859043305973,18.56778941409567,0.00033212606970243954,0.0007059016874027713,0.0007908109217638071
1.2539999999999722,0.2,3533,37,7.611898260190477e-05,0.00026400827179784696,0.0004564909627604336,0.0009281093608920751,0.0020026097850264473,0.006327442892842472,0.014259707304871454,22.105859043305973,18.879139541466174,0.00033212606970243954,0.0007013732848272972,0.0007851840600636706
1.2549999999999721,0.2,3533,37,7.683159289054129e-05,0.00026879166094250054,0.0004558659221179441,0.0009232519232475943,0.002004834005048645,0.0062375470902970775,0.013410308772030555,22.105859043305973,19.360317011038777,0.00033212606970243954,0.0006971231844977544,0.0007800761289153968
1.255999999999972,0.2,3533,37,7.754738833120519e-05,0.00027231224434736155,0.0004543879238240547,0.0009197716819384378,0.0020068659922473074,0.006246118950995625,0.012479289330718539,22.19077271440702,19.360317011038777,0.00033212606970243954,0.0006932948363742633,0.0007756896975585903
1.256999999999972,0.2,3533,37,7.826702817343795e-05,0.0002783977873982397,0.0004519479445711034,0.0009177935075287269,0.0020094023084108637,0.006230395730102276,0.011483792839212567,22.19077271440702,19.360317011038777,0.00033212606970243954,0.0006899934610477341,0.0007721727297287373
1.2579999999999718,0.2,3533,37,7.898732404978274e-05,0.00028038094408716407,0.0004498422580420887,0.000917359749672159,0.0020111451177389156,0.006122951609949268,0.011641263879204547,22.19077271440702,19.360317011038777,0.00033212606970243954,0.0006872794352875503,0.0007696059248942788
1.2589999999999717,0.2,3533,37,7.970551455871138e-05,0.0002846902091242288,0.00044918370783485483,0.000918426694896567,0.0020085777358362085,0.006071707659581734,0.012447304576328077,22.19077271440702,19.671667138409283,0.00033212606970243954,0.0006851677072279051,0.0007679985023969493
1.2599999999999716,0.2,3533,37,8.04201925908936e-05,0.0002883947535484177,0.000448783850797071,0.0009208717318346507,0.0020012679364624373,0.005957359141912806,0.014044476984927065,22.19077271440702,19.926408151712426,0.00033212606970243954,0.0006836328555346837,0.000767292765981864
1.2609999999999715,0.2,3533,37,8.112864117107104e-05,0.0002901120670966947,0.00044957296706399727,0.000924509717220337,0.0019907656986551847,0.005923488671478627,0.017091431702747715,22.19077271440702,20.09623549391452,0.00033212606970243954,0.00068250811599731,0.0007673762867916878
1.2619999999999714,0.2,3533,37,8.182920175744783e-05,0.00028955702726085836,0.00045033838675352563,0.0009291160971307242,0.0019771805975055553,0.005717337584608039,0.019436969437991024,22.19077271440702,20.152844607981883,0.00033212606970243954,0.0006804088486737799,0.0007681000604335964
1.2629999999999713,0.2,3533,37,8.252088210140353e-05,0.00029065175219994237,0.00044918630076300355,0.0009344527669226153,0.001962763799538585,0.005595418002538848,0.02108061194341815,22.19077271440702,20.435890178318708,0.00033212606970243954,0.0006786528952647487,0.0007692993523988889
1.2639999999999711,0.2,3533,37,8.320177624745252e-05,0.0002918931691238999,0.00044750334755704616,0.0009402931179537488,0.001948259164099887,0.005488763047493935,0.022083312008673577,22.247381828474385,20.492499292386075,0.00033212606970243954,0.0006772106402329297,0.0007708147000720089
1.264999999999971,0.2,3533,37,8.387101090936892e-05,0.0002906006864097507,0.0004465543082640403,0.0009464424190154271,0.0019353580900397216,0.005467986447114621,0.0225513070243617,22.247381828474385,20.80384941975658,0.00033212606970243954,0.0006763815660412157,0.0007725097735082898
1.265999999999971,0.2,3533,37,8.452896093886208e-05,0.0002888684962717508,0.00044820311253978315,0.0009527519339127952,0.0019238787230711233,0.005527074893247614,0.022615859065183593,22.247381828474385,20.88876309085763,0.00033212606970243954,0.0006765006860999137,0.000774284418632476
1.2669999999999708,0.2,3533,37,8.517611062156517e-05,0.0002865295975568843,0.0004503305180906412,0.0009591240893379967,0.0019157372455622197,0.005521775779997494,0.022410504107757453,22.247381828474385,20.973676761958675,0.00033212606970243954,0.0006768846655932627,0.000776081142667806
1.2679999999999707,0.2,3533,37,8.581206339644589e-05,0.00028483569901458124,0.00045232188376347657,0.0009655089705723681,0.001909768296181035,0.005490781139858472,0.022049105470672892,22.247381828474385,20.973676761958675,0.00033212606970243954,0.0006775344766452902,0.0007778848243695791
1.2689999999999706,0.2,3533,37,8.643743748325904e-05,0.00028286032426997395,0.0004524718907367473,0.0009718937183921862,0.0019064898553816595,0.005461155448937791,0.021608882805284415,22.247381828474385,21.03028587602604,0.00033212606970243954,0.0006784509234297052,0.0007797164096814413
1.2699999999999705,0.2,3533,37,8.705285636734976e-05,0.00028170520012939286,0.0004517175077571212,0.0009782871253991954,0.0019082111557647626,0.005468263653863439,0.02112226570035692,22.247381828474385,21.03028587602604,0.00033212606970243954,0.0006796331695291654,0.0007816220688248166
1.2709999999999704,0.2,3533,37,8.765885208557986e-05,0.0002802381830526723,0.00045096654666983274,0.0009847022919939072,0.001914150809378874,0.005424623902515504,0.02057918812523676,22.247381828474385,21.200113218228132,0.00033212606970243954,0.0006810769698160148,0.0007836598058119648
1.2719999999999703,0.2,3533,37,8.82562384764586e-05,0.00027805543244152495,0.00045042287885099807,0.000991140288753596,0.0019222803207081208,0.005455136066527697,0.019938063129119523,22.247381828474385,21.200113218228132,0.00033212606970243954,0.0006827726099500877,0.0007858856801057357
1.2729999999999702,0.2,3533,37,8.884743252367913e-05,0.00027596758729002093,0.0004500461698467859,0.000997577384348249,0.0019319989162277194,0.005341914818024619,0.019141266583268465,22.247381828474385,21.341636003396548,0.00033212606970243954,0.0006847029346798429,0.0007883416306562196
1.27399999999997,0.2,3533,37,8.94356070695153e-05,0.00027411373027163807,0.00044983830051060494,0.0010039576472686388,0.0019427729377705304,0.005411698701817701,0.018130728637623016,22.247381828474385,21.341636003396548,0.00033212606970243954,0.0006868418209958039,0.0007910464561611263
1.27499999999997,0.2,3533,37,9.002569229497226e-05,0.0002723735062948918,0.00044980412760287596,0.0010101917627109763,0.0019538280922905236,0.005383130713253642,0.01706571556753516,22.332295499575434,21.341636003396548,0.00033212606970243954,0.0006891533215238552,0.0007939908926601902
1.2759999999999698,0.2,3533,37,9.061567939293031e-05,0.00027079323030792504,0.0004499510105422367,0.0010161618810012605,0.0019647342568322105,0.005393277480374873,0.01610277678638608,22.41720917067648,21.341636003396548,0.00033212606970243954,0.0006915918272385479,0.0007971370475736705
1.2769999999999697,0.2,3533,37,9.120576438788469e-05,0.00026858475239273616,0.00045028792855891065,0.0010217314093297733,0.001974398469335137,0.005392372490664101,0.014893983094532375,22.41720917067648,21.539767902632324,0.00033212606970243954,0.0006941033844173258,0.0008004218132704466
1.2779999999999696,0.2,3533,37,9.179728528909155e-05,0.0002666038809805529,0.00045082417731450667,0.0010267580038423004,0.001981283439831821,0.005344229327429094,0.01346171548292274,22.41720917067648,21.596377016699687,0.00033212606970243954,0.0006966281350432209,0.0008037633781228237
1.2789999999999695,0.2,3533,37,9.239092019919756e-05,0.00026531917772674724,0.00045156780609664077,0.0010311076884757353,0.001985808546279574,0.005260783670732691,0.011835526970599902,22.41720917067648,21.652986130767054,0.00033212606970243954,0.0006991037628391097,0.000807069635509805
1.2799999999999694,0.2,3533,37,9.298956984555197e-05,0.0002631256646186974,0.0004525238337482962,0.0010346680437970368,0.001988069431513,0.005251021875328571,0.011925034066640172,22.53042739881121,21.709595244834418,0.00033212606970243954,0.0007014695853359231,0.000810247185754065
1.2809999999999693,0.2,3533,37,9.359615258764386e-05,0.0002610218565098625,0.0004536924271365307,0.0010373587280006098,0.001988500697077156,0.00519497665903608,0.011966551110196543,22.53042739881121,21.794508915935467,0.00033212606970243954,0.000703670834989078,0.0008132097157371732
1.2819999999999692,0.2,3533,37,9.42106028444571e-05,0.0002596708547292815,0.0004550673010108422,0.0010391381290335657,0.0019872860931211154,0.005133314187818319,0.011818961402129098,22.53042739881121,21.794508915935467,0.00033212606970243954,0.0007056626336423147,0.0008158847860464391
1.282999999999969,0.2,3533,37,9.48339005117808e-05,0.00025785863417734277,0.0004566345307168494,0.001040005596947464,0.0019852204401796473,0.005095792955044497,0.011931926946447347,22.53042739881121,21.87942258703651,0.00033212606970243954,0.0007074131303086335,0.0008182183984928315
1.283999999999969,0.2,3533,37,9.546751823928371e-05,0.0002563693623670101,0.00045837202119832475,0.00103999935617598,0.0019831691743011355,0.005008444890140668,0.012143963437697813,22.615341069912258,21.87942258703651,0.00033212606970243954,0.0007089053919231215,0.0008201770928195629
1.2849999999999688,0.2,3533,37,9.611272578126612e-05,0.00025500086853176286,0.000460249786898703,0.0010391907548570943,0.0019816460503096116,0.004882414277873485,0.012168799660713537,22.615341069912258,21.87942258703651,0.00033212606970243954,0.0007101377896449295,0.0008217476734131424
1.2859999999999687,0.2,3533,37,9.677046255507586e-05,0.00025353814740749396,0.00046152827504829556,0.001037675906112256,0.0019814096439526026,0.00483819907851159,0.012011407592125614,22.615341069912258,21.87942258703651,0.00033212606970243954,0.0007111228028181083,0.0008229349503245942
1.2869999999999686,0.2,3533,37,9.74386389637916e-05,0.00025251782364481837,0.0004621317084857236,0.001035565979066399,0.0019807374702349536,0.004790818779201029,0.011682571444749917,22.615341069912258,21.87942258703651,0.00033212606970243954,0.0007120862296458185,0.0008237580663248423
1.2879999999999685,0.2,3533,37,9.811491611400241e-05,0.00025202142795883347,0.0004616573306333288,0.0010329774069406771,0.0019786788784206632,0.0047632425022554594,0.011197373498185975,22.615341069912258,21.96433625813756,0.00033212606970243954,0.0007134784876364637,0.0008242460657825745
1.2889999999999684,0.2,3533,37,9.879715222012886e-05,0.0002514538435040385,0.00046085774689983236,0.0010300231236995711,0.001976623210007453,0.004720437962159076,0.01057345840630252,22.615341069912258,22.049249929238606,0.00033212606970243954,0.0007146736670392632,0.000824433349087883
1.2899999999999683,0.2,3533,37,9.948346339333062e-05,0.00025037286940200574,0.00046153820883822503,0.0010268056660112787,0.00197530341335175,0.004719399064184893,0.010813019907100145,22.615341069912258,22.247381828474385,0.00033212606970243954,0.0007156924599944708,0.0008243555672677871
1.2909999999999682,0.2,3533,37,0.00010017153400315219,0.0002497680436443444,0.00046270000627571164,0.0010234126396823614,0.001975170982259977,0.0046809799818328226,0.011369686007149308,22.615341069912258,22.30399094254175,0.00033212606970243954,0.0007165519160208327,0.0008240463710151857
1.291999999999968,0.2,3533,37,0.00010085975339830195,0.0002486364996760514,0.0004638116392493921,0.0010199147018639095,0.00197535904267948,0.004639463021886421,0.01179966925718034,22.615341069912258,22.473818284743842,0.00033212606970243954,0.0007172631822984097,0.000823535262345132
1.292999999999968,0.2,3533,37,0.00010154617978466398,0.000247461429409302,0.0004648512634148093,0.0010163658958448304,0.0019754435993169415,0.004633924927106831,0.012106264896188263,22.615341069912258,22.473818284743842,0.00033212606970243954,0.0007178304370241474,0.0008228466288180414
1.2939999999999678,0.2,3533,37,0.00010222861544412006,0.00024621041168628664,0.0004645180822031729,0.0010128059250752025,0.0019735982602483997,0.004603417525531587,0.012300950601752736,22.615341069912258,22.473818284743842,0.00033212606970243954,0.0007182510412967388,0.0008219998879255286
1.2949999999999677,0.2,3533,37,0.0001029050349100955,0.00024561038134277984,0.0004648094576594001,0.001009263783345625,0.0019684771285317787,0.004616095751860606,0.012386447316394352,22.615341069912258,22.473818284743842,0.00033212606970243954,0.0007185167893387075,0.0008210105446195826
1.2959999999999676,0.2,3533,37,0.00010357346613718458,0.0002446289961533693,0.0004651731352726538,0.0010057620737192246,0.0019611901230476843,0.004670829544491977,0.012357900120855577,22.615341069912258,22.643645626945936,0.00033212606970243954,0.0007186160113048176,0.0008198918753450357
1.2969999999999675,0.2,3533,37,0.00010423217201357663,0.00024353760021744277,0.00046549664451048944,0.0010023213452859223,0.0019528117869172408,0.004700514473379646,0.012205142475943544,22.615341069912258,22.756863855080667,0.00033212606970243954,0.0007185361894064217,0.000818656900026582
1.2979999999999674,0.2,3533,37,0.0001048797667028794,0.00024338508740415446,0.00046574413363958516,0.0009989638433157359,0.0019472418987199786,0.0047692537772221,0.01191563752124576,22.700254741013303,22.756863855080667,0.00033212606970243954,0.0007182667036773868,0.0008173202897054921
1.2989999999999673,0.2,3533,37,0.00010551517908180885,0.0002426914072061585,0.0004658804127480881,0.0009957161907000367,0.0019448930431453341,0.004831411846671695,0.01147768315659529,22.700254741013303,22.756863855080667,0.00033212606970243954,0.0007178013230780782,0.0008158998807559215
1.2999999999999672,0.2,3533,37,0.00010613781649512179,0.0002421919022896244,0.0004658734204170191,0.0009926106801896738,0.0019451152216562932,0.004925820079025192,0.010883490858613098,22.700254741013303,22.841777526181716,0.00033212606970243954,0.0007171401027895007,0.0008144175240083484
1.300999999999967,0.25,3515,55,0.00010419320869065827,0.00023719226983821376,0.0004111711384986219,0.0007109706699806579,0.0019433780969415088,0.0049345151705503,0.01213517446582954,22.645803698435277,22.90184921763869,0.00033212606970243954,0.0005708352508642652,0.0006515478023167987
1.301999999999967,0.25,3515,55,0.00010483226587125806,0.00023598942532701705,0.00041198043586685037,0.0007183621732207771,0.0019886516714682305,0.00503513383090559,0.03240391541088122,22.759601706970127,22.90184921763869,0.00033212606970243954,0.0005729034435744634,0.0006563816998941263
1.3029999999999669,0.25,3515,55,0.00010548984409551098,0.00023550559050035803,0.00041441158635679396,0.0007331545726714856,0.0020380475440510736,0.00507504186075408,0.0488430365672633,22.844950213371266,22.987197724039827,0.00033212606970243954,0.0005773919530721836,0.0006655831229274156
1.3039999999999667,0.25,3515,55,0.00010616922814666277,0.000235149750349301,0.0004141300589070311,0.0007548962887292594,0.002089465837830337,0.005113737966542932,0.06420381404858568,22.844950213371266,22.987197724039827,0.00033212606970243954,0.0005859927809782207,0.0006785882125974751
1.3049999999999666,0.25,3515,55,0.00010687380332904545,0.00023560608612214017,0.0004151449207149202,0.0007829387138898701,0.0021377147371448306,0.005199776115824452,0.07620438108084393,22.844950213371266,22.987197724039827,0.00033212606970243954,0.0006006790814074805,0.0006946481466911791
1.3059999999999665,0.25,3515,55,0.00010760467133440194,0.00023564778405918646,0.0004147554438084151,0.000816500120886254,0.00218466215576766,0.005213351905926553,0.08465078871904515,22.844950213371266,22.987197724039827,0.00034562956861553705,0.0006178493806261415,0.0007129408677677418
1.3069999999999664,0.25,3515,55,0.00010836603904690397,0.00023607460213294164,0.0004195319600841628,0.000854725480282817,0.002231483063139463,0.005289219736978704,0.09054506595696371,22.844950213371266,22.987197724039827,0.000372274864619276,0.0006368960167522533,0.0007326802213967198
1.3079999999999663,0.25,3515,55,0.00010916048589958454,0.0002364353279888094,0.0004229217849949643,0.0008967481759476549,0.002276276083957613,0.005288602802849268,0.09314938814361184,22.844950213371266,22.987197724039827,0.00040105687332740036,0.0006571526511033674,0.0007532108983880903
1.3089999999999662,0.25,3515,55,0.00010998932443503066,0.00023672322094101496,0.00043084879453674174,0.0009417482119128123,0.0023170680036690714,0.005269375907227692,0.09288424561017884,22.844950213371266,23.01564722617354,0.0004311636853334908,0.0006781200192537054,0.0007740802940574554
1.309999999999966,0.25,3515,55,0.000110855094719184,0.0002370242307185918,0.0004402840427107512,0.0009889983873718063,0.0023556676221990476,0.005236345058005766,0.09026720208128906,22.844950213371266,23.01564722617354,0.00046208444646315364,0.0006993880981794276,0.0007950795126347998
1.310999999999966,0.25,3515,55,0.00011175871182919565,0.0002377198185763672,0.00045596267896547154,0.0010378805569542023,0.0023913086795108365,0.005185793785585885,0.08533210325162206,22.844950213371266,23.01564722617354,0.0004932205002111404,0.0007206317169843725,0.0008162415269303835
1.3119999999999659,0.25,3515,55,0.00011270016143233822,0.00023845683105945293,0.00047107003270658617,0.0010878753410580276,0.002421893490160702,0.005111974173042499,0.0795202510012014,22.873399715504977,23.01564722617354,0.0005239332194220475,0.0007416429080428559,0.0008378023495048126
1.3129999999999658,0.25,3515,55,0.00011367909399728909,0.00023852083190198156,0.0004854111413307429,0.0011385396254814987,0.0024458752062019484,0.005018484090913261,0.0763195607521584,22.958748221906117,23.129445234708392,0.0005538769779199595,0.0007622584830145566,0.0008601351005346203
1.3139999999999656,0.25,3515,55,0.00011469391248970177,0.0002387100397691764,0.0004988975372884229,0.0011894817197400647,0.002463145386621169,0.004943300235833242,0.07523654565843017,22.958748221906117,23.21479374110953,0.00058273228235451,0.0007825184697131558,0.0008836708877275612
1.3149999999999655,0.25,3515,55,0.00011574303368038943,0.000239796365329196,0.0005119846012796132,0.0012403360592384614,0.0024755592212054728,0.004891873570185937,0.07491376369990452,22.958748221906117,23.30014224751067,0.0006102968819796822,0.0008028015728330443,0.0009088137956183573
1.3159999999999654,0.25,3515,55,0.00011682479987524867,0.00024029536054481895,0.0005264771737109814,0.0012907425609017364,0.0024841294156112722,0.004831571713329868,0.07515810305501679,22.958748221906117,23.357041251778092,0.0006365949407833452,0.0008294216594810509,0.0009358630424145531
1.3169999999999653,0.25,3515,55,0.00011793683545335728,0.000240244245351906,0.0005455006757606547,0.0013403339848653212,0.0024907436030788856,0.004837122367927055,0.07376768620629733,22.958748221906117,23.52773826458037,0.0006616946874512112,0.0008562606957225263,0.0009649526742450121
1.3179999999999652,0.25,3515,55,0.00011907692303589819,0.0002404416473294224,0.0005675419832667297,0.001388729660869184,0.002497280225635608,0.004821168827191802,0.07116830858526481,23.044096728307252,23.52773826458037,0.0006857802571732089,0.0008831981347780943,0.000996016127754018
1.318999999999965,0.25,3515,55,0.00012024281220511259,0.00024065357762598132,0.0005888162490038778,0.0014355359566861896,0.002506033272717492,0.004784004989908532,0.0678717538193086,23.044096728307252,23.52773826458037,0.0007091275259287518,0.0009103605756014077,0.0010287779856952284
1.319999999999965,0.25,3515,55,0.00012143207077723647,0.00024080595284669686,0.0006114830516528004,0.001480353448393271,0.002519829897757686,0.004749838957764882,0.06438474524163207,23.044096728307252,23.698435277382647,0.0007319855872043011,0.0009377259268652209,0.0010627718910924955
1.3209999999999649,0.25,3515,55,0.00012264249790283526,0.00024126477304624533,0.000633420406772966,0.001522789342566672,0.002540007960236727,0.004762820152076709,0.06584352587751288,23.044096728307252,23.698435277382647,0.0007546110918555512,0.0009632448754996074,0.0010973806664509311
1.3219999999999648,0.25,3515,55,0.00012387182866504864,0.00024278301155773429,0.0006679286811416925,0.001562474395196755,0.002566345035876784,0.004782774726059678,0.06794076843608683,23.186344238975817,23.75533428165007,0.0007772063769490763,0.0009859276861137992,0.0011318919479741396
1.3229999999999646,0.25,3515,55,0.00012511777153776602,0.00024428451417334186,0.0007021753733731378,0.0015990824553101313,0.002595721161297034,0.004925682939311372,0.06835916197519011,23.186344238975817,23.75533428165007,0.0007998830513463419,0.0010081268606263918,0.001165561522590508
1.3239999999999645,0.25,3515,55,0.00012637821517235006,0.0002470622198649356,0.0007286762949676674,0.0016323498003236014,0.002624464712002043,0.005102201279107679,0.06716281203298924,23.186344238975817,23.812233285917497,0.0008226889919983556,0.0010295708123968985,0.001197675785064689
1.3249999999999644,0.25,3515,55,0.00012765105011742012,0.00025006503838881047,0.0007446381429742351,0.0016620913153077878,0.0026513328568881513,0.005259583389105761,0.06454540317144992,23.186344238975817,23.812233285917497,0.0008455875654508335,0.0010537639974819628,0.001227606395730163
1.3259999999999643,0.25,3515,55,0.00012893423349998888,0.00025155274500359657,0.0007593871624414099,0.001688210768346829,0.0026763011149044873,0.005408328741509269,0.0608081576830927,23.186344238975817,23.982930298719772,0.0008684765569268533,0.001077397753771408,0.001254852424317221
1.3269999999999642,0.25,3515,55,0.00013022586603816784,0.00025371023305532437,0.0007837489182369868,0.0017107049393774933,0.0026997890158814235,0.0055022472282867186,0.05632277251379938,23.186344238975817,24.039829302987197,0.0008912146617992817,0.0010993609320695049,0.0012790739110819516
1.327999999999964,0.25,3515,55,0.00013152414648619033,0.0002568107340634127,0.0008064835777426922,0.0017296594051957207,0.0027202653143535652,0.0056941129721870265,0.05214162234512868,23.271692745376956,24.096728307254622,0.0009136213929768674,0.0011196556196648262,0.0013001046683527306
1.328999999999964,0.25,3515,55,0.0001328274287000383,0.00026052747712255976,0.0008374156524255823,0.0017452321953427838,0.0027380983966424103,0.005833738947063142,0.04818278231236535,23.271692745376956,24.466571834992887,0.0009355142228201982,0.001142051915233489,0.001317933338054189
1.3299999999999639,0.25,3515,55,0.00013413414592757227,0.00026481141980253816,0.0008664582860762994,0.0017576322412716735,0.002753420332398298,0.006032517613456967,0.043939070355729415,23.271692745376956,24.69416785206259,0.0009567155723525013,0.0011639452769379103,0.0013326744872728113
1.3309999999999638,0.25,3515,55,0.00013544279506420978,0.0002717058818722962,0.0008789850513993249,0.0017670979450747576,0.0027667400109480404,0.006209735668831075,0.03966948392156323,23.271692745376956,24.69416785206259,0.0009770695961797834,0.001182713239315271,0.0013445448597195764
1.3319999999999637,0.25,3515,55,0.0001367520563996558,0.00027852118542585354,0.0008835212123107099,0.0017738785547951402,0.0027795702575671775,0.006585171674710059,0.03722068026569553,23.357041251778092,24.69416785206259,0.000996444476162657,0.0011981641870447977,0.0013538332733737946
1.3329999999999635,0.25,3515,55,0.00013806075813212277,0.00028569330016746424,0.0008983051591535909,0.001778218098396819,0.0027925848317655547,0.0069017248743282,0.03518450028487189,23.357041251778092,24.69416785206259,0.001014731855398661,0.001210244733459805,0.0013624315775615514
1.3339999999999634,0.25,3515,55,0.00013936793365065307,0.0002954947046924938,0.0009073464562521071,0.0017803446762330386,0.002805790215524514,0.007578400308129937,0.032748868595234744,23.556187766714082,24.779516358463727,0.0010318482533181108,0.0012190427071342598,0.0013693912978460787
1.3349999999999633,0.25,3515,55,0.00014067293403081693,0.00030630549597738166,0.0009135488062987909,0.001780465421295782,0.0028180755865830657,0.00818335707971304,0.03023998733982218,23.556187766714082,25.064011379800853,0.0010477256401993673,0.0012247775334948978,0.0013740676830877874
1.3359999999999632,0.25,3515,55,0.00014197538019047187,0.0003180364500955678,0.0009263322603603245,0.001778766348391686,0.002830684132739338,0.008696189980732388,0.027970251250548906,23.556187766714082,25.54765291607397,0.0010623036348814635,0.0012277780213551116,0.0013768119038779503
1.336999999999963,0.25,3515,55,0.00014327520089745774,0.0003250221094934473,0.0009372408607885313,0.0017754159072355528,0.0028437665209285743,0.008924979588305388,0.026701174273502506,23.556187766714082,25.689900426742536,0.0010755231004649516,0.0012284524490725475,0.0013779882441262714
1.337999999999963,0.25,3515,55,0.00014457271260855686,0.0003350778806528947,0.0009463457522543482,0.001770570840764069,0.002857162015780713,0.00929234808150277,0.02833437803346802,23.698435277382647,25.860597439544808,0.00108732683063,0.0012272546510189882,0.0013779521989576438
1.3389999999999629,0.25,3515,55,0.00014586848245441063,0.0003467595373789696,0.0009536494726063051,0.0017643822332545156,0.002871279324738602,0.009521432362973436,0.028862451024644836,23.812233285917497,25.860597439544808,0.0010976524556250264,0.00122730354346698,0.0013770312869851864
1.3399999999999628,0.25,3515,55,0.00014716301737904212,0.0003576176806965391,0.0009587034671111395,0.0017570005505419934,0.002886731688263845,0.009955429664161344,0.028779650777419414,23.812233285917497,25.860597439544808,0.0011064397586704995,0.0012300841837342097,0.0013755099886303412
1.3409999999999627,0.25,3515,55,0.00014845657761566866,0.00037166072929190703,0.0009615365313955567,0.001748578707001068,0.0029031110192866906,0.010512376817377982,0.03156611034301421,23.812233285917497,26.002844950213372,0.0011136357794773225,0.0012325200376306572,0.001374792735450825
1.3419999999999626,0.25,3515,55,0.00014974889893152235,0.0003835110446054691,0.0009622514360785377,0.0017392729873537097,0.0029215779685338905,0.010786328974895095,0.034309641838570645,23.897581792318633,26.5149359886202,0.0011192172222117063,0.001234729093905149,0.0013748538754434492
1.3429999999999624,0.25,3515,55,0.00015103949217800118,0.00039790714347074616,0.0009673806011561187,0.0017292427222217331,0.002939257550348603,0.010740815342036577,0.036645029358029546,23.897581792318633,26.600284495021338,0.0011231973020874814,0.0012367882549367062,0.0013749916133320994
1.3439999999999623,0.25,3515,55,0.0001523280841276804,0.00040606984226133154,0.0009714897442489293,0.0017186479802398563,0.0029543703594286526,0.010915030830593522,0.03828223164837074,23.897581792318633,26.685633001422477,0.0011256254662757672,0.0012385472748540588,0.0013752342442288068
1.3449999999999622,0.25,3515,55,0.00015361473047987895,0.0004201744743141342,0.0009697587373931709,0.001707646038299776,0.0029670638939575996,0.010759738603423882,0.0390155996132619,24.011379800853486,26.85633001422475,0.0011265852507257763,0.0012403646723096722,0.0013755762511387104
1.3459999999999621,0.25,3515,55,0.00015489976452830452,0.0004295594232192372,0.0009744771887620476,0.0016963881442805682,0.0029780650888886926,0.010811265924157213,0.04043807910924963,24.011379800853486,26.85633001422475,0.0011265852507257763,0.0012453789244515493,0.0013759827412727077
1.346999999999962,0.25,3515,55,0.00015618369385778845,0.00044025692096601404,0.0009676851369297263,0.0016850162999668121,0.0029865076003230853,0.010890651846838179,0.04151533291020816,24.06827880512091,26.913229018492174,0.0011265852507257763,0.0012500175562911403,0.0013763945822162782
1.347999999999962,0.25,3515,55,0.00015746708956879796,0.0004520125902788596,0.000953688710780494,0.0016736609049421958,0.0029927987570111726,0.010815443057195527,0.041789414247834056,24.06827880512091,27.14082503556188,0.0011265852507257763,0.0012542003665967699,0.001376734490211362
1.3489999999999618,0.25,3515,55,0.00015875048451642563,0.0004674562623680337,0.0009505303641731052,0.0016624398521944159,0.002998610430738801,0.011004810107741887,0.0412425241462183,24.06827880512091,27.254623044096725,0.0011265852507257763,0.0012578535583859399,0.0013769142753297103
1.3499999999999617,0.25,3515,55,0.00016003428823483173,0.0004808989861585287,0.0009544669561703107,0.0016514590609162415,0.003004917411321316,0.010948820840631342,0.03988314930543335,24.06827880512091,27.254623044096725,0.0011265852507257763,0.0012587537295611355,0.0013768428626299567
1.3509999999999616,0.25,3515,55,0.00016131872875871042,0.0004929202961990384,0.0009490641175103929,0.0016408145408202738,0.003012111973482591,0.010710945454182646,0.037745296429496644,24.06827880512091,27.254623044096725,0.0011265852507257763,0.0012574672844314402,0.0013764352648841793
1.3519999999999615,0.25,3515,55,0.00016260386376725245,0.0005068705296244171,0.0009423563918353695,0.0016305958689651632,0.0030182607079286185,0.01058007048301988,0.03488745723744295,24.06827880512091,27.254623044096725,0.0011265852507257763,0.0012558259587234738,0.0013756214004025935
1.3529999999999613,0.25,3515,55,0.00016388962568753863,0.0005201882274088686,0.0009395409113164402,0.0016208904852098064,0.0030235037260843704,0.010543096179021475,0.03139108116466936,24.15362731152205,27.254623044096725,0.0011265852507257763,0.0012538708287614304,0.0013743539855717302
1.3539999999999612,0.25,3515,55,0.0001651758553499277,0.0005316082556149458,0.0009384642397157231,0.0016117881981653319,0.0030286939559448878,0.01048752610584573,0.02735840158435463,24.15362731152205,27.368421052631582,0.0011265852507257763,0.0012516669486618433,0.0013726151501209927
1.3549999999999611,0.25,3515,55,0.0001664622951446351,0.000540508066500985,0.0009400700887830252,0.00160338514530447,0.003032631731964819,0.010383542940995484,0.022909766136340333,24.15362731152205,27.453769559032715,0.0011265852507257763,0.0012492777331861975,0.0013704212430596385
1.355999999999961,0.25,3515,55,0.00016774850154731042,0.0005488908862019803,0.0009416983652446053,0.0015957865736177198,0.0030327914003245074,0.01032331358518093,0.018353399863263873,24.15362731152205,27.539118065433854,0.0011265852507257763,0.0012467763584941035,0.0013678253974518384
1.356999999999961,0.25,3515,55,0.00016903380290735114,0.0005574067361689438,0.0009427020973967782,0.0015891078421161376,0.0030268710299883113,0.01027371845234712,0.019446484768291132,24.15362731152205,27.539118065433854,0.0011265852507257763,0.001244336051862726,0.0013649175266685631
1.3579999999999608,0.25,3515,55,0.0001703173237106494,0.0005657914817840008,0.0009431459607805805,0.0015834733315072322,0.003016762014839937,0.010049742183298464,0.020212231132844514,24.15362731152205,27.539118065433854,0.0011265852507257763,0.0012420650363676221,0.0013618217200956906
1.3589999999999607,0.25,3515,55,0.00017159810614415165,0.0005731135937439676,0.0009443059556872708,0.0015790131382765209,0.003003139221869182,0.009956013517060084,0.02059312746627641,24.15362731152205,27.539118065433854,0.0011265852507257763,0.0012400679426754185,0.0013586910785647888
1.3599999999999606,0.25,3515,55,0.00017287507437553176,0.0005793259872374621,0.0009455862349117944,0.0015758576765631698,0.002985019589170641,0.009739039324448976,0.02055130757382115,24.15362731152205,27.539118065433854,0.0011265852507257763,0.001238441265203507,0.0013557001945194713
1.3609999999999605,0.25,3515,55,0.00017414689481463005,0.0005836112521290967,0.0009466338759889564,0.0015741305671906523,0.0029629192843372548,0.009457415418468998,0.020072023082331338,24.15362731152205,27.652916073968704,0.0011265852507257763,0.001237269667288652,0.001353035712291728
1.3619999999999604,0.25,3515,55,0.0001754122834731091,0.0005881588983493631,0.0009477249568417968,0.0015739403972573026,0.002938499443720527,0.009282615362649346,0.019165071669967206,24.210526315789473,27.652916073968704,0.0011265852507257763,0.0012366231688510831,0.0013508855141779463
1.3629999999999602,0.25,3515,55,0.00017667022683132537,0.0005914064621624095,0.0009490791118957764,0.0015753720678471884,0.002910165978269515,0.009081810506439797,0.01889372757613633,24.295874822190612,27.766714082503558,0.0011265852507257763,0.0012365552083092198,0.0013494272065734947
1.3639999999999601,0.25,3515,55,0.00017791903630344947,0.000592027987991045,0.0009502215113614661,0.0015784785354570475,0.002880934736767974,0.008867572735709628,0.01894639121083884,24.295874822190612,27.766714082503558,0.0011265852507257763,0.001237031419590516,0.0013488166498376586
1.36499999999996,0.25,3515,55,0.0001791559780153468,0.0005924246867045146,0.0009511557775842425,0.0015832737469960447,0.0028522461474310853,0.008606010112759778,0.020555562894182217,24.295874822190612,27.766714082503558,0.0011265852507257763,0.0012381281106973053,0.001349177328073381
1.36599999999996,0.25,3515,55,0.00018037889435089857,0.0005938229601477649,0.0009549915451874728,0.0015897274764320444,0.0028247220442479066,0.00841428881740541,0.022980102247916943,24.38122332859175,27.766714082503558,0.0011265852507257763,0.001239851205096346,0.0013505913888174348
1.3669999999999598,0.25,3515,55,0.00018158660844832156,0.0005918309578179919,0.0009574520423348872,0.0015977626428221032,0.0028046917354096704,0.008224330534276243,0.02496904616334119,24.38122332859175,27.766714082503558,0.0011288041070072986,0.0012421864533996864,0.0013530931079408504
1.3679999999999597,0.25,3515,55,0.00018277978326654347,0.0005893712458622,0.0009579560826528405,0.0016072561965152178,0.0027926716095095904,0.008145350338283936,0.026514908291505157,24.38122332859175,27.852062588904698,0.001131252245344652,0.0012451044892889463,0.0013566658104195994
1.3689999999999596,0.25,3515,55,0.00018395731383518392,0.0005891070871471403,0.0009587832944730312,0.0016180424148485913,0.002793337723287137,0.0080936901142636,0.027610415888158952,24.38122332859175,27.852062588904698,0.0011334113667976135,0.0012485630726222529,0.00136124225515033
1.3699999999999595,0.25,3515,55,0.0001851193098088664,0.0005886681498484407,0.0009599595035682882,0.0016299185267827695,0.002803804425627321,0.00787608045820538,0.028249396542364573,24.38122332859175,27.852062588904698,0.0011352741445382138,0.0012525093535426493,0.0013667082645945072
1.3709999999999594,0.25,3515,55,0.00018626724582184297,0.0005875428376939653,0.0009615062584377031,0.0016426530338029546,0.0028210981745751588,0.007840562572793917,0.028430198223076148,24.38122332859175,27.852062588904698,0.0011368450574563266,0.0012568775754050075,0.0013729099652834975
1.3719999999999593,0.25,3515,55,0.00018740295649911218,0.0005851534939727431,0.0009634378428684363,0.001655995976228915,0.0028423535586254746,0.00800791210617288,0.028160437735175084,24.38122332859175,27.965860597439544,0.0011381307446385015,0.0012596884705521852,0.0013796640809964344
1.3729999999999591,0.25,3515,55,0.0001885313232389945,0.0005835736303571409,0.0009657583023350133,0.0016696904140018121,0.002867495335893439,0.008029994479050792,0.027461613708082287,24.38122332859175,27.965860597439544,0.001139138049605459,0.0012628858347435927,0.0013867704592165353
1.373999999999959,0.25,3515,55,0.00018966299955203077,0.0005807867153058553,0.0009693144334016001,0.0016834843580120899,0.002896411236685709,0.008185471362623065,0.026372237320928228,24.38122332859175,28.051209103840684,0.0011398724659866528,0.001266384437380829,0.0013940258407458828
1.374999999999959,0.25,3515,55,0.00019079787634268774,0.0005791176723062134,0.0009733563255593249,0.0016971422607804443,0.002926197642579741,0.008211695229205604,0.024948420564178755,24.38122332859175,28.051209103840684,0.0011403328509387103,0.0012700955924362062,0.0014012377174488222
1.3759999999999588,0.25,3515,55,0.00019193317366506113,0.0005765217179406996,0.0009777786738927286,0.0017104550877848769,0.0029545533283488754,0.008139024087564103,0.023261360405350113,24.38122332859175,28.051209103840684,0.0011405133548450905,0.0012739331031816972,0.0014082369971184505
1.3769999999999587,0.25,3515,55,0.00019307319069014343,0.0005733879943311083,0.0009825245231868875,0.0017232480197949785,0.0029790997885478865,0.00814770032280177,0.021391814405628606,24.38122332859175,28.13655761024182,0.0011405133548450905,0.0012778185177168804,0.0014148881820830184
1.3779999999999586,0.25,3515,55,0.00019422349393405052,0.0005710587465034509,0.000987524302405285,0.001735385140224339,0.0029981495008065736,0.008120864489323393,0.02039234154245256,24.38122332859175,28.13655761024182,0.0011405133548450905,0.0012816852848135264,0.0014210961249396803
1.3789999999999585,0.25,3515,55,0.00019537687334815395,0.000569956714581509,0.000990898191530165,0.001746770725593472,0.0030118906400327865,0.00803709070450585,0.019789852683824275,24.38122332859175,28.13655761024182,0.0011405133548450905,0.0012854814482796747,0.0014268087478477298
1.3799999999999584,0.25,3515,55,0.00019653085008254867,0.0005680143471373363,0.0009933299267809916,0.0017573470748552997,0.0030188727917973375,0.007970828031670549,0.018877854659498882,24.38122332859175,28.193456614509245,0.0011405133548450905,0.0012891706421464012,0.001432015543407772
1.3809999999999583,0.25,3515,55,0.00019768417383256716,0.0005661378401566572,0.0009989308623014623,0.0017670892709899964,0.003018652567883772,0.00786610721930382,0.01768047183521317,24.38122332859175,28.250355618776673,0.0011405133548450905,0.0012927314022556818,0.0014367421566134908
1.3819999999999582,0.25,3515,55,0.0001988372673018063,0.0005654380489875911,0.0010051733191313898,0.0017759976164060853,0.003012213762660257,0.007789000600239079,0.016698246788649854,24.38122332859175,28.250355618776673,0.0011405133548450905,0.001296155006137211,0.0014410417862364966
1.382999999999958,0.25,3515,55,0.00019998995509200407,0.0005644737916978268,0.0010107853946745933,0.0017840887333896538,0.0030007000590557102,0.0075981200971866275,0.016397044792656395,24.38122332859175,28.250355618776673,0.0011405133548450905,0.0012997975877060083,0.0014449844899147024
1.383999999999958,0.25,3515,55,0.00020114246065269036,0.0005642219513648642,0.0010107171181627135,0.001791386449367892,0.0029839667266872215,0.007477192646326091,0.016153739151079205,24.38122332859175,28.250355618776673,0.0011405133548450905,0.0013041802974273768,0.0014486456867217612
1.3849999999999578,0.25,3515,55,0.0002022944570052103,0.0005646077892315604,0.0010155844371855427,0.001797913563129188,0.002963190525855139,0.00735214726307369,0.015771738020386804,24.38122332859175,28.250355618776673,0.0011405133548450905,0.0013082663615070554,0.0014520951952938788
1.3859999999999577,0.25,3515,55,0.00020344702087685812,0.0005627067326480472,0.0010226686460534772,0.001803685419253903,0.0029384158279667826,0.0072045143387347195,0.015523475785068007,24.38122332859175,28.250355618776673,0.0011405133548450905,0.0013120354966242435,0.001455388020509929
1.3869999999999576,0.25,3515,55,0.0002046002072683862,0.0005632118688498825,0.0010283969127828604,0.0018087059330743032,0.0029104688540299967,0.00710041965164068,0.014989724610388264,24.38122332859175,28.250355618776673,0.0011405133548450905,0.0013154734312490989,0.0014585578280623679
1.3879999999999575,0.25,3515,55,0.00020575561401851397,0.0005631685569083271,0.0010340100278369896,0.0018129663528339195,0.0028810417370714225,0.007073210020801581,0.014207855283390983,24.438122332859173,28.250355618776673,0.0011405133548450905,0.001318571057108474,0.0014616136651568468
1.3889999999999574,0.25,3515,55,0.00020691396636568236,0.0005630987698085309,0.0010399787104344532,0.0018164466719565858,0.0028520975090282567,0.007001243177307463,0.013211460329794814,24.438122332859173,28.3072546230441,0.0011405133548450905,0.001321323555289058,0.0014645400515398421
1.3899999999999573,0.25,3515,55,0.00020807652363277434,0.000562721430714478,0.0010455346195657575,0.0018191192639084584,0.0028263421765370067,0.006961830996075371,0.013821864479697382,24.438122332859173,28.3072546230441,0.0011405133548450905,0.001323729536611789,0.001467300138656924
1.3909999999999572,0.25,3515,55,0.0002092438515937592,0.0005625931422100467,0.0010503579396012267,0.0018209540490633034,0.002807073967205972,0.006944845191028015,0.014178102461875846,24.438122332859173,28.3072546230441,0.0011405133548450905,0.0013257902235333703,0.0014698412736642297
1.391999999999957,0.25,3515,55,0.00021041756488881478,0.0005636815379659219,0.0010520894106136906,0.001821924346613524,0.002794863865938285,0.0069492997522044905,0.01425510409127463,24.523470839260312,28.3072546230441,0.0011405133548450905,0.0013275086913066435,0.0014721020539454344
1.392999999999957,0.25,3515,55,0.00021159716667966592,0.0005658416873248172,0.0010541218710095526,0.0018220125293286662,0.0027862175789143003,0.0070380780477826725,0.014045895535905064,24.523470839260312,28.3072546230441,0.0011405133548450905,0.0013288891807057546,0.0014740198448173203
1.3939999999999568,0.25,3515,55,0.0002127779769938889,0.000568109434431462,0.001056184626859975,0.0018212146829094103,0.0027807237240740955,0.007051995847899176,0.013554738152900673,24.523470839260312,28.3072546230441,0.0011405133548450905,0.0013299364929169539,0.0014755377649393608
1.3949999999999567,0.25,3515,55,0.00021395581938124227,0.0005696291823065828,0.001058248342012127,0.001819543657226051,0.002777793749579703,0.007087053161500161,0.012797200162548516,24.523470839260312,28.392603129445238,0.0011405133548450905,0.0013306554785065899,0.0014766103063621472
1.3959999999999566,0.25,3515,55,0.00021512699693483858,0.0005710878368154822,0.0010602883126235433,0.0018170301539800452,0.0027781549562813698,0.007202190970485694,0.011799820376827004,24.523470839260312,28.392603129445238,0.0011405133548450905,0.001331050635423542,0.0014772070174871033
1.3969999999999565,0.25,3515,55,0.0002162886668538649,0.0005715029742201361,0.0010594269503076082,0.0018137217862048396,0.002779249100557685,0.0073044211886118884,0.011750797348682071,24.523470839260312,28.392603129445238,0.0011405133548450905,0.0013311258338951344,0.0014773139937815927
1.3979999999999564,0.25,3515,55,0.00021743818886330062,0.0005723051447234602,0.0010571586019217595,0.0018096803281851398,0.002780239013761963,0.007374612813979003,0.011966715281581688,24.523470839260312,28.392603129445238,0.0011405133548450905,0.0013308841872890285,0.0014769332445006
1.3989999999999563,0.25,3515,55,0.00021857306326002307,0.0005730610853615996,0.0010539019231765269,0.0018049776110539474,0.0027818508532515746,0.007431734194760303,0.011896100805312395,24.523470839260312,28.392603129445238,0.0011405133548450905,0.0013307368020723008,0.0014760802878193147
1.3999999999999562,0.25,3515,55,0.00021969114700415708,0.0005740360818866095,0.0010497432944335749,0.0017996906793326978,0.0027857215337531204,0.00757404342626566,0.011575787166932184,24.523470839260312,28.56330014224751,0.0011405133548450905,0.0013307315109462286,0.001474780535094311
1.400999999999956,0.3,3495,75,0.0002154371624812902,0.0005487043972745466,0.0009472532730562161,0.001417175090034602,0.0027770157632773505,0.007614811335415483,0.018084170413877894,24.663805436337626,28.583690987124466,0.0006774539607660448,0.0011762960539833216,0.0012756884212095088
1.401999999999956,0.3,3495,75,0.00021656709662053384,0.0005491736526749055,0.0009450959211825257,0.001418640667445113,0.0028226503332823396,0.007739766123938438,0.03775132983065516,24.74964234620887,28.583690987124466,0.0006774539607660448,0.0011755110839479735,0.0012763626645906356
1.4029999999999558,0.3,3495,75,0.00021770892863760193,0.0005495051850060859,0.0009422531002530111,0.001423272447983067,0.0028764685216321507,0.007829591783209798,0.05374478613840884,24.74964234620887,28.583690987124466,0.0006828153445931281,0.0011757490122291097,0.001278391794073741
1.4039999999999557,0.3,3495,75,0.00021886609446934767,0.0005501018205341022,0.0009385322572791645,0.0014311392178644436,0.0029313706194917808,0.00790692518087297,0.06356600465084809,24.74964234620887,28.698140200286122,0.0006946566015371243,0.0011772259278688925,0.0012816749672523997
1.4049999999999556,0.3,3495,75,0.00022003933021564386,0.0005510675002372667,0.0009495672750549782,0.0014423370956382505,0.0029845155599235148,0.008078883607611831,0.06673637046357832,24.74964234620887,28.75536480686695,0.0007076067328847111,0.0011801480638517826,0.0012860997820709485
1.4059999999999555,0.3,3495,75,0.0002212256347305915,0.0005518752396164838,0.0009439860383257016,0.0014569548117978396,0.0030367884900918875,0.008135274020008652,0.06926197978461729,24.8068669527897,28.841201716738198,0.0007200238825391493,0.0011847436262704195,0.0012915508076325466
1.4069999999999554,0.3,3495,75,0.00022242866106168648,0.0005520488549576382,0.0009396631506146608,0.001475030312590174,0.0030922638216000845,0.008119177425078651,0.07408571493489756,24.892703862660944,28.86981402002861,0.0007319430799201497,0.0011966317908536446,0.0012979187853972007
1.4079999999999553,0.3,3495,75,0.0002236484772553326,0.0005550940676632645,0.0009534644221744971,0.001496515981712145,0.0031434222047568494,0.008157299488775516,0.07642207734223438,24.892703862660944,28.86981402002861,0.0007427703166926864,0.0012091888479784391,0.0013051184173846764
1.4089999999999552,0.3,3495,75,0.00022488564174716878,0.000556840277321091,0.0009535679830769726,0.0015212511107696055,0.003188924264290197,0.008158492142009163,0.07769225233167353,24.892703862660944,28.86981402002861,0.0007518114305931898,0.0012199916930069052,0.0013131106092423295
1.409999999999955,0.3,3495,75,0.00022614390916929938,0.0005586769707970102,0.0009695710884929045,0.0015489461343500684,0.003230978011745142,0.008163497652773351,0.07816662915569593,24.92131616595136,28.86981402002861,0.000759601185919623,0.0012320038412816485,0.0013219245706075355
1.410999999999955,0.3,3495,75,0.00022742412012148242,0.000560267570946385,0.0009870040558432544,0.0015791901668942008,0.0032703209524339383,0.008108032863919227,0.07766424981250386,24.92131616595136,28.955650929899857,0.0007663286000371101,0.0012450218326646868,0.00133167746866647
1.4119999999999548,0.3,3495,75,0.00022872839766557138,0.0005621184835002492,0.0010018441496806117,0.0016114793415141157,0.003307874903458878,0.0081059767780251,0.07706450848152199,24.92131616595136,28.955650929899857,0.00077249836487786,0.00125888901424263,0.0013425825314605788
1.4129999999999547,0.3,3495,75,0.00023005947896872987,0.0005639981471534655,0.0010137387624212647,0.0016452642489742629,0.0033432944783801156,0.008027886698356853,0.07618434133816074,24.92131616595136,28.955650929899857,0.0007921830094442177,0.0012735225952177948,0.001354942051801089
1.4139999999999546,0.3,3495,75,0.00023141681766022893,0.0005671196706145819,0.0010271111695742316,0.0016800101468762096,0.0033743404444375436,0.008018513390054703,0.07500589807250317,24.92131616595136,28.955650929899857,0.0008212353344008076,0.0012889280588565656,0.0013691227711092324
1.4149999999999545,0.3,3495,75,0.00023280175087417808,0.0005699005616230074,0.001041748648861603,0.0017152538116633447,0.0034018660716536764,0.007884943649172896,0.07382129811914859,24.97854077253219,28.955650929899857,0.0008598416510492437,0.001305194039826399,0.001385511874786971
1.4159999999999544,0.3,3495,75,0.00023421486362201876,0.0005714574432517292,0.0010555102598408933,0.001750644912217673,0.0034269691512039064,0.007828749436599537,0.07232158287313323,24.97854077253219,29.0414878397711,0.0009010713924056778,0.0013224698654192666,0.0014044588321233675
1.4169999999999543,0.3,3495,75,0.00023565560774109636,0.0005759092788190759,0.0010702622333086768,0.0017859607728130174,0.0034514643731528715,0.007721754657566387,0.07052508404143594,25.035765379113016,29.0414878397711,0.0009408538133073751,0.0013400363369296855,0.001426210860664412
1.4179999999999542,0.3,3495,75,0.00023712413276212488,0.0005760844041161011,0.0010850214339347946,0.001821088791265045,0.003476783836916428,0.007640005290017534,0.0684673234165585,25.035765379113016,29.0414878397711,0.0009796043139053646,0.0013575564763385244,0.0014508516476325894
1.418999999999954,0.3,3495,75,0.00023861999638811454,0.0005755308111285841,0.0011000562568118707,0.0018559820523770588,0.003503429564491927,0.007589840565067412,0.06931044279982279,25.035765379113016,29.0414878397711,0.0010174803182026045,0.001375361201704481,0.0014782549707703652
1.419999999999954,0.3,3495,75,0.0002401426015071886,0.0005750191625892152,0.0011144707821632129,0.0018905990970825206,0.003528952077931217,0.0075989865732472815,0.06872130684770723,25.035765379113016,29.0414878397711,0.0010543106631829436,0.0013941157581886152,0.0015080622146079747
1.4209999999999539,0.3,3495,75,0.00024169195074804427,0.0005750030822814858,0.0011284998487225814,0.0019248440398225012,0.003552304118007616,0.00763697113345857,0.06632621165876654,25.035765379113016,29.0414878397711,0.0010902876663615904,0.0014145017183279593,0.0015396896677657423
1.4219999999999537,0.3,3495,75,0.00024326766372735186,0.000572804588732349,0.0011513069464031752,0.00195852734915356,0.003574164083201535,0.007556141903366572,0.06300593835550547,25.121602288984263,29.29899856938484,0.00112519218924402,0.0014389493990076222,0.0015723653596992904
1.4229999999999536,0.3,3495,75,0.0002448694569442418,0.0005744218720529928,0.0011780442802480449,0.0019913528107056975,0.0035941028044611583,0.007677944011326407,0.061020691445828695,25.121602288984263,29.32761087267525,0.0011587249732488444,0.0014642973272694295,0.0016051928519082992
1.4239999999999535,0.3,3495,75,0.00024649703960546727,0.000574486995021113,0.0011932989848936527,0.0020229383441743394,0.0036139825617348253,0.007733033216936291,0.05777422755255582,25.121602288984263,29.32761087267525,0.0011906844072243946,0.0014902140417082069,0.0016372442843710644
1.4249999999999534,0.3,3495,75,0.00024814954587893876,0.0005767151826047059,0.001216207989019836,0.0020528685717836506,0.003633480462823735,0.007821539240348018,0.053710826163544244,25.121602288984263,29.32761087267525,0.0012206903472570792,0.0015163418615559393,0.0016676605825161062
1.4259999999999533,0.3,3495,75,0.00024982596584568816,0.00057585144804816,0.0012335128028424468,0.002080754837632287,0.003652063104286006,0.007872023061290548,0.04930170228789454,25.121602288984263,29.32761087267525,0.0012484636906549373,0.0015421333231909584,0.0016957341365824163
1.4269999999999532,0.3,3495,75,0.0002515249720102178,0.0005769799584290999,0.001257733532315061,0.002106298817225848,0.003668483464462378,0.0079639493984822,0.04495838344749108,25.121602288984263,29.32761087267525,0.0012738325555489872,0.0015670794255417079,0.0017209725037510282
1.427999999999953,0.3,3495,75,0.0002532447879228242,0.0005822795508055673,0.0012824510410601065,0.00212934368579935,0.003681141039023388,0.008066496922364167,0.041538300269602486,25.121602288984263,29.32761087267525,0.0012966089279292763,0.0015906903932116924,0.0017431358423607435
1.428999999999953,0.3,3495,75,0.00025498347274066803,0.0005876184743039771,0.0013062805055982624,0.0021498995694751587,0.0036903330198206352,0.008141670277182727,0.039502004022511424,25.121602288984263,29.32761087267525,0.001316772849404221,0.0016125388896348707,0.001762241219701366
1.4299999999999529,0.3,3495,75,0.0002567387715951326,0.0005896643079877845,0.0013297097804078842,0.0021681394269087804,0.0036943914435958,0.008147544019976229,0.037118990560798294,25.121602288984263,29.32761087267525,0.0013343986234858657,0.0016302578288960592,0.0017785344398610903
1.4309999999999528,0.3,3495,75,0.0002585082393614385,0.0005957313999742011,0.0013523035255264548,0.0021843688571039155,0.0036937464416650382,0.008127053089897812,0.034169415687007855,25.207439198855507,29.41344778254649,0.0013496002088493055,0.0016444160106490783,0.0017924356520353513
1.4319999999999526,0.3,3495,75,0.00026028947530523416,0.0006028597776222982,0.0013716189447157893,0.002198973540763476,0.0036887650425297,0.008125710251170872,0.03062824640398774,25.207439198855507,29.585121602288982,0.0013626077897059378,0.0016566642736032667,0.0018044613463210624
1.4329999999999525,0.3,3495,75,0.0002620801204716043,0.0006113524614696235,0.001379459033619799,0.002212355029059979,0.003680687201368467,0.008136629984580932,0.029987584864164005,25.207439198855507,29.728183118741057,0.0013736380986719475,0.0016672673156377848,0.0018151431665813789
1.4339999999999524,0.3,3495,75,0.0002638780874593877,0.0006180137305221757,0.0013879404371343004,0.0022248673573468485,0.003669802718464681,0.008169438439849892,0.029451277075746272,25.207439198855507,29.728183118741057,0.0013829006292249459,0.0016767880166499915,0.0018249576460824812
1.4349999999999523,0.3,3495,75,0.00026568174679371566,0.000621608959733858,0.001396737838591499,0.0022367669571286444,0.0036562487771571164,0.008167834362385128,0.029043551705698167,25.207439198855507,29.928469241773964,0.0013905953235588916,0.00168661964462012,0.0018342707906633393
1.4359999999999522,0.3,3495,75,0.00026749001627107867,0.0006309701096500488,0.0014051663400695758,0.0022481794572056703,0.003640691657154389,0.00809933660411844,0.027970189732545215,25.236051502145923,29.928469241773964,0.0013968464173801111,0.0016946824289769719,0.0018433051153259328
1.436999999999952,0.3,3495,75,0.0002693025440224396,0.000637480695152767,0.0014183488677816615,0.002259088991330845,0.0036233297385870116,0.008139037436093979,0.026396914103687063,25.236051502145923,29.985693848354796,0.001401742595606971,0.001701399126010241,0.0018521335559071872
1.437999999999952,0.3,3495,75,0.0002711196158986904,0.0006494098709500254,0.0014331380233077546,0.0022693534434561485,0.0036051127130977243,0.008272749880082047,0.027097880268744084,25.293276108726754,30.07153075822604,0.0014053301745085246,0.0017071943099205,0.0018606998370742645
1.4389999999999519,0.3,3495,75,0.0002729417130895249,0.0006628431204489427,0.0014456170376106053,0.0022787405226336963,0.003586318423240125,0.008314971904691994,0.028563538504431246,25.293276108726754,30.07153075822604,0.001407616851369191,0.0017130092639371004,0.0018688582851318358
1.4399999999999518,0.3,3495,75,0.00027476875467440727,0.0006712294914696888,0.0014557032421918738,0.0022869772109611287,0.0035657651816228784,0.008510948677227204,0.02954761928851258,25.379113018597998,30.07153075822604,0.0014086103466740745,0.0017196197817921375,0.001876424483029382
1.4409999999999517,0.3,3495,75,0.00027660066573577207,0.0006814762020947484,0.001463480006325216,0.002293802896122788,0.003543878050112175,0.009006668260636171,0.029962843424858075,25.379113018597998,30.07153075822604,0.0014086103466740745,0.0017261598471519234,0.0018832259997019207
1.4419999999999515,0.3,3495,75,0.0002784355332664554,0.0006886582183799967,0.0014691860026381754,0.0022990169326533765,0.003521480104265827,0.009215230395279526,0.029752132586761505,25.379113018597998,30.300429184549355,0.0014086103466740745,0.0017326127116205226,0.0018891442218595955
1.4429999999999514,0.3,3495,75,0.0002802685769710523,0.0006952805231342179,0.0014731823343818095,0.002302513266005658,0.0034995462156756354,0.00925968686658989,0.028899656251729248,25.464949928469245,30.300429184549355,0.0014086103466740745,0.0017389455668758525,0.0018941409908777018
1.4439999999999513,0.3,3495,75,0.0002820975140786822,0.0007019026217640366,0.0014759052155326813,0.0023042969399315245,0.003479204781022698,0.009234681891614324,0.027440032286616855,25.55078683834049,30.300429184549355,0.0014086103466740745,0.0017451214257594254,0.0018982662802820016
1.4449999999999512,0.3,3495,75,0.00028392097256680954,0.0007149050088562802,0.0014776864601525603,0.002304481517881408,0.0034624389451743424,0.008934135010695215,0.025464808662040105,25.55078683834049,30.300429184549355,0.0014086103466740745,0.001751106252518749,0.0019016476653277437
1.445999999999951,0.3,3495,75,0.00028573776103007245,0.0007249240083909568,0.0014786949894219975,0.0023032694176983253,0.0034502840065198234,0.009160405455388132,0.02485185603690875,25.63662374821173,30.300429184549355,0.0014086103466740745,0.001756871453662864,0.0019044650818500486
1.446999999999951,0.3,3495,75,0.000287546601096262,0.000733162155214212,0.0014797101007969317,0.0023009203120985602,0.003445386126662735,0.009384247389537217,0.02500079805190287,25.63662374821173,30.300429184549355,0.0014086103466740745,0.0017623925018689552,0.0019069171714676258
1.4479999999999509,0.3,3495,75,0.0002893460678218069,0.0007432891440706782,0.0014809897899045257,0.0022977142785961606,0.00344658688884617,0.009460940965163775,0.024590848170406264,25.63662374821173,30.300429184549355,0.0014086103466740745,0.0017676453584561604,0.0019091864525790925
1.4489999999999508,0.3,3495,75,0.0002911346742614798,0.0007550718791739745,0.0014826527456992511,0.002293916660474444,0.00345359171543796,0.00967201780676986,0.02408164886958394,25.63662374821173,30.3862660944206,0.0014086103466740745,0.0017726024165494638,0.0019114101287982521
1.4499999999999507,0.3,3495,75,0.0002929109844624507,0.0007700899935086051,0.0014846848527455855,0.002289750931539792,0.0034627343947320156,0.009718170148247265,0.023681514349412066,25.63662374821173,30.3862660944206,0.0014086103466740745,0.0017772290651513346,0.0019136616071726564
1.4509999999999506,0.3,3495,75,0.00029467369937555033,0.0007838601032149927,0.0014869645357607133,0.0022853836447385245,0.0034723258926135443,0.009677957845629593,0.023724709412904457,25.75107296137339,30.3862660944206,0.0014086103466740745,0.001781482595149032,0.0019159449950727492
1.4519999999999504,0.3,3495,75,0.00029642171152116095,0.000797888675393979,0.0014893011114628849,0.0022809226285148672,0.003483128745600793,0.009829274328273496,0.02339710604761017,25.75107296137339,30.44349070100143,0.0014086103466740745,0.001784659103758218,0.0019182032694473605
1.4529999999999503,0.3,3495,75,0.00029815411221136836,0.0008105280271144245,0.0014914787373394773,0.0022764265625757774,0.0034918831293502756,0.009606435759422853,0.02265989276370871,25.80829756795422,30.701001430615165,0.0014086103466740745,0.0017872410965421056,0.0019203377048597758
1.4539999999999502,0.3,3495,75,0.0002998701798571694,0.0008234104877114298,0.0014932747876001684,0.0022719227984282337,0.0034989163304887665,0.009451309075486067,0.023928532422273514,25.80829756795422,30.786838340486412,0.0014086103466740745,0.0017894207168914573,0.0019222337896280806
1.45499999999995,0.3,3495,75,0.0003015693573585548,0.0008370832385679904,0.0014944691011906713,0.0022674286371389112,0.003503756213233636,0.00929042715289605,0.024711903998840944,25.894134477825464,30.92989985693848,0.0014086103466740745,0.0017912294158620847,0.0019237881108260524
1.45599999999995,0.3,3495,75,0.0003032512225380061,0.000848439134799722,0.0014951163521013655,0.00226297105754617,0.003507262069010581,0.009240067545410284,0.024956758930752977,25.894134477825464,30.98712446351931,0.0014086103466740745,0.0017926958415625908,0.0019249310705120593
1.45699999999995,0.3,3495,75,0.0003049154537305977,0.0008581618911436496,0.0014952164961137449,0.0022586004126360767,0.0035106486137693534,0.009201970238724317,0.02464074123401501,25.894134477825464,31.072961373390555,0.0014086103466740745,0.0017938438498455657,0.0019256413082082702
1.4579999999999498,0.3,3495,75,0.0003065617726526891,0.000868731478974017,0.0014948383847322537,0.002254395382868223,0.0035144195896941377,0.009204367126418575,0.023775051458368817,25.97997138769671,31.072961373390555,0.0014086103466740745,0.0017946930038418361,0.0019259496444945512
1.4589999999999497,0.3,3495,75,0.00030818987105757145,0.0008784175304173003,0.0014941012019886691,0.0022504587470580637,0.0035177302350391927,0.008945845048249029,0.022526864441060022,26.03719599427754,31.158798283261802,0.0014086103466740745,0.001795261161077136,0.0019259326721403625
1.4599999999999496,0.3,3495,75,0.00030979934803840716,0.0008870973183958626,0.0014931490030855186,0.0022469055487258295,0.0035196956833888414,0.00909670668690086,0.022662219195188717,26.03719599427754,31.158798283261802,0.0014086103466740745,0.0017955683747150535,0.0019256980932489398
1.4609999999999495,0.3,3495,75,0.0003113896518785937,0.0008945521648686652,0.0014932587307273134,0.0022438467848442966,0.0035186428452389303,0.00915578522851372,0.022357649184493143,26.03719599427754,31.158798283261802,0.0014086103466740745,0.0017956411167814755,0.0019253653357260703
1.4619999999999493,0.3,3495,75,0.0003129600805980585,0.0009014772274020421,0.001494902488558723,0.0022413725315432328,0.003514109705971708,0.009147187583184242,0.021627357737118793,26.09442060085837,31.273247496423462,0.0014086103466740745,0.0017955158191368743,0.0019250456394210858
1.4629999999999492,0.3,3495,75,0.0003145098444777533,0.0009092572580767469,0.0014963094645762947,0.002239538323057526,0.003505502449571176,0.0090705955891552,0.02140499441539673,26.09442060085837,31.359084406294706,0.0014086103466740745,0.0017952409279093334,0.0019248255906525458
1.4639999999999491,0.3,3495,75,0.0003160381424475105,0.0009152709632255391,0.0014975055235784277,0.002238357705104414,0.0034960491154558478,0.009000020457401683,0.02255017282559079,26.09442060085837,31.359084406294706,0.0014086103466740745,0.001794876915698893,0.0019247571049092471
1.464999999999949,0.3,3495,75,0.00031754424296629705,0.000920291912080927,0.0014985481807862134,0.002237802433826431,0.0034866251855662066,0.008882304776660374,0.023280928934952753,26.09442060085837,31.359084406294706,0.0014086103466740745,0.0017944941053770615,0.0019248553565169857
1.465999999999949,0.3,3495,75,0.0003190275646217642,0.0009216541765028247,0.0014995184917667842,0.002237810125290447,0.0034768508954139436,0.00873716507317979,0.023570443388353818,26.09442060085837,31.359084406294706,0.0014086103466740745,0.0017941685129739884,0.0019251044604793321
1.4669999999999488,0.3,3495,75,0.0003204877709038151,0.000922886290125421,0.0015005090952975781,0.0022382976311948206,0.003468066175439753,0.008679408073205821,0.023412670356644846,26.09442060085837,31.359084406294706,0.0014086103466740745,0.0017939762699294788,0.00192546916464309
1.4679999999999487,0.3,3495,75,0.00032192487652585934,0.0009256389263222455,0.0015016105379541112,0.002239177328813937,0.0034632522309801204,0.008634212995014105,0.02282298553864252,26.09442060085837,31.444921316165953,0.0014086103466740745,0.001793987395651866,0.0019259097098291988
1.4689999999999486,0.3,3495,75,0.00032333935734552976,0.0009254477815970022,0.0015028980914161198,0.002240373056151764,0.003461069828492174,0.008533457482519305,0.021837403883739132,26.09442060085837,31.444921316165953,0.0014086103466740745,0.0017942598016355165,0.001926396544995157
1.4699999999999485,0.3,3495,75,0.0003247323613995836,0.0009243434301349335,0.0015044201369812014,0.0022418326485657163,0.003460930889933057,0.008382295888826772,0.020510465406356638,26.180257510729614,31.530758226037197,0.0014086103466740745,0.0017948343744856499,0.0019269217973949537
1.4709999999999483,0.3,3495,75,0.0003261057744607359,0.0009237173970702324,0.0015060861698957034,0.002243534856707348,0.00346350156856273,0.008353174862397074,0.019739937978877173,26.180257510729614,31.530758226037197,0.0014086103466740745,0.0017957318258941123,0.0019275052142795346
1.4719999999999482,0.3,3495,75,0.00032746133844525406,0.0009224575318323952,0.001507979871379587,0.0022454896485820863,0.003467927996616866,0.008313924795100024,0.018796932696326846,26.180257510729614,31.530758226037197,0.0014086103466740745,0.001796951728350745,0.001928193520519983
1.4729999999999481,0.3,3495,75,0.0003288013696576235,0.0009220392049787781,0.0015087743374865904,0.0022477322518261508,0.0034757597581417344,0.008304930402795428,0.01776028435586701,26.180257510729614,31.530758226037197,0.0014086103466740745,0.0017984738664089937,0.0019290535130984665
1.473999999999948,0.3,3495,75,0.0003301286671292808,0.000922581246917777,0.0015112324483457975,0.0022503125017644303,0.0034877490293474724,0.008232968410972255,0.017213792904680603,26.237482117310446,31.530758226037197,0.0014086103466740745,0.0018002617253173516,0.0019301604638464198
1.474999999999948,0.3,3495,75,0.0003314469790661887,0.0009227049967296914,0.001513943936774977,0.0022532818886460823,0.0035021048860793894,0.008231807561313484,0.016468793843770247,26.237482117310446,31.530758226037197,0.0014086103466740745,0.0018022676560492418,0.0019315842845237796
1.4759999999999478,0.3,3495,75,0.00033275998250184504,0.0009230752666270171,0.0015162049710803077,0.002256681005388752,0.0035153132876307247,0.00816288108165172,0.01556697337386369,26.237482117310446,31.530758226037197,0.0014086103466740745,0.0018044390574732637,0.0019333762743514171
1.4769999999999477,0.3,3495,75,0.0003340749923424688,0.0009225414061453233,0.0015180754329309923,0.0022605298545345038,0.003527342340511787,0.008132355084571516,0.015576510482774886,26.237482117310446,31.530758226037197,0.0014086103466740745,0.0018067248191218218,0.0019355590737646367
1.4779999999999476,0.3,3495,75,0.00033539866301458696,0.0009205122205868071,0.001519630493961459,0.0022648227626039428,0.0035392010105173553,0.008120565478236516,0.017113332228764763,26.237482117310446,31.530758226037197,0.0014086103466740745,0.00180908121979596,0.001938121752210975
1.4789999999999475,0.3,3495,75,0.000336734651265365,0.0009194480492736462,0.0015209480456158885,0.002269528651639289,0.003550317860815938,0.008055660945401484,0.018420796466399252,26.237482117310446,31.530758226037197,0.0014086103466740745,0.0018114767225604319,0.0019410209273438284
1.4799999999999474,0.3,3495,75,0.00033808429318492734,0.0009187452066659459,0.0015237860080937373,0.0022745963185408892,0.003560939384399119,0.008077955637940023,0.019323623329195183,26.237482117310446,31.530758226037197,0.0014105369669284661,0.0018138949775599795,0.0019441876491228527
1.4809999999999472,0.3,3495,75,0.0003394501699622388,0.0009176936046884132,0.0015259151876050835,0.00227996341944738,0.0035703979053915186,0.008119366364740787,0.019702136241553855,26.237482117310446,31.530758226037197,0.001413895120548728,0.0018163358421061245,0.0019475387163900848
1.4819999999999471,0.3,3495,75,0.0003408315308390487,0.0009172651697575254,0.0015273504760070671,0.002285567176902388,0.0035774135190635003,0.008182988280086187,0.019494355904503467,26.237482117310446,31.530758226037197,0.0014168818882343854,0.0018188143244162278,0.001950990308230871
1.482999999999947,0.3,3495,75,0.0003422213795168923,0.0009167905972887982,0.0015287359458213703,0.0022913544946082972,0.0035800299069588897,0.008171744301749967,0.018694959557139252,26.32331902718169,31.530758226037197,0.0014194518596099745,0.0018213576214978723,0.0019544714201771285
1.483999999999947,0.3,3495,75,0.00034361788127988734,0.00091628858570877,0.0015301206120784737,0.002297289302166311,0.00357466471489174,0.008101661406825646,0.017351058233636325,26.32331902718169,31.530758226037197,0.0014215808080008598,0.0018240007174058004,0.001957934680085316
1.4849999999999468,0.3,3495,75,0.0003450185081648859,0.0009157736633222994,0.0015315462366174942,0.0023033555873979406,0.0035612209463247793,0.008055721743178649,0.015555032188993094,26.40915593705293,31.530758226037197,0.0014232496096536322,0.0018267810686945784,0.0019613626689078956
1.4859999999999467,0.3,3495,75,0.0003464204183700924,0.0009152578980791544,0.0015330414958876766,0.0023095555048697216,0.0035411136030946326,0.008018989418077067,0.013435480672099235,26.40915593705293,31.587982832618028,0.0014244452023452865,0.0018297329789138527,0.001964768739682654
1.4869999999999466,0.3,3495,75,0.00034782310723754787,0.0009146080370080685,0.0015346187363050896,0.0023159029366933985,0.0035154705489226115,0.007975800356829554,0.012901069015763364,26.494992846924177,31.64520743919886,0.0014251728412648292,0.0018328822923310787,0.001968192323651863
1.4879999999999465,0.3,3495,75,0.00034922598306193827,0.0009137198373278051,0.001536473033558558,0.0023224137611953096,0.0034845665614950745,0.007946242554254438,0.013166380784271469,26.494992846924177,31.64520743919886,0.0014254453464155228,0.0018362419460926432,0.001971689653561981
1.4889999999999464,0.3,3495,75,0.00035063062787998596,0.0009127991274384128,0.0015413064401319935,0.002329094697698437,0.0034483403505403036,0.007882892576169089,0.013437224920165143,26.494992846924177,31.731044349070096,0.0014254453464155228,0.0018396795323780447,0.0019753215642168698
1.4899999999999463,0.3,3495,75,0.00035203591383536605,0.0009118997228978398,0.0015458792239868753,0.0023359328318517192,0.003407347980795582,0.007844042135548119,0.013443164239344803,26.494992846924177,31.731044349070096,0.0014254453464155228,0.0018424537159737638,0.00197914043741676
1.4909999999999461,0.3,3495,75,0.0003534397150865723,0.0009106230674650195,0.0015502002967070754,0.0023428877664046313,0.00336266883935721,0.007812025786159418,0.013163568211082685,26.494992846924177,31.731044349070096,0.0014254453464155228,0.0018453750675733321,0.001983178391377294
1.491999999999946,0.3,3495,75,0.0003548416589049456,0.0009100553873561179,0.0015542842970735456,0.0023498878245154205,0.003316170629102141,0.007770351779469636,0.012593630126313256,26.58082975679542,31.731044349070096,0.0014254453464155228,0.001848428958492402,0.0019874384928364464
1.492999999999946,0.3,3495,75,0.00035624012672252767,0.0009096250917860386,0.0015581440989401606,0.0023568309718440647,0.0032698987015489255,0.007623095268835569,0.011745704708465298,26.69527896995708,31.816881258941343,0.0014254453464155228,0.0018515802637973416,0.001991890177549749
1.4939999999999458,0.3,3495,75,0.000357635602095077,0.0009088505684123038,0.001561785196600533,0.002363590290675877,0.003224002444241425,0.007542265536264543,0.011137233520440597,26.69527896995708,31.816881258941343,0.0014254453464155228,0.0018547754076969878,0.001996469326183359
1.4949999999999457,0.3,3495,75,0.00035902606056856663,0.0009098060910556817,0.0015652024492094603,0.0023700230947586607,0.0031797229630330884,0.007410040679644529,0.011269336828565471,26.69527896995708,31.816881258941343,0.0014254453464155228,0.0018579464610074127,0.0020010826991025965
1.4959999999999456,0.3,3495,75,0.0003604087568953118,0.0009108710562364816,0.0015683792302624536,0.002375982241021359,0.0031364728372147224,0.0072648087928773135,0.01132382984273242,26.75250357653791,31.816881258941343,0.0014254453464155228,0.0018610166557071297,0.002005615808986505
1.4969999999999455,0.3,3495,75,0.0003617819661994809,0.0009124009363811745,0.0015712886642755498,0.002381327951192104,0.0030931186860950373,0.007068405943621073,0.011298772894269112,26.75250357653791,31.816881258941343,0.0014254453464155228,0.001863906536942037,0.002009942895689676
1.4979999999999454,0.3,3495,75,0.000363144765371406,0.000913290781808243,0.0015738963876581519,0.0023859385142568986,0.0030484277974931378,0.006943507753625688,0.011192048441385204,26.75250357653791,31.874105865522175,0.0014254453464155228,0.0018665399587825227,0.002013937509961039
1.4989999999999453,0.3,3495,75,0.0003644923305685436,0.0009140130347832555,0.0015761641635856987,0.0023897185577498405,0.0030031349631024617,0.006978801048036603,0.01100130959372679,26.75250357653791,31.874105865522175,0.0014254453464155228,0.0018688492370035,0.0020174823078313864
1.4999999999999452,0.3,3495,75,0.0003658200638661037,0.000914577837544108,0.0015780537025496175,0.0023926040695620167,0.0029601553238224566,0.007082161593742314,0.010724200547571238,26.75250357653791,31.874105865522175,0.0014254453464155228,0.0018707789703793604,0.002020476958552564
1.500999999999945,0.3,3495,75,0.0003671258014503916,0.0009146668389884585,0.0015795301609508223,0.002394563916636538,0.0029210271707021725,0.007179533582859438,0.01035883112671028,26.75250357653791,31.988555078683834,0.0014254453464155228,0.0018722882903277505,0.0020228434990769983
1.501999999999945,0.3,3495,75,0.0003684083770784379,0.0009140712841956418,0.0015805649668491257,0.0023955981403474907,0.0028881185107181265,0.00729183300206571,0.010547800652697233,26.809728183118743,31.988555078683834,0.0014254453464155228,0.0018733515510861792,0.0020245289379623443
1.5029999999999448,0.3,3495,75,0.000369665378061704,0.0009153345445381921,0.00158113780982219,0.0023957337256716995,0.0028658457916764086,0.007352487220728158,0.010744403348281549,26.809728183118743,32.160228898426325,0.0014254453464155228,0.001873957686486888,0.0020255053360429542
1.5039999999999447,0.3,3495,75,0.00037089463469688796,0.0009167955723330114,0.0015812377931244432,0.002395018789019422,0.002855180203817488,0.00737508785146782,0.010880690540566796,26.809728183118743,32.160228898426325,0.0014254453464155228,0.0018741086050428051,0.002025767906062015
1.5049999999999446,0.3,3495,75,0.00037209439618261054,0.0009188021630529589,0.0015808638566965332,0.0023935161910937784,0.002850787409876515,0.007430007221614914,0.010953159428104021,26.86695278969957,32.24606580829757,0.0014254453464155228,0.0018738170568802757,0.002025331842112621
1.5059999999999445,0.3,3495,75,0.00037326354337305324,0.0009210385078544951,0.0015800246310605235,0.0023912974740507753,0.0028487777168768645,0.0073433995487607135,0.010958724808673208,26.86695278969957,32.33190271816881,0.0014254453464155228,0.0018731043856457872,0.0020242286078655525
1.5069999999999444,0.3,3495,75,0.00037440151611761345,0.0009239258605226536,0.0015787378813473078,0.002388437790752138,0.002851723781035595,0.007365929019484326,0.01094453866180609,26.86695278969957,32.33190271816881,0.0014254453464155228,0.0018719984917415556,0.002022502303418605
1.5079999999999443,0.3,3495,75,0.00037550821102805775,0.0009266952442381331,0.0015770296649825163,0.002385012198227184,0.002858463610247639,0.0073153272045486445,0.010944382057517103,26.95278969957082,32.33190271816881,0.0014254453464155228,0.001870532205806496,0.0020202065369474553
1.5089999999999442,0.3,3495,75,0.0003765838836862662,0.0009286305423937638,0.0015749332777294156,0.0023810933895563663,0.0028710582758267955,0.007277246343707067,0.010924363823142828,26.95278969957082,32.33190271816881,0.0014254453464155228,0.0018687421326295686,0.002017402000529245
1.509999999999944,0.3,3495,75,0.00037762906139720924,0.0009303619192599155,0.0015724880213500634,0.0023767506908367567,0.002889032445069167,0.007203343615889278,0.010888086080564876,26.95278969957082,32.41773962804006,0.0014254453464155228,0.001866667903562662,0.002014154738162688
1.510999999999944,0.3,3495,75,0.00037864448562966086,0.0009317728663298182,0.0015697378060950322,0.0023720499876667923,0.0029125453273086215,0.007173751178430274,0.010759037613889222,26.95278969957082,32.41773962804006,0.0014254453464155228,0.001864351690348461,0.002010534935571684
1.5119999999999438,0.3,3495,75,0.0003796310715796397,0.0009316038806175206,0.001566729607756014,0.0023670541809995326,0.0029410657503411153,0.007146487619312317,0.010747956211956794,26.95278969957082,32.41773962804006,0.0014254453464155228,0.0018618377959161135,0.0020066159760681046
1.5129999999999437,0.3,3495,75,0.00038058988390926455,0.0009313405444716651,0.001563511828004767,0.0023618237968977456,0.002974556081569939,0.007118681923319175,0.010677539021933717,26.95278969957082,32.41773962804006,0.0014254453464155228,0.0018591721482598552,0.002002473497043411
1.5139999999999436,0.3,3495,75,0.0003815221254284662,0.0009313106918202368,0.0015601326466042427,0.0023564174641359896,0.003009299517280008,0.007099242233897722,0.010469707857991896,26.95278969957082,32.41773962804006,0.0014254453464155228,0.00185640157259505,0.001998184234601297
1.5149999999999435,0.3,3495,75,0.0003824291517440453,0.0009315084969821483,0.0015566384900488584,0.002350892094415645,0.0030418056497139726,0.007024130127306763,0.010121749702929568,27.181688125894134,32.41773962804006,0.0014254453464155228,0.001853572788085674,0.0019938245361963425
1.5159999999999434,0.3,3495,75,0.00038331250389151913,0.0009319100958521745,0.001553072758883179,0.002345302718927899,0.003071306607947325,0.006913480726482197,0.00963560266052261,27.181688125894134,32.41773962804006,0.0014254453464155228,0.0018507311691413288,0.0019894685255117395
1.5169999999999433,0.3,3495,75,0.00038417392053725555,0.0009324768819550702,0.0015494749467870339,0.002339702026471887,0.0030972287433783186,0.006846083409577664,0.009495079185014854,27.181688125894134,32.41773962804006,0.0014254453464155228,0.001847792176762626,0.001985185993721217
1.5179999999999432,0.3,3495,75,0.00038501532440932877,0.0009331597484014076,0.0015458802459691228,0.0023341396938378533,0.003120778311728433,0.006773469407318579,0.00931772336547317,27.181688125894134,32.41773962804006,0.0014254453464155228,0.001844569553782429,0.001981040164107384
1.518999999999943,0.3,3495,75,0.00038583881028298427,0.0009341560654574227,0.0015442209826733648,0.002328661624045308,0.003144444360833129,0.006715369374892509,0.009070647203271862,27.181688125894134,32.41773962804006,0.0014254453464155228,0.0018414867579176863,0.0019770855209024774
1.519999999999943,0.3,3495,75,0.0003866466088597353,0.0009352443258166866,0.001542906322075226,0.002323309215110573,0.003168860723847917,0.006598180187650571,0.008914696631261146,27.181688125894134,32.41773962804006,0.0014254453464155228,0.0018385691048693714,0.00197336590797903
1.5209999999999428,0.3,3495,75,0.00038744101316755253,0.0009362222284107342,0.001541639662436256,0.0023181187505128733,0.003194105971230301,0.006537558817562372,0.009098387980243396,27.181688125894134,32.474964234620884,0.0014254453464155228,0.0018358336176346763,0.0019699130769765816
1.5219999999999427,0.3,3495,75,0.0003882243216619521,0.0009370498750755547,0.0015404142862298262,0.0023131209273264627,0.0032199348535017075,0.006514897711696518,0.009154810424952635,27.181688125894134,32.474964234620884,0.0014254453464155228,0.0018332891053807773,0.001966745800494607
1.5229999999999426,0.3,3495,75,0.0003889987844374008,0.0009376823426192983,0.0015392199844793157,0.002308340501237093,0.0032442462755395353,0.006510289671872221,0.009068247707779913,27.181688125894134,32.474964234620884,0.0014254453464155228,0.0018309367885756898,0.0019638696108472686
1.5239999999999425,0.3,3495,75,0.0003897665418393507,0.0009380747536576447,0.0015380446951923355,0.0023037960647460673,0.003266028294098559,0.006547785568450916,0.009111638150982152,27.181688125894134,32.474964234620884,0.0014254453464155228,0.0018287713577203899,0.001961277204880929
1.5249999999999424,0.3,3495,75,0.00039052957714543656,0.0009381874720118712,0.0015368758597799745,0.0022995000232514788,0.00328475597299583,0.006552644208452505,0.009123144742701164,27.181688125894134,32.474964234620884,0.0014254453464155228,0.001826782225091646,0.00195894953855813
1.5259999999999423,0.3,3495,75,0.00039128968035945423,0.0009378237218044517,0.0015357015544108861,0.0022954588523858388,0.0033014958206136124,0.006626268944152525,0.009055740024583736,27.181688125894134,32.474964234620884,0.0014254453464155228,0.0018249549105977866,0.001956857602340989
1.5269999999999422,0.3,3495,75,0.00039204843247378913,0.0009369404554527384,0.001534511323144311,0.002291673716903372,0.0033160206903207587,0.006670840414176193,0.00893473630678757,27.181688125894134,32.474964234620884,0.0014254453464155228,0.0018232724814395427,0.00195496482869828
1.527999999999942,0.3,3495,75,0.0003928072119829999,0.0009363766848018636,0.0015332966678864438,0.002288141509435544,0.003329348631559101,0.006766926427246738,0.009065281675679406,27.181688125894134,32.474964234620884,0.0014254453464155228,0.0018217169397625212,0.0019532300377314016
1.528999999999942,0.3,3495,75,0.00039356720975300484,0.0009358471758478712,0.001532051259124566,0.0022848563180499527,0.0033416652953081587,0.006852246024230445,0.009205986671845533,27.181688125894134,32.56080114449213,0.0014254453464155228,0.0018202704641019777,0.0019516107712043151
1.5299999999999419,0.3,3495,75,0.0003943294648095233,0.0009354525774472241,0.0015307709430424504,0.002281811255972349,0.003354253242388514,0.006918072655068457,0.009488472088846523,27.181688125894134,32.56080114449213,0.0014254453464155228,0.0018189164296205543,0.0019500668034773128
1.5309999999999417,0.3,3495,75,0.00039509489539572346,0.0009345425606721223,0.001529453614304615,0.0022790004987483336,0.003366405385526112,0.006993291148599407,0.009765801969816478,27.181688125894134,32.56080114449213,0.0014254453464155228,0.0018176401579740153,0.001948563560514316
1.5319999999999416,0.3,3495,75,0.0003958643073349308,0.000932845712184528,0.0015280990132622984,0.002276421293053048,0.003375582705319074,0.007081944603299586,0.009854645594755077,27.181688125894134,32.56080114449213,0.0014254453464155228,0.0018164293772261113,0.001947075137660903
1.5329999999999415,0.3,3495,75,0.000396638388483309,0.0009312274991414634,0.0015267084904833955,0.0022740756468141014,0.0033808417718223342,0.007146474435208534,0.00975126945656907,27.181688125894134,32.56080114449213,0.0014254453464155228,0.0018152744010107007,0.0019455865965625208
1.5339999999999414,0.3,3495,75,0.0003974177222755424,0.0009290373074249389,0.001525284765971642,0.0022719714013666537,0.003382849822366083,0.007191535594435922,0.009909380488569588,27.23891273247496,32.56080114449213,0.0014254453464155228,0.001814168062075158,0.001944095253090694
1.5349999999999413,0.3,3495,75,0.00039820284935802706,0.0009263802954614382,0.0015238316975131174,0.002270122433616408,0.0033813115032416264,0.007195047129287004,0.010089926323906305,27.23891273247496,32.56080114449213,0.0014254453464155228,0.0018131054550743324,0.0019426107465498887
1.5359999999999412,0.3,3495,75,0.0003989943081044899,0.0009234643659352353,0.0015223540653999783,0.0022685478380439694,0.0033735463957789012,0.007159409735031009,0.01053017434062671,27.23891273247496,32.56080114449213,0.0014254453464155228,0.001812083555113315,0.0019411538021500974
1.536999999999941,0.3,3495,75,0.00039979261186172947,0.000920520399835435,0.0015208573786743775,0.0022672700834492922,0.0033567177194962885,0.007141082794291109,0.011290689538908796,27.23891273247496,32.64663805436337,0.0014254453464155228,0.0018111007816979988,0.0019397537518486274
1.537999999999941,0.3,3495,75,0.0004005981251763885,0.0009176663148841273,0.0015193477088572855,0.0022663123047144814,0.0033306854710088455,0.007098773550186874,0.011924593828028133,27.23891273247496,32.64663805436337,0.0014254453464155228,0.00181015657236819,0.0019384450423132193
1.5389999999999409,0.3,3495,75,0.00040141080837758475,0.0009147586113580021,0.0015178315588249875,0.002265695046267665,0.003295336341263772,0.00700121611097944,0.012419352733543386,27.23891273247496,32.64663805436337,0.0014254453464155228,0.001809251017406038,0.001937263107496534
1.5399999999999407,0.3,3495,75,0.000402229286159357,0.000911866613875793,0.0015163157742525564,0.0022654328918866834,0.003251303523083259,0.00687521565518919,0.012766944725209655,27.23891273247496,32.64663805436337,0.0014254453464155228,0.0018083845894340173,0.001936240091314545
1.5409999999999406,0.3,3495,75,0.000403051119182918,0.0009090011475756705,0.0015148075014336513,0.002265531469751024,0.0031986148495185404,0.006759548241912155,0.01296346467696205,27.23891273247496,32.64663805436337,0.0014254453464155228,0.001807557981374399,0.001935400951378341
1.5419999999999405,0.3,3495,75,0.0004038733444938254,0.0009061759311388704,0.0015133141884002093,0.002265985297394629,0.003138840253657641,0.006567689201180249,0.013008537412279444,27.23891273247496,32.73247496423462,0.0014254453464155228,0.001806772046478647,0.0019347604450210554
1.5429999999999404,0.3,3495,75,0.0004046924265803553,0.0009034087886282937,0.001511843617142016,0.0022667768275901486,0.0030739223540899884,0.006360934258805971,0.01290460074195746,27.23891273247496,32.73247496423462,0.0014254453464155228,0.0018060278175642975,0.0019343213934419623
1.5439999999999403,0.3,3495,75,0.0004055046046132988,0.0009009241327974113,0.0015104039460539017,0.0022678768863636854,0.003005174221973971,0.006226112318968403,0.01265616310104694,27.23891273247496,32.78969957081545,0.0014254453464155228,0.0018053265711526609,0.0019340744507481133
1.5449999999999402,0.3,3495,75,0.0004063062372050533,0.0008992271295105841,0.0015090037359631733,0.002269246484631574,0.002935340535360473,0.0061144930430740985,0.012269127234575544,27.23891273247496,32.78969957081545,0.0014254453464155228,0.0018046698974480142,0.0019339993960016955
1.54599999999994,0.3,3495,75,0.0004070938391593237,0.0008972339807000544,0.0015076519326803414,0.0022708397698774758,0.0028659782958983665,0.005978480367075769,0.011750227274923595,27.23891273247496,32.78969957081545,0.0014254453464155228,0.0018040597391151105,0.0019340677496550995
1.54699999999994,0.3,3495,75,0.00040786406506404196,0.0008949036943107031,0.0015063577849335657,0.002272607700656239,0.0027987286168620305,0.005819613082261485,0.011106639744648152,27.23891273247496,32.78969957081545,0.0014254453464155228,0.001803498370076909,0.0019342463252947084
1.5479999999999399,0.3,3495,75,0.0004086137387608723,0.0008928585770384826,0.0015051306883023246,0.0022745019070046996,0.0027339435425803617,0.005716313781513717,0.010345788431770192,27.23891273247496,32.8755364806867,0.0014254453464155228,0.00180298829825766,0.0019345011943059376
1.5489999999999398,0.3,3495,75,0.00040933993617675845,0.0008909082737488185,0.001503979961328933,0.0022764781663244995,0.0026719821185817215,0.005601706945293478,0.009905753579560266,27.23891273247496,32.8755364806867,0.0014254453464155228,0.001802532091313581,0.0019348014871560792
1.5499999999999396,0.3,3495,75,0.00041004004238636446,0.0008893295502453465,0.0015029145758695154,0.0022784989843667256,0.002613143727725926,0.005471758870701812,0.009684547268060527,27.23891273247496,32.8755364806867,0.0014254453464155228,0.001801864680052874,0.0019351224895984842
1.5509999999999395,0.3,3495,75,0.0004107117500840705,0.0008881773496924006,0.0015019428764671177,0.002280534916261268,0.002556938640287436,0.0053066691136815025,0.00939463196684886,27.23891273247496,32.8755364806867,0.0014254453464155228,0.0018011449529258257,0.0019354476102151352
1.5519999999999394,0.3,3495,75,0.0004113530544865133,0.0008872425129910423,0.001501823907680213,0.0022825644694126116,0.0025057435140529312,0.0052073195931288795,0.009041836248787691,27.23891273247496,32.8755364806867,0.0014254453464155228,0.0018004799291819625,0.0019357689780754583
1.5529999999999393,0.3,3495,75,0.0004119622322469245,0.0008864745842428854,0.001501808487645496,0.002284572663984335,0.00245936039978011,0.0051922853035457125,0.008683332657677257,27.23891273247496,32.989985693848354,0.0014254453464155228,0.0017998798092036753,0.001936086646168178
1.5539999999999392,0.3,3495,75,0.000412537804030293,0.0008859068668433203,0.0015018425338619806,0.0022865485482918293,0.00241972675564458,0.005149550261935127,0.008524893992258852,27.32474964234621,32.989985693848354,0.0014254453464155228,0.0017993560376162083,0.0019364065925984164
1.554999999999939,0.3,3495,75,0.000413078517353871,0.000885515740674449,0.0015019283394348902,0.002288482138011038,0.0023887814312320457,0.005197131984053197,0.00828997874824564,27.32474964234621,32.989985693848354,0.0014254453464155228,0.0017989202033477077,0.0019367378924251
1.555999999999939,0.3,3495,75,0.00041358333218872236,0.0008852731979577551,0.001502067975932698,0.002290361340664585,0.0023682401095365554,0.005264872598679137,0.007982687215985235,27.32474964234621,32.989985693848354,0.0014254453464155228,0.0017985828052286996,0.0019370895500188112
1.5569999999999389,0.3,3495,75,0.0004140514125541719,0.000885148793611689,0.0015022623986889598,0.002292169425259045,0.002360750766445126,0.005394499396786613,0.008034870628684307,27.32474964234621,32.989985693848354,0.0014254453464155228,0.001798352052976734,0.0019374675178589484
1.5579999999999388,0.3,3495,75,0.00041448211799533863,0.0008846017587512145,0.001502510756741811,0.002293883501980525,0.002363505091801536,0.0054957714326848844,0.008396894357061797,27.32474964234621,32.989985693848354,0.0014254453464155228,0.0017982328686332017,0.0019378723789280627
1.5589999999999387,0.3,3495,75,0.0004148749904332268,0.0008838892746202536,0.0015028099909482483,0.0022954743058154928,0.002372475259286418,0.005401230674801,0.008692777088729559,27.32474964234621,32.989985693848354,0.0014254453464155228,0.0017982262236780236,0.001938298047146958
1.5599999999999385,0.3,3495,75,0.0004152297448178938,0.000883199528727866,0.0015031547616717676,0.002296907360591559,0.002387338116568654,0.005335945722140413,0.008918801298419198,27.32474964234621,32.989985693848354,0.0014254453464155228,0.0017983288975461156,0.0019387316659127407
1.5609999999999384,0.3,3495,75,0.00041554626317797814,0.0008829293510724105,0.0015035377080976342,0.002298145373524025,0.00240763910655124,0.00532137015104728,0.009071666993151444,27.32474964234621,32.989985693848354,0.0014254453464155228,0.0017985336825410933,0.0019391546890545897
1.5619999999999383,0.3,3495,75,0.0004158245846373121,0.0008829244104084964,0.0015039499985864879,0.0022991515127466842,0.0024353931251441733,0.005371555135550026,0.009148353253818967,27.32474964234621,32.989985693848354,0.0014254453464155228,0.001798829998413135,0.0019395449439514323
1.5629999999999382,0.3,3495,75,0.00041606490105434074,0.000882580693349531,0.0015043820983952209,0.002299893083399181,0.00246900341579409,0.005456411198670334,0.009189644676923396,27.32474964234621,32.989985693848354,0.0014254453464155228,0.0017992048267679356,0.0019398793325287045
1.563999999999938,0.3,3495,75,0.00041626755788211773,0.000882284966290088,0.0015048246588453531,0.0023003450622612266,0.002505040900015337,0.005659678328265891,0.009182258811006622,27.32474964234621,32.989985693848354,0.0014254453464155228,0.0017996438389164399,0.0019401367437232864
1.564999999999938,0.3,3495,75,0.00041643306127945825,0.0008820100388274927,0.0015052694182457322,0.002300492982765966,0.0025407702250435284,0.005737768637412183,0.009113237376080548,27.32474964234621,32.989985693848354,0.0014254453464155228,0.001800132575338752,0.00194030074073126
1.5659999999999379,0.3,3495,75,0.0004165620951674901,0.0008823322497865573,0.0015057100063544115,0.002300334772794101,0.002575667116405078,0.005800698499037917,0.00898137741852001,27.32474964234621,32.989985693848354,0.0014254453464155228,0.0018006575414667636,0.0019403616455271333
1.5669999999999378,0.3,3495,75,0.0004166555429646495,0.0008825708806871453,0.0015061425569269631,0.00229988131559913,0.002610750230266326,0.005842107268608302,0.008840464945979114,27.32474964234621,32.989985693848354,0.0014254453464155228,0.0018012071099702295,0.0019403177580166187
1.5679999999999377,0.3,3495,75,0.0004167145184373836,0.0008826154308750241,0.0015065660552142789,0.002299155699596567,0.0026485487670702816,0.005807757060226152,0.00871496281581494,27.32474964234621,32.989985693848354,0.0014254453464155228,0.001801772158347533,0.0019401755953758482
1.5689999999999376,0.3,3495,75,0.00041674040254778826,0.0008825589750489146,0.0015069823791021785,0.002298191312860853,0.002689504566244485,0.0058769103338735355,0.008720923494241969,27.32474964234621,32.989985693848354,0.0014254453464155228,0.0018023464146258812,0.0019399491923088874
1.5699999999999374,0.3,3495,75,0.00041673486756764103,0.0008823590431683696,0.001507396027929085,0.00229702909280736,0.002732438968774859,0.005932756224533214,0.008622947288094885,27.32474964234621,32.989985693848354,0.0014254453464155228,0.001802855707895447,0.0019396586390953985
1.5709999999999373,0.3,3495,75,0.0004166999057328043,0.000882064759451204,0.00150781356868456,0.002295714338371144,0.002773181067011066,0.0059582476551456555,0.00840737796493912,27.32474964234621,32.989985693848354,0.0014254453464155228,0.0018030505487512587,0.0019393281306427923
1.5719999999999372,0.3,3495,75,0.00041663786006683256,0.0008825991125340662,0.0015082428619313055,0.0022942935192896206,0.002809900751200865,0.005991246444871273,0.008431011781480698,27.32474964234621,32.989985693848354,0.0014254453464155228,0.0018032617298975708,0.0019389838433561124
1.5729999999999371,0.3,3495,75,0.00041655143751146735,0.0008831761026181376,0.0015089005384679767,0.0022928114757680253,0.0028420624569915538,0.006111051136229231,0.008413197886611915,27.32474964234621,32.989985693848354,0.0014254453464155228,0.0018034972644492763,0.0019386519449753337
1.573999999999937,0.3,3495,75,0.0004164437118282159,0.0008837048822593564,0.0015101088657473601,0.002291309303433223,0.0028698175982449343,0.006120593799611837,0.008336182006496967,27.32474964234621,32.989985693848354,0.0014254453464155228,0.0018037665918864782,0.0019383569820128344
1.574999999999937,0.3,3495,75,0.00041631811606032167,0.0008841797730013699,0.00151131332209316,0.002289823083898489,0.0028944239459191196,0.006231148805717041,0.008582445050046406,27.32474964234621,32.989985693848354,0.0014254453464155228,0.0018040802859688855,0.0019381207951667534
1.5759999999999368,0.3,3495,75,0.0004161784003878741,0.0008845922741124441,0.0015125053776473385,0.002288383475140519,0.002916450506236469,0.006415410856145226,0.009104217996206728,27.32474964234621,32.989985693848354,0.0014254453464155228,0.001804449631137166,0.0019379620041242163
1.5769999999999367,0.3,3495,75,0.0004160285620306377,0.0008848980261968893,0.0015136778926829978,0.0022870160431073053,0.0029361906959655686,0.0065592888379807255,0.009554790432124495,27.32474964234621,32.989985693848354,0.0014254453464155228,0.0018048860741956914,0.0019378959998377354
1.5779999999999366,0.3,3495,75,0.00041587274913832447,0.0008850325458467751,0.0015148247064487568,0.0022857421171509264,0.002952617222789194,0.006761724576377121,0.009919146303099825,27.32474964234621,32.989985693848354,0.0014254453464155228,0.001805400575291136,0.001937935302343874
1.5789999999999365,0.3,3495,75,0.00041571512298580095,0.000885175891125354,0.0015159401275692036,0.00228457989995451,0.0029657495892069052,0.006985595279379631,0.010184115283482243,27.32474964234621,32.989985693848354,0.0014254453464155228,0.0018060028987757712,0.0019380900973366977
1.5799999999999363,0.3,3495,75,0.0004155596708123819,0.0008853405139531167,0.001517018432081187,0.002283545561536846,0.002974795044123818,0.007125116602166876,0.010338990665611718,27.32474964234621,32.989985693848354,0.0014254453464155228,0.001806700897646953,0.0019383687596850052
1.5809999999999362,0.3,3495,75,0.00041540999354220054,0.00088553293593759,0.0015180534763259222,0.002282654091524923,0.0029802112283669625,0.00720895672357275,0.010376025321411455,27.32474964234621,33.10443490701002,0.0014254453464155228,0.0018074998526876106,0.0019387782039395063
1.5819999999999361,0.3,3495,75,0.0004152691487680688,0.0008857545048249199,0.0015190385139238582,0.002281919761765207,0.0029829565822215506,0.0072792812192995476,0.010290770638705532,27.381974248927037,33.10443490701002,0.0014254453464155228,0.0018084019274784684,0.0019393239613414437
1.582999999999936,0.3,3495,75,0.0004151395674095813,0.0008864841062816576,0.0015199662711830404,0.002281356145425598,0.0029835341019540376,0.00736499081979067,0.010629901900910137,27.381974248927037,33.10443490701002,0.0014254453464155228,0.0018094057928000399,0.001940009956268085
1.583999999999936,0.3,3495,75,0.0004150228460177535,0.0008868456903906527,0.0015208292895020174,0.002280975730887073,0.002982808849789109,0.007338366634433626,0.011228212292109968,27.381974248927037,33.10443490701002,0.0014254453464155228,0.001810506459092662,0.0019408380274548165
1.5849999999999358,0.3,3495,75,0.0004149195714587781,0.0008869995363348926,0.0015216204941660629,0.002280789243103642,0.0029796492309698834,0.007380128665994741,0.011734589162444131,27.381974248927037,33.10443490701002,0.0014254453464155228,0.001811695335592167,0.0019418072973067524
1.5859999999999357,0.3,3495,75,0.00041482967195414144,0.0008871107410024602,0.0015223339050715035,0.002280804830500346,0.002972422362284776,0.00733977970413119,0.012138737632639738,27.381974248927037,33.190271816881264,0.0014254453464155228,0.001812960511935349,0.0019429135263280273
1.5869999999999356,0.3,3495,75,0.00041475318671786216,0.0008872001816046732,0.0015229653742399106,0.0022810272871923148,0.0029600449619889375,0.007282182133177653,0.012432495246902436,27.381974248927037,33.190271816881264,0.0014254453464155228,0.0018142872356841028,0.0019441485948483717
1.5879999999999355,0.3,3495,75,0.0004146892968660621,0.0008873940169607138,0.0015235132230635084,0.002281457460007195,0.0029423373927737408,0.007191988516564257,0.01260986890162068,27.381974248927037,33.190271816881264,0.0014254453464155228,0.0018156585402659977,0.0019455002319581638
1.5889999999999354,0.3,3495,75,0.00041463705666983493,0.0008875405207324116,0.0015239786616945852,0.0022820919449849245,0.002917276643984243,0.00707614851891814,0.012667037452071074,27.381974248927037,33.276108726752504,0.0014254453464155228,0.001817055964793949,0.0019469520683088604
1.5899999999999352,0.3,3495,75,0.0004145954756542307,0.0008877184584518794,0.0015243659025297892,0.002282923119456666,0.0028840077688530906,0.007043494663375517,0.012602331276977607,27.381974248927037,33.276108726752504,0.0014254453464155228,0.0018184603017841548,0.00194848403458181
1.5909999999999351,0.3,3495,75,0.00041456319419208993,0.0008879056530394759,0.0015246819247985018,0.0022839394958231226,0.0028412476818657035,0.0069975922892272745,0.012416197131039145,27.381974248927037,33.276108726752504,0.0014254453464155228,0.0018198523113463149,0.0019500730721091486
1.591999999999935,0.3,3495,75,0.000414538585345486,0.0008880984421862355,0.0015249359002895181,0.0022851263327313006,0.0027896030778648997,0.006871684951520658,0.012137839590544907,27.381974248927037,33.276108726752504,0.0014254453464155228,0.001821213350309874,0.001951694076396393
1.592999999999935,0.3,3495,75,0.0004145194194119941,0.0008882982519077562,0.001525138342691357,0.0022864664062072068,0.002730762678007462,0.006768360941619008,0.011785663048860785,27.381974248927037,33.361945636623744,0.0014254453464155228,0.001822525880172846,0.0019533209653417316
1.5939999999999348,0.3,3495,75,0.0004145032505112769,0.0008885068439467074,0.0015253000860448293,0.002287940831404404,0.0026669172028693632,0.006652996499481427,0.011374850359752525,27.381974248927037,33.361945636623744,0.0014254453464155228,0.0018237738362424513,0.001954927755708269
1.5949999999999347,0.3,3495,75,0.00041448751114685824,0.0008890586510378955,0.001525431224584236,0.0022895298337476497,0.0025971015440298157,0.006505679787753533,0.010873184081647027,27.381974248927037,33.419170243204576,0.0014254453464155228,0.0018249428589669201,0.0019564895427777174
1.5959999999999346,0.3,3495,75,0.00041446944471432975,0.0008897345992070423,0.0015255401526018172,0.0022912133921657667,0.0025226238327354386,0.006306289687923409,0.010261310114370328,27.381974248927037,33.50500715307582,0.0014254453464155228,0.001826020404638093,0.00195798330520347
1.5969999999999345,0.3,3495,75,0.00041444630572646206,0.0008904140620695097,0.0015256328279245612,0.00229297170962525,0.002445694383940713,0.006029527184467064,0.009545634136549097,27.381974248927037,33.50500715307582,0.0014254453464155228,0.0018269957640392462,0.001959388492810632
1.5979999999999344,0.3,3495,75,0.0004144153396294301,0.0008910967435540101,0.0015257123491892806,0.002294785499712105,0.002368072704448056,0.005762271930714235,0.008753387225108357,27.381974248927037,33.562231759656655,0.0014254453464155228,0.0018278600231418456,0.0019606873917936696
1.5989999999999343,0.3,3495,75,0.00041437313158794003,0.0008917793355623837,0.0015257788906144294,0.002296636106012837,0.002290070586500053,0.00545708021997287,0.007911673378545795,27.381974248927037,33.61945636623748,0.0014254453464155228,0.0018286059991252663,0.0019618652924684454
1.5999999999999341,0.3,3495,75,0.000414316380412448,0.0008924554749943841,0.0015258299863333857,0.0022985054890094364,0.0022130007672512696,0.0052607689546774715,0.007036666586489819,27.381974248927037,33.61945636623748,0.0014254453464155228,0.001829228178840425,0.00196291050426467
1.600999999999934,0.3,3495,75,0.0004142418654681299,0.0008932149915886783,0.0015258611075481085,0.0023003761219861384,0.0021375846606312807,0.005020225744688772,0.006554778614470835,27.381974248927037,33.61945636623748,0.0014254453464155228,0.0018295656827188025,0.0019638142691142946
1.601999999999934,0.3,3495,75,0.00041414652739583463,0.0008939985651189943,0.00152586643750879,0.0023022308343018227,0.0020666108311780105,0.004708935040557035,0.006503796449040651,27.381974248927037,33.61945636623748,0.0014254453464155228,0.0018296478477217392,0.0019645706184157063
1.6029999999999338,0.3,3495,75,0.0004140275743864987,0.0008946218262331254,0.0015258397273404812,0.0023040526313444537,0.002002736904940681,0.004502578742757953,0.00669105417811759,27.43919885550787,33.61945636623748,0.0014254453464155228,0.0018296197950729096,0.001965176204169694
1.6039999999999337,0.3,3495,75,0.0004138825786948973,0.0008952183521068037,0.0015257751126763264,0.0023058245100330563,0.0019494989497512987,0.004395969920434626,0.006944124863690762,27.43919885550787,33.61945636623748,0.0014254453464155228,0.001829487627376773,0.00196563011649431
1.6049999999999336,0.3,3495,75,0.000413709544996677,0.0008957854036151682,0.0015256677868961152,0.0023075292814981217,0.0019117928822621174,0.004446630479310894,0.0070857475597778585,27.525035765379112,33.61945636623748,0.0014254453464155228,0.0018292583714530101,0.0019659336832091867
1.6059999999999335,0.3,3495,75,0.0004135069463280856,0.0008962635039615007,0.0015255144578198065,0.0023091494113605857,0.0018905147186854818,0.004476465680130243,0.007138666798331508,27.525035765379112,33.61945636623748,0.0014254453464155228,0.0018289398344124399,0.001966090236962259
1.6069999999999334,0.3,3495,75,0.0004132737324239295,0.0008966558161040363,0.0015253135553184062,0.0023106668934916633,0.0018867053426025473,0.0045426037144701515,0.007293382812516853,27.525035765379112,33.61945636623748,0.0014254453464155228,0.001828540453932549,0.0019661048341177434
1.6079999999999333,0.3,3495,75,0.00041300931668535555,0.0008969702836750244,0.0015250652000931638,0.002312063183470175,0.0019027425472414646,0.00454866701173774,0.007628955543838229,27.525035765379112,33.61945636623748,0.0014254453464155228,0.001828069119092165,0.001965983917600056
1.6089999999999332,0.3,3495,75,0.00041271355818307907,0.0008972510637561864,0.0015247709815736313,0.002313319229219433,0.001937149478826848,0.004567324408572811,0.008178122133645487,27.525035765379112,33.61945636623748,0.0014254453464155228,0.0018275349481081753,0.001965734930802654
1.609999999999933,0.3,3495,75,0.0004123867385864405,0.0008975169278536092,0.0015244336193475066,0.0023144156437686554,0.001985648081321999,0.004606751168212862,0.008614107755746761,27.525035765379112,33.61945636623748,0.0014254453464155228,0.0018269470239852927,0.001965365907665273
1.610999999999933,0.3,3495,75,0.0004120295356108367,0.0008977521556760575,0.0015240565937549013,0.0023153330638540364,0.002043319422815008,0.004599600827419908,0.00893280035138697,27.525035765379112,33.61945636623748,0.0014254453464155228,0.0018263141048144595,0.0019648850798681394
1.6119999999999328,0.3,3495,75,0.0004116429922509563,0.000897966400015565,0.0015236438261182709,0.0023160527253321085,0.0021061017075812696,0.004527775987112985,0.009128969427596412,27.525035765379112,33.61945636623748,0.0014254453464155228,0.0018256443389661377,0.0019643005514247136
1.6129999999999327,0.3,3495,75,0.0004112284874577275,0.0008981687589408717,0.0015231994694515551,0.0023165572613007214,0.002170081632191483,0.0046393248755317845,0.009196485761037682,27.525035765379112,33.61945636623748,0.0014254453464155228,0.0018249450232632205,0.0019636200900947642
1.6139999999999326,0.3,3495,75,0.00041078770461229995,0.00089836705654065,0.001522727843903153,0.0023168316967918947,0.002234948775238734,0.00472316634835761,0.009129101678597887,27.525035765379112,33.61945636623748,0.0014254453464155228,0.0018242224408961524,0.0019628510704556845
1.6149999999999325,0.3,3495,75,0.0004103226097735998,0.0008984520133356351,0.001522233499688493,0.002316864565655468,0.0023000460978210187,0.004885910635283416,0.008921479838205099,27.525035765379112,33.61945636623748,0.0014254453464155228,0.0018234818159189264,0.001962000593355384
1.6159999999999324,0.3,3495,75,0.00040983542168447715,0.0008985162960672829,0.0015217213936617585,0.002316649044061774,0.0023615879175449095,0.0050288368861806905,0.008570476792708257,27.525035765379112,33.61945636623748,0.0014254453464155228,0.0018227273955045806,0.0019610757564194614
1.6169999999999323,0.3,3495,75,0.0004093285740789852,0.0008987048104899496,0.001521197100749866,0.002316183976805951,0.0024172421066612714,0.005244475169241564,0.008076471216830552,27.525035765379112,33.61945636623748,0.0014254453464155228,0.001821962657174902,0.0019600840384050855
1.6179999999999322,0.3,3495,75,0.00040880466558528526,0.0008989837118762983,0.0015206670010680856,0.002315474654594535,0.002466894472299097,0.005460944714802074,0.007489527663792895,27.525035765379112,33.61945636623748,0.0014254453464155228,0.001821190616152494,0.001959033725125181
1.618999999999932,0.3,3495,75,0.00040826641337842146,0.0008992739789064867,0.0015201383695623363,0.002314533208510521,0.002510819398633815,0.005676399055539356,0.0074984650096813436,27.525035765379112,33.61945636623748,0.0014254453464155228,0.001820414195725684,0.0019579342994724414
1.619999999999932,0.3,3495,75,0.0004077166089265761,0.000899326529729389,0.0015196193168317972,0.0023133785278116725,0.002548841907408061,0.005820218197712046,0.007412157213761079,27.525035765379112,33.61945636623748,0.0014254453464155228,0.0018196366057027207,0.001956796709094988
1.6209999999999318,0.3,3495,75,0.00040715808217337885,0.0008991012635240587,0.0015191185559240994,0.0023120356571311386,0.002582454547977914,0.005925373174961364,0.007409307243567482,27.525035765379112,33.61945636623748,0.0014254453464155228,0.0018188616721598208,0.0019556334415220533
1.6219999999999317,0.3,3495,75,0.00040659367435993873,0.0008986800339272464,0.0015186450024142857,0.0023105346923310887,0.002613420858830219,0.0059957686787927185,0.0075575074657295875,27.525035765379112,33.61945636623748,0.0014254453464155228,0.001818026346296358,0.001954458363901068
1.6229999999999316,0.3,3495,75,0.0004060262227172929,0.0008984807427095964,0.0015182072471372156,0.0023089092602208055,0.002640614088388758,0.0060985383986778725,0.007815127586706007,27.525035765379112,33.61945636623748,0.0014254453464155228,0.0018171230756769685,0.0019532863214806184
1.6239999999999315,0.3,3495,75,0.000405458558823558,0.0008989307037813744,0.0015178129669936636,0.0023071947254843087,0.0026640803027985784,0.0061980042887036174,0.007993216901401656,27.525035765379112,33.61945636623748,0.0014254453464155228,0.0018162562262821363,0.0019521325293787584
1.6249999999999314,0.3,3495,75,0.0004048935191986029,0.000899395850288936,0.0015174683541949636,0.002305426308737722,0.002684191702839967,0.0062398326984185615,0.008096166951498838,27.525035765379112,33.61945636623748,0.0014254453464155228,0.0018154330049418386,0.0019510118289005618
1.6259999999999313,0.3,3495,75,0.00040433396431227136,0.0008998547430143145,0.001517177645753382,0.002303637316073241,0.002701972642021764,0.006315880486007499,0.008130251040570923,27.525035765379112,33.61945636623748,0.0014254453464155228,0.0018146598596608576,0.0019499379063177003
1.6269999999999312,0.3,3495,75,0.00040378282108871166,0.0009000589515611738,0.001516942824953355,0.002301857671186575,0.00271945907964729,0.006353553003204211,0.008442323886544225,27.525035765379112,33.61945636623748,0.0014254453464155228,0.0018139423383460318,0.001948922580965018
1.627999999999931,0.3,3495,75,0.0004032431151029383,0.0008997023630820147,0.0015167635243543349,0.0023001128987472064,0.0027390919827847103,0.006372565445793321,0.008796913872575354,27.525035765379112,33.61945636623748,0.0014254453464155228,0.001813284986215472,0.0019479752770514835
1.628999999999931,0.3,3495,75,0.00040271791120157077,0.0008992222192922831,0.001516637178177079,0.002298423636666016,0.0027596348917399444,0.0064003181914027655,0.009077982697573735,27.525035765379112,33.61945636623748,0.0014254453464155228,0.0018126912993024081,0.0019471027378479278
1.6299999999999308,0.3,3495,75,0.0004022102228912618,0.0008995966387049604,0.0015165593670868746,0.0022968057151906015,0.002778834379633726,0.006511070442331607,0.009280139254470153,27.525035765379112,33.61945636623748,0.0014254453464155228,0.0018121637436661973,0.0019463090427187524
1.6309999999999307,0.3,3495,75,0.00040172322759076236,0.0009000027783019582,0.0015165243208885044,0.0022952707348453715,0.002794971154770201,0.006667655505122946,0.009399798009767701,27.525035765379112,33.61945636623748,0.0014254453464155228,0.0018117038378137667,0.0019455959131455813
1.6319999999999306,0.3,3495,75,0.0004012601778997313,0.0009004309968736606,0.001516525502601707,0.0022938270126355922,0.0028078407081593274,0.006772356421027938,0.00943550119234032,27.525035765379112,33.61945636623748,0.0014254453464155228,0.0018113122845479525,0.0019449632623924629
1.6329999999999305,0.3,3495,75,0.0004008230857543179,0.0009008693385391648,0.00151655619034307,0.0022924807256944845,0.002818702007837701,0.006835275230350971,0.009388046451931321,27.525035765379112,33.61945636623748,0.0014254453464155228,0.0018109891326722404,0.0019444098998206982
1.6339999999999304,0.3,3495,75,0.00040041421405506163,0.0009012990915363664,0.0015166099774524178,0.0022912370578602004,0.002826682078666674,0.006892757097441118,0.009413887323450842,27.525035765379112,33.61945636623748,0.0014254453464155228,0.0018107339429159308,0.0019439342765821266
1.6349999999999303,0.3,3495,75,0.0004000359810787285,0.000901347244401333,0.001516681127683977,0.002290101163348742,0.002831844369652091,0.006892647373487652,0.010168315873242625,27.525035765379112,33.61945636623748,0.0014254453464155228,0.001810545931223494,0.0019435351522929523
1.6359999999999302,0.3,3495,75,0.00039969058856559667,0.0009013072392374574,0.0015167647482299182,0.0022890787982568815,0.0028320643254958686,0.0068841406288240765,0.010848998622025034,27.525035765379112,33.61945636623748,0.0014254453464155228,0.0018104240655764127,0.0019432120744049541
1.63699999999993,0.3,3495,75,0.00039937935044932434,0.0009011710645397998,0.0015168567745708396,0.002288176529230438,0.0028275663349269964,0.006872951512053323,0.011440246542647022,27.525035765379112,33.61945636623748,0.0014254453464155228,0.0018103670993070645,0.0019429655916241018
1.63799999999993,0.3,3495,75,0.0003991026894005326,0.0009009323321782424,0.0015169537920981704,0.0022874014997855533,0.0028170896612585658,0.006887813335451972,0.011928094149723671,27.525035765379112,33.61945636623748,0.0014254453464155228,0.0018103735335636055,0.001942797165096266
1.6389999999999298,0.3,3495,75,0.000398859965577989,0.0009003759030744182,0.0015170527452467212,0.0022867608073283588,0.0028010261314077994,0.006862016145988719,0.01230067581615718,27.525035765379112,33.61945636623748,0.0014254453464155228,0.0018104415124739072,0.0019427087895387274
1.6399999999999297,0.3,3495,75,0.000398649427442448,0.0008994887233140295,0.0015171506013705427,0.00228626060641517,0.0027805058787189678,0.006784719007013976,0.012548428637031414,27.525035765379112,33.61945636623748,0.0014254453464155228,0.0018105686651794521,0.0019427023830935752
1.6409999999999296,0.3,3495,75,0.00039846901882860944,0.0008993450187911523,0.0015172440419373185,0.0022859050959591104,0.0027544907793733936,0.0066223596817414476,0.012664576097659714,27.525035765379112,33.61945636623748,0.0014254453464155228,0.0018107519193490227,0.0019427790428032665
1.6419999999999295,0.3,3495,75,0.00039831607337670853,0.0008991540291181557,0.0015173292392556333,0.002285695572072334,0.0027247155125198702,0.006464775741511595,0.0126442003742913,27.525035765379112,33.61945636623748,0.0014254453464155228,0.0018109873105637596,0.0019429382848699106
1.6429999999999294,0.3,3495,75,0.0003981871792992232,0.0008989106057674291,0.001517401783775409,0.002285629694173581,0.0026907000972879094,0.00628875745161963,0.012483585514965347,27.525035765379112,33.61945636623748,0.0014254453464155228,0.001811269814614227,0.001943177382262462
1.6439999999999293,0.3,3495,75,0.00039807870886985534,0.0008986092485165072,0.0015174567663827306,0.002285701105840004,0.002651639935953705,0.006084672992839614,0.012181768273678133,27.525035765379112,33.61945636623748,0.0014254453464155228,0.001811593240136829,0.0019434909185207516
1.6449999999999292,0.3,3495,75,0.0003979870912248703,0.0008982441094897926,0.001517489001875857,0.002285899487257445,0.0026066265281559065,0.005921541959756091,0.011739907451629105,27.525035765379112,33.61945636623748,0.0014254453464155228,0.0018119502008306504,0.0019438706359515834
1.645999999999929,0.3,3495,75,0.00039790885859455167,0.0008978091749135752,0.0015174933820450045,0.002286211025459601,0.002556673934163101,0.005766173398415471,0.011160161807711289,27.525035765379112,33.61945636623748,0.0014254453464155228,0.0018123321697293725,0.0019443055943533238
1.646999999999929,0.3,3495,75,0.00039784069342568753,0.0008972986107773811,0.0015174652950743805,0.0022866192472523325,0.0025025382117384006,0.005574424918940195,0.010446008821103218,27.525035765379112,33.61945636623748,0.0014254453464155228,0.00181272961953946,0.0019447826295433401
1.6479999999999289,0.3,3495,75,0.00039777948385448915,0.0008966619789269233,0.0015174010460583024,0.002287106098960998,0.002444741518225114,0.005358503884042943,0.009602204321500676,27.525035765379112,33.61945636623748,0.0014254453464155228,0.0018131322434514411,0.0019452870539815592
1.6489999999999287,0.3,3495,75,0.00039772238033920364,0.0008956591611879267,0.001517298211900104,0.0022876531213667077,0.0023839139714380278,0.005146321645765214,0.008635232027422366,27.525035765379112,33.61945636623748,0.0014254453464155228,0.0018135292382885377,0.0019458035046682198
1.6499999999999286,0.3,3495,75,0.0003976668284304754,0.0008944185525734856,0.0015171558841826213,0.002288242548412954,0.002322246884999295,0.005032271824304438,0.007552615289499373,27.525035765379112,33.61945636623748,0.0014254453464155228,0.0018139096220034002,0.001946316819587679
1.6509999999999285,0.3,3495,75,0.00039761055510100174,0.0008930835113116685,0.0015169747574326354,0.0022888581813612285,0.0022623626874323306,0.0048839000617443545,0.0075873018652167935,27.525035765379112,33.61945636623748,0.0014254453464155228,0.0018142625629524998,0.00194681282651743
1.6519999999999284,0.3,3495,75,0.00039755153392970454,0.0008916859694874767,0.0015167570501469084,0.0022894859353783446,0.0022066723418314215,0.004780897163480701,0.00757805112286828,27.525035765379112,33.61945636623748,0.0014254453464155228,0.0018145776962524207,0.0019472789530929902
1.6529999999999283,0.3,3495,75,0.0003974879451736907,0.0008904686351356752,0.0015165062691864693,0.0022901139998873984,0.0021585453522942975,0.004699243769586006,0.00770808524798626,27.525035765379112,33.61945636623748,0.0014254453464155228,0.00181484540683347,0.0019477045882645427
1.6539999999999282,0.3,3495,75,0.00039741814161278695,0.0008894387509200525,0.0015162268568712368,0.0022907326125229527,0.002121311748507818,0.004674517824954459,0.007827777569710731,27.525035765379112,33.61945636623748,0.0014254453464155228,0.0018150570622539632,0.0019480811642402784
1.654999999999928,0.3,3495,75,0.000397340625756827,0.000888351970985887,0.0015159237703809877,0.0022913335151864655,0.002097421503882775,0.00465533160351171,0.007880642778874729,27.525035765379112,33.61945636623748,0.0014254453464155228,0.0018152051897996986,0.0019484019781508266
1.655999999999928,0.3,3495,75,0.00039725403644875394,0.0008877131898734987,0.0015156020527141926,0.002291909206408819,0.002089968270748994,0.004721293756482121,0.00786861856395022,27.525035765379112,33.61945636623748,0.0014254453464155228,0.0018152835987103589,0.0019486618104203046
1.6569999999999279,0.3,3495,75,0.0003971571429244616,0.0008872743644911015,0.0015152664530633981,0.00229245213414613,0.0020967957538998256,0.004779410743820913,0.007841357263188723,27.525035765379112,33.61945636623748,0.0014254453464155228,0.0018152874548106443,0.0019488564267966524
1.6579999999999278,0.3,3495,75,0.00039704884471732614,0.0008861746640141605,0.0015149211442713295,0.002292953980180849,0.002110762955572692,0.004811986501990934,0.007901997621950214,27.525035765379112,33.61945636623748,0.0014254453464155228,0.001815213319060256,0.0019489820666400703
1.6589999999999276,0.3,3495,75,0.0003969281745364502,0.0008844883717622196,0.0015145695680193194,0.002293405170656155,0.002129323552127731,0.0049134539476724595,0.00785177249368986,27.525035765379112,33.61945636623748,0.0014254453464155228,0.001815059163240577,0.0019490350190842776
1.6599999999999275,0.3,3495,75,0.0003967943033245623,0.0008824745520616909,0.0015142144174695477,0.002293794710387233,0.0021514684965203506,0.004949957189987541,0.0076924615921411515,27.525035765379112,33.61945636623748,0.0014254453464155228,0.0018148243750635807,0.0019490113719093927
1.6609999999999274,0.3,3495,75,0.0003966465467927291,0.0008805899632862821,0.0015138577456365995,0.0022941103872623743,0.0021779314908925273,0.005063322203400151,0.008207567213057654,27.525035765379112,33.61945636623748,0.0014254453464155228,0.001814509761747261,0.0019489069881153398
1.6619999999999273,0.3,3495,75,0.00039648437771954066,0.0008795093686903527,0.0015135011692149613,0.002294339335455287,0.0022060633689449313,0.005113580331062955,0.009310360660209455,27.525035765379112,33.61945636623748,0.0014254453464155228,0.0018141175563919996,0.0019487177272026202
1.6629999999999272,0.3,3495,75,0.0003963074462361791,0.0008791360499461405,0.0015131461237413446,0.002294468892559497,0.0022369013478492536,0.0051897030499378355,0.010310793582761046,27.525035765379112,33.61945636623748,0.0014254453464155228,0.0018136514280123715,0.0019484398918372392
1.663999999999927,0.3,3495,75,0.00039611559388170575,0.0008787974553113264,0.0015127941255695153,0.002294487639389304,0.0022718393332024083,0.005155543631130809,0.011234128079911563,27.525035765379112,33.61945636623748,0.0014254453464155228,0.0018131164856949704,0.0019480708301102823
1.664999999999927,0.3,3495,75,0.00039590886799880683,0.0008784880560987011,0.0015124469847913034,0.002294386474212357,0.002306638740743223,0.005052817371683746,0.011987145480873021,27.525035765379112,33.61945636623748,0.0014254453464155228,0.0018125192613689203,0.0019476096087878148
1.6659999999999269,0.3,3495,75,0.00039568754340087804,0.000879046924048466,0.0015121069352801205,0.002294159597647138,0.0023371015317147623,0.005033340346412044,0.012556545335946289,27.525035765379112,33.61945636623748,0.0014254453464155228,0.0018118676756818397,0.001947057677050168
1.6669999999999268,0.3,3495,75,0.0003954521357294176,0.0008795341587793156,0.001511776672631642,0.0022938052741258677,0.002360718572712609,0.0050334259151535036,0.01293389091088371,27.525035765379112,33.61945636623748,0.0014254453464155228,0.0018111709695325482,0.0019464194013067981
1.6679999999999267,0.3,3495,75,0.00039520340955573547,0.0008792792189608323,0.0015114592667194882,0.002293326252185954,0.0023787561395471023,0.005031969251974751,0.013115811799022888,27.525035765379112,33.61945636623748,0.0014254453464155228,0.0018104395793847282,0.0019457023936340079
1.6689999999999265,0.3,3495,75,0.0003949423727684978,0.0008780986970830925,0.0015111579884653727,0.0022927298193718593,0.0023896995189590657,0.005009778193676532,0.013102468172315156,27.525035765379112,33.61945636623748,0.0014254453464155228,0.0018096849679720543,0.001944917576324201
1.6699999999999264,0.3,3495,75,0.0003946702595383975,0.0008768065361821097,0.001510876061543256,0.0022920274758432197,0.002395089144823282,0.005126447335022456,0.012899210746192132,27.525035765379112,33.61945636623748,0.0014254453464155228,0.001808919402836161,0.0019440789653621948
1.6709999999999263,0.3,3495,75,0.00039438849707480446,0.0008770256146899906,0.001510616383692933,0.002291234270652389,0.002395553108066632,0.005254987977975992,0.012515773951608893,27.525035765379112,33.61945636623748,0.0014254453464155228,0.0018081556842225487,0.0019432031746831058
1.6719999999999262,0.3,3495,75,0.0003940986589395526,0.0008770418484283294,0.0015103812562725356,0.0022903678965804685,0.0023921965623898843,0.005565646866079021,0.011965885886042662,27.525035765379112,33.61945636623748,0.0014254453464155228,0.0018074068384990132,0.0019423086997747419
1.672999999999926,0.3,3495,75,0.0003938024016181234,0.0008764290892819616,0.0015101721609163362,0.002289447652959946,0.0023879548335932095,0.005888733722247854,0.011266749994345394,27.525035765379112,33.61945636623748,0.0014254453464155228,0.0018066857884792998,0.0019414150506378292
1.673999999999926,0.3,3495,75,0.0003935013787578262,0.0008758693853880648,0.0015099896135183572,0.0022884933971424534,0.0023862845178277687,0.0061667783070362735,0.010438427429527377,27.525035765379112,33.61945636623748,0.0014254453464155228,0.0018060050160456885,0.0019405418222504522
1.6749999999999259,0.3,3495,75,0.00039319714079569175,0.0008753023392456629,0.0015098331134101146,0.0022875245957814814,0.0023899132944175784,0.006269074939731977,0.009850934723611678,27.525035765379112,33.61945636623748,0.0014254453464155228,0.0018053762325571797,0.0019397077929390605
1.6759999999999258,0.3,3495,75,0.0003928910279283654,0.0008747514803235788,0.0015097011911919835,0.0022865595626423473,0.002398425375284741,0.00639505268743409,0.009932170711329846,27.525035765379112,33.61945636623748,0.0014254453464155228,0.001804810070813552,0.0019389301311463214
1.6769999999999257,0.3,3495,75,0.0003925840687300103,0.0008747114227513477,0.0015095915415622985,0.0022856149344741643,0.0024097998658351547,0.006480863074511326,0.010054260469572309,27.525035765379112,33.61945636623748,0.0014254453464155228,0.0018043158095330937,0.001938223769709424
1.6779999999999256,0.3,3495,75,0.00039227691290675436,0.0008745753464337129,0.001509501231523232,0.0022847053989833756,0.0024231669893712703,0.006516491499162516,0.0102030065276609,27.525035765379112,33.61945636623748,0.0014254453464155228,0.0018039011369848123,0.0019376009889242596
1.6789999999999254,0.3,3495,75,0.0003919698297781005,0.0008743456679915072,0.0015094269385884302,0.0022838436494938955,0.002438732047605432,0.006603715640416215,0.010437600971835758,27.525035765379112,33.61945636623748,0.0014254453464155228,0.0018035719615841612,0.0019370712031765436
1.6799999999999253,0.3,3495,75,0.00039166276831202243,0.0008740263060397556,0.0015093651923786533,0.002283040505351957,0.0024568484426735955,0.006691547313797736,0.010564417846608698,27.525035765379112,33.61945636623748,0.0014254453464155228,0.001803332261695267,0.0019366409372914006
1.6809999999999252,0.3,3495,75,0.0003913554527978135,0.0008736224528521354,0.0015093125892169054,0.002282305128403829,0.0024769726016678384,0.0067174181820323885,0.010605886274955916,27.525035765379112,33.61945636623748,0.0014254453464155228,0.0018031839801213175,0.0019363139473007607
1.681999999999925,0.3,3495,75,0.00039104747987199994,0.0008731403648827226,0.0015092659646796036,0.0022816452562468546,0.002496237687906598,0.006746231799656824,0.010551577714854307,27.525035765379112,33.61945636623748,0.0014254453464155228,0.001803126959531425,0.0019360914369670468
1.682999999999925,0.3,3495,75,0.0003907383940836516,0.0008726296434024558,0.001509222502994973,0.002281067378154722,0.002512795806666281,0.006713995772129946,0.010385608186482256,27.525035765379112,33.61945636623748,0.0014254453464155228,0.0018031589160863028,0.0019359723093650416
1.683999999999925,0.3,3495,75,0.00039042773998183074,0.0008722845986561333,0.0015091797834033895,0.002280576802667332,0.002525628463988426,0.006600097922105949,0.010324722403418649,27.525035765379112,33.61945636623748,0.0014254453464155228,0.001803275451226674,0.0019359534049598892
1.6849999999999248,0.3,3495,75,0.0003901150929624271,0.0008720771494828479,0.0015091357732480736,0.002280177592103692,0.002535247711002448,0.006473270101439153,0.010175980314410272,27.525035765379112,33.61945636623748,0.0014254453464155228,0.0018034701018421009,0.0019360296879327166
1.6859999999999247,0.3,3495,75,0.0003898000668991711,0.0008725184190521149,0.001509088778545715,0.0022798723692370663,0.002541741042806046,0.006313353007340407,0.00993497293911294,27.525035765379112,33.61945636623748,0.0014254453464155228,0.001803734434682638,0.0019361943727744801
1.6869999999999246,0.3,3495,75,0.0003894823072433247,0.0008731862861384434,0.0015090373741608553,0.0022796620399774853,0.0025464786264190677,0.0061647962661829725,0.00960287878502753,27.525035765379112,33.61945636623748,0.0014254453464155228,0.0018040581949940622,0.0019364389930025538
1.6879999999999244,0.3,3495,75,0.0003891614817907475,0.0008735018444427724,0.0015089803431519147,0.0022795454737622772,0.002548523739654805,0.006042069709574076,0.009265466233652798,27.525035765379112,33.61945636623748,0.0014254453464155228,0.0018044295014545844,0.0019367534212726412
1.6889999999999243,0.3,3495,75,0.00038883726721329945,0.0008728376238481103,0.0015089166267889334,0.002279519205410804,0.00254617290426976,0.005989429838373225,0.0088745573981654,27.525035765379112,33.61945636623748,0.0014254453464155228,0.0018048350960891276,0.0019371258890643617
1.6899999999999242,0.3,3495,75,0.0003885093387103477,0.0008722202873511236,0.0015088453116946688,0.002279577251792319,0.002537511994213036,0.005926732208894312,0.008397466990373012,27.525035765379112,33.61945636623748,0.0014254453464155228,0.0018052606605051828,0.0019375430464734222
1.6909999999999241,0.3,3495,75,0.00038817738325979854,0.0008722684111180004,0.0015087656490958834,0.002279711070699202,0.002521255295505462,0.005803058326347327,0.007840141110525336,27.525035765379112,33.61945636623748,0.0014254453464155228,0.001805691183251603,0.0019379900992184673
1.691999999999924,0.3,3495,75,0.00038784111675091573,0.0008721262788093853,0.0015086771114416133,0.002279909713286846,0.002496466996119298,0.005760953905882941,0.007263437696445897,27.525035765379112,33.61945636623748,0.0014254453464155228,0.0018061113749817887,0.0019384510494901974
1.692999999999924,0.3,3495,75,0.00038750030523458054,0.0008719803782409817,0.0015085794536201932,0.002280160179692285,0.0024639087448511173,0.0056020879867523885,0.007275721923882247,27.525035765379112,33.61945636623748,0.0014254453464155228,0.0018065061258653397,0.001938909068506689
1.6939999999999238,0.3,3495,75,0.00038715477554870307,0.0008718717955579275,0.0015084727772192732,0.002280447962593351,0.002425428958783044,0.005345363574994102,0.007562619981330606,27.525035765379112,33.61945636623748,0.0014254453464155228,0.0018068609817128657,0.0019393469897472926
1.6949999999999237,0.3,3495,75,0.00038680443387840486,0.0008728736455599542,0.001508357582481809,0.0022807577272616142,0.002384924754020701,0.005202918673112152,0.007802865581895666,27.525035765379112,33.61945636623748,0.0014254453464155228,0.0018071626174012462,0.00193974789914364
1.6959999999999236,0.3,3495,75,0.00038644928029756866,0.0008738457843698382,0.0015082347945721292,0.002281074071173379,0.0023468029647650446,0.005294308189027986,0.007969037186915091,27.525035765379112,33.61945636623748,0.0014254453464155228,0.001807399285284056,0.001940095785982976
1.6969999999999235,0.3,3495,75,0.00038608941723892673,0.0008736130515047333,0.0015081057467014882,0.002281382294490573,0.0023156378548957594,0.005326157249098141,0.008079120047195213,27.525035765379112,33.61945636623748,0.0014254453464155228,0.0018075612184412435,0.0019403762102498945
1.6979999999999233,0.3,3495,75,0.00038572505754607214,0.0008737229280710849,0.0015079721208716829,0.00228166910865899,0.0022948071886928234,0.005391229637837362,0.008121987452778196,27.525035765379112,33.61945636623748,0.0014254453464155228,0.0018076409666953595,0.0019405769316662713
1.6989999999999232,0.3,3495,75,0.00038535655050484446,0.0008746946590921593,0.0015078358518785,0.002281923221495782,0.002285866331181286,0.005440211407486203,0.008093849505773278,27.525035765379112,33.61945636623748,0.0014254453464155228,0.0018076336485643482,0.0019406884500376975
1.6999999999999231,0.3,3495,75,0.00038498479189919623,0.000875712970881955,0.0015076990076901165,0.002282135754706465,0.00228854229107872,0.005441585296651778,0.00805621201455486,27.525035765379112,33.61945636623748,0.0014254453464155228,0.0018075371077117739,0.001940704415449801
1.700999999999923,0.3,3495,75,0.00038461016818022346,0.0008768416019413861,0.0015075636650127677,0.0022823004722511927,0.002304481251055925,0.0054272488860031155,0.007953612333526412,27.525035765379112,33.61945636623748,0.0014254453464155228,0.0018073519689016067,0.0019406218806281572
1.701999999999923,0.3,3495,75,0.0003842327526235118,0.0008783038093192348,0.001507431801652394,0.0022824138219600847,0.002329988632660559,0.005489258166631446,0.007870062808767975,27.525035765379112,33.61945636623748,0.0014254453464155228,0.0018070815950011155,0.0019404413843417956
1.7029999999999228,0.3,3495,75,0.00038385294133800186,0.0008797829034815972,0.0015073052266841482,0.0022824748148638787,0.0023603616094437585,0.005546603332618535,0.008082195739901656,27.525035765379112,33.61945636623748,0.0014254453464155228,0.0018067319527788899,0.0019401668717442533
1.7039999999999227,0.3,3495,75,0.0003834710976257453,0.0008812652445201297,0.0015071855664063826,0.002282484782699208,0.0023926246328957223,0.005549001082526591,0.008347163781862448,27.525035765379112,33.61945636623748,0.0014254453464155228,0.0018063113994379809,0.0019398054701689205
1.7049999999999226,0.3,3495,75,0.00038308764834372327,0.0008822797967871832,0.0015070743137568818,0.0022824470645635094,0.0024237719681766802,0.005757320142944659,0.008537316299328659,27.525035765379112,33.61945636623748,0.0014254453464155228,0.0018058304065901966,0.0019393671573801896
1.7059999999999225,0.3,3495,75,0.0003827030919688816,0.0008833065930547053,0.0015069729451020546,0.0022823666807554287,0.002452040375055447,0.0058196729852692695,0.008651417770578046,27.525035765379112,33.61945636623748,0.0014254453464155228,0.0018053012461300073,0.0019388643574735909
1.7069999999999224,0.3,3495,75,0.00038231800265025505,0.0008839381646489317,0.0015068830941978592,0.002282250029120372,0.0024768673244067924,0.005833102611476171,0.008747533638201124,27.525035765379112,33.61945636623748,0.0014254453464155228,0.001804737646261977,0.0019383114987547856
1.7079999999999222,0.3,3495,75,0.0003819330285166843,0.0008851283838884293,0.0015068067684557462,0.002282104639839568,0.0024981188243005247,0.00577071412244786,0.008784987558961059,27.525035765379112,33.61945636623748,0.0014254453464155228,0.0018041544381711889,0.0019377245657921094
1.7089999999999221,0.3,3495,75,0.0003815488828010581,0.000886641166395563,0.0015067465828994535,0.0022819390068973475,0.002515039800982726,0.0057728026261806755,0.008747943926026808,27.525035765379112,33.61945636623748,0.0014254453464155228,0.0018035672095838252,0.0019371206739897673
1.709999999999922,0.3,3495,75,0.0003811663304237645,0.0008882316085905936,0.0015067059839018006,0.0022817624925681973,0.002528332235300535,0.005806063215338317,0.009191171821496683,27.525035765379112,33.61945636623748,0.0014254453464155228,0.0018029919748213815,0.0019365176787111693
1.710999999999922,0.3,3495,75,0.00038078616894828904,0.0008898962903324569,0.001506689433987345,0.002281585286730805,0.0025368969070894577,0.0058749853430639255,0.009578595876416131,27.525035765379112,33.61945636623748,0.0014254453464155228,0.0018024448685191956,0.001935933822299063
1.7119999999999218,0.3,3495,75,0.0003804092028983188,0.0008914847896515414,0.0015067025317883462,0.002281418391343205,0.0025391396980227504,0.005940032576678341,0.009867860919971935,27.525035765379112,33.61945636623748,0.0014254453464155228,0.0018019418667918501,0.0019353874137166827
1.7129999999999217,0.3,3495,75,0.00038003622841146096,0.0008929919069084113,0.0015067520471360018,0.002281273595070702,0.002534171814917584,0.0060182311105125225,0.010055684447078328,27.525035765379112,33.61945636623748,0.0014254453464155228,0.0018014985369540994,0.001934896530116248
1.7139999999999216,0.3,3495,75,0.0003796680201187201,0.0008942898322902706,0.0015068458594066118,0.0022811634044420967,0.0025219744109408492,0.006104223394244791,0.010140648069529213,27.525035765379112,33.61945636623748,0.0014254453464155228,0.001801129814932622,0.001934478728085054
1.7149999999999215,0.3,3495,75,0.0003793052998790632,0.0008956495283378241,0.0015069927967840363,0.002281100905609509,0.0025037935417707284,0.006199466082874338,0.010123212346043872,27.525035765379112,33.61945636623748,0.0014254453464155228,0.0018008498085540904,0.0019341507547316894
1.7159999999999214,0.3,3495,75,0.00037894868711660254,0.0008970585033732144,0.001507202383586289,0.002281099543164912,0.002481318100208391,0.006263544363291954,0.010005743863157996,27.525035765379112,33.61945636623748,0.0014254453464155228,0.0018006716246878934,0.0019339282542851777
1.7169999999999213,0.3,3495,75,0.0003785986675010214,0.0008985032526305867,0.0015074845117503868,0.0022811728185007265,0.0024558852631183362,0.006270317340036183,0.009808100781442605,27.525035765379112,33.61945636623748,0.0014254453464155228,0.0018006072201322422,0.0019338254743992422
1.7179999999999211,0.3,3495,75,0.0003782557259472918,0.0008999463318490567,0.0015078490558385741,0.0022813339234547684,0.0024324793407314105,0.006264116653175662,0.009552294726492053,27.525035765379112,33.61945636623748,0.0014254453464155228,0.0018006672708900165,0.0019338549818570527
1.718999999999921,0.3,3495,75,0.0003779201351102799,0.0009016108792147448,0.0015083054641825012,0.002281595331968091,0.002411292344423497,0.006212176926701897,0.009215097143445511,27.525035765379112,33.61945636623748,0.0014254453464155228,0.001800861063566941,0.0019340274013757153
1.719999999999921,0.3,3495,75,0.00037759174563688333,0.0009032991749974919,0.0015088623465067644,0.002281968398724754,0.00239226169983106,0.006181647774654871,0.008805232242055122,27.525035765379112,33.61945636623748,0.0014254453464155228,0.0018011964096686834,0.0019343512079075253
1.7209999999999208,0.3,3495,75,0.0003772707348955592,0.0009048656063099366,0.0015095270868862838,0.0022824630000816753,0.0023774856668068996,0.006176215930946851,0.00833302286417798,27.525035765379112,33.61945636623748,0.0014254453464155228,0.0018016795844321288,0.0019348325911501263
1.7219999999999207,0.3,3495,75,0.00037695759263018676,0.0009058513941447259,0.001510305503701933,0.002283087250656936,0.0023672093871505116,0.006219721093459584,0.007849717144742368,27.525035765379112,33.61945636623748,0.0014254453464155228,0.001802315288244237,0.0019354754077731684
1.7229999999999206,0.3,3495,75,0.00037665216602869643,0.0009068374219837404,0.0015112015725987778,0.002283847324211507,0.002365591984619869,0.0061427725769853106,0.007598796997517956,27.525035765379112,33.67668097281831,0.0014254453464155228,0.0018031066318594208,0.0019362812338528101
1.7239999999999205,0.3,3495,75,0.0003763540779976605,0.0009078185913481847,0.0015122172226927192,0.0022847473928544067,0.002372893588273789,0.005996059667607792,0.007935080283475913,27.525035765379112,33.67668097281831,0.0014254453464155228,0.001804055144350428,0.0019372495185052685
1.7249999999999204,0.3,3495,75,0.000376063141837849,0.0009091582887990989,0.0015133522100946992,0.002285789683746839,0.002385998457914291,0.005812804903585296,0.008348286263146973,27.525035765379112,33.67668097281831,0.0014254453464155228,0.0018051608014744995,0.0019383778284982611
1.7259999999999203,0.3,3495,75,0.0003757795494623875,0.0009108288206087848,0.0015146040674022874,0.002286974637829774,0.002403902179418229,0.005650833762579967,0.008733406209535645,27.525035765379112,33.67668097281831,0.0014254453464155228,0.0018064220709797208,0.0019396621627798538
1.7269999999999202,0.3,3495,75,0.000375503661383157,0.0009124501716675209,0.0015159681237089568,0.002288301142764622,0.002421667160708492,0.005577325190324379,0.009144962667261199,27.525035765379112,33.67668097281831,0.0014254453464155228,0.0018078359702902486,0.0019410973068545445
1.72799999999992,0.3,3495,75,0.0003752347715527426,0.0009140070055775839,0.001517437591102247,0.0022897668049106034,0.002439165036574486,0.00553715576267906,0.009519105138482422,27.525035765379112,33.67668097281831,0.0014254453464155228,0.0018093981329132302,0.0019426771929360598
1.72899999999992,0.3,3495,75,0.00037497315748892264,0.0009154826052691987,0.0015190037023519235,0.002291368223404744,0.002456647015072044,0.005632533219070444,0.00984438404459257,27.525035765379112,33.67668097281831,0.0014254453464155228,0.0018111028780877585,0.0019443952265625342
1.7299999999999198,0.3,3495,75,0.0003747193140611184,0.000916859146957567,0.0015206558764339375,0.00229310121709977,0.0024742147619707484,0.005677559548508412,0.010116209929254215,27.525035765379112,33.67668097281831,0.0014254453464155228,0.00181294326850724,0.001946244540679487
1.7309999999999197,0.3,3495,75,0.00037447390632658654,0.0009181180497434165,0.0015223819296550857,0.002294960991041049,0.002493511080841836,0.005787149602659081,0.010295901153605297,27.525035765379112,33.67668097281831,0.0014254453464155228,0.001814911168277227,0.0019482181596188752
1.7319999999999196,0.3,3495,75,0.00037423829027669205,0.0009192403791211863,0.0015241683162609085,0.002296942217862567,0.002513495695854906,0.005918629335609793,0.01037981934101336,27.525035765379112,33.67668097281831,0.0014254453464155228,0.0018169972929108552,0.00195030905379312
1.7329999999999195,0.3,3495,75,0.0003740139835217115,0.000920207271576554,0.0015260003831815182,0.0022990390257158766,0.002531878734900481,0.006018906329362555,0.010365939653041391,27.525035765379112,33.67668097281831,0.0014254453464155228,0.0018191912467563965,0.0019525100772916915
1.7339999999999194,0.3,3495,75,0.0003738035162043182,0.0009210003630851555,0.001527862637322965,0.002301244901343008,0.0025477056418335945,0.006113103290401193,0.010253796962325009,27.525035765379112,33.67668097281831,0.0014254453464155228,0.0018214815500928337,0.0019548137986689085
1.7349999999999193,0.3,3495,75,0.00037361066107137496,0.0009216022006152015,0.0015297390197575107,0.0023035525265601327,0.0025598880245362725,0.006133547708518012,0.010044432784588359,27.525035765379112,33.67668097281831,0.0014254453464155228,0.0018238556577124569,0.0019572122450171037
1.7359999999999192,0.3,3495,75,0.0003734387882609883,0.0009219860578712571,0.001531613181149732,0.0023059535746147624,0.0025676443251717138,0.0061558544202841604,0.009740343794201772,27.525035765379112,33.67668097281831,0.0014254453464155228,0.0018262999719476625,0.0019596965886208295
1.736999999999919,0.3,3495,75,0.00037329206977209956,0.0009217986293241499,0.0015334687522367571,0.0023084384970923364,0.002570263913110639,0.006156096109494422,0.009396777586167668,27.525035765379112,33.67668097281831,0.0014254453464155228,0.001828799854039666,0.001962256811186336
1.737999999999919,0.3,3495,75,0.0003731743540354377,0.0009213796212199871,0.0015352896025317786,0.002310996331828757,0.002566569776975317,0.006071715149535922,0.009742153840019935,27.525035765379112,33.67668097281831,0.0014254453464155228,0.0018313396382342053,0.0019648813822144007
1.7389999999999188,0.3,3495,75,0.00037308984871497233,0.0009207266426281279,0.0015370600798481726,0.002313614558220583,0.002556632066882042,0.005927242817942062,0.009997886579073974,27.525035765379112,33.67668097281831,0.0014254453464155228,0.0018339026531425876,0.001967556985881913
1.7399999999999187,0.3,3495,75,0.0003730396645594136,0.0009198397138963316,0.0015387652229646863,0.0023162790189107108,0.0025402804731246395,0.005826072334482468,0.010161515082695914,27.525035765379112,33.67668097281831,0.0014254453464155228,0.0018364712546914326,0.001970268324836155
1.7409999999999186,0.3,3495,75,0.00037302631855587443,0.0009195655549647881,0.0015403909401180056,0.0023189739176984457,0.002517831319491223,0.005696535440173575,0.010231444130262708,27.525035765379112,33.67668097281831,0.0014254453464155228,0.0018390268745567021,0.0019729980210030362
1.7419999999999185,0.3,3495,75,0.00037305037858875604,0.0009197019117939066,0.0015419241426787016,0.0023216818918454906,0.0024886705154320296,0.0056168238205194345,0.010206957672553741,27.525035765379112,33.67668097281831,0.0014254453464155228,0.0018415500846238483,0.001975726622003293
1.7429999999999184,0.3,3495,75,0.00037310971880991984,0.0009196589672498731,0.0015433528413562772,0.0023243841483693833,0.0024524758036342425,0.005493021638555342,0.010088378184803373,27.525035765379112,33.67668097281831,0.0014254453464155228,0.001844020684242268,0.0019784327131837642
1.7439999999999183,0.3,3495,75,0.0003732009588496022,0.0009187559328739267,0.001544666196044214,0.0023270606696825374,0.0024093004130748465,0.0053015446539481405,0.00987716413260253,27.525035765379112,33.67668097281831,0.0014254453464155228,0.0018464178190684933,0.0019810931389514508
1.7449999999999182,0.3,3495,75,0.000373319554219933,0.0009171169046476222,0.0015458753754955252,0.0023296904363299983,0.002361222361206562,0.0051260449049130566,0.009575930357542586,27.525035765379112,33.67668097281831,0.0014254453464155228,0.001848720115738297,0.001983683296259642
1.745999999999918,0.3,3495,75,0.00037346305819392243,0.0009150173547304626,0.0015475580362887106,0.0023322516592083325,0.0023118161294696676,0.005104802800369442,0.009188573334684494,27.525035765379112,33.67668097281831,0.0014254453464155228,0.0018508137000514129,0.001986177487456331
1.746999999999918,0.3,3495,75,0.0003736321128326378,0.0009126547026292488,0.0015490846616134295,0.0023347220084176793,0.002267265721528706,0.005052446741767705,0.008720327866163427,27.525035765379112,33.67668097281831,0.0014254453464155228,0.0018526949281912073,0.001988549313953314
1.7479999999999178,0.3,3495,75,0.0003738283593382194,0.0009100374032127546,0.0015504363771950015,0.0023370788209699333,0.0022316153946781657,0.00503084598139765,0.008177783645020944,27.525035765379112,33.67668097281831,0.0014254453464155228,0.0018544092680390584,0.0019907720859571043
1.7489999999999177,0.3,3495,75,0.000374048300131602,0.0009086187632269403,0.0015515947457357534,0.0023392992804437676,0.0022081933072069784,0.005081796959235855,0.007568883269669824,27.525035765379112,33.67668097281831,0.0014254453464155228,0.001855936981618067,0.0019928192295424196
1.7499999999999176,0.3,3495,75,0.0003742886033357584,0.0009069735977162185,0.0015525419667754097,0.002341360568239201,0.0021979511358088165,0.005031512492770802,0.006902791217963984,27.525035765379112,33.67668097281831,0.0014254453464155228,0.0018572591966250112,0.0019946646782500466
1.7509999999999175,0.3,3495,75,0.0003745470339552025,0.0009043488228906744,0.0015532610799060436,0.0023432399834189418,0.0022009060226951954,0.0049715905004223925,0.006225243954264206,27.525035765379112,33.67668097281831,0.0014254453464155228,0.0018583581330036507,0.0019962832326960722
1.7519999999999174,0.3,3495,75,0.000374821583353016,0.0009017716932926922,0.0015537361749588027,0.0023449150542637167,0.002217327842372327,0.004987709067215316,0.005994314051725668,27.525035765379112,33.67668097281831,0.0014254453464155228,0.0018592173208780052,0.0019976508943564397
1.7529999999999173,0.3,3495,75,0.0003751103766972641,0.0008995164356157152,0.0015539526080393439,0.0023463636489421415,0.0022392180537635074,0.0050113909864911805,0.006059991232996427,27.525035765379112,33.67668097281831,0.0014254453464155228,0.0018598218060716463,0.0019987451691001468
1.7539999999999172,0.3,3495,75,0.0003754118442855447,0.0008956522284268304,0.0015538972081472245,0.002347564097473255,0.0022642521168110895,0.005079616737137962,0.006691534219477317,27.525035765379112,33.67668097281831,0.0014254453464155228,0.0018601583397982921,0.0019995453430610155
1.754999999999917,0.3,3495,75,0.0003757248565955091,0.0008916265526761159,0.0015535584759051762,0.002348495338708293,0.0022918424386157875,0.0051139118669541505,0.007219076934665987,27.525035765379112,33.67668097281831,0.0014254453464155228,0.0018602155525206672,0.0020000327366567205
1.755999999999917,0.3,3495,75,0.0003760486871188797,0.0008875791903162093,0.001552926770460449,0.002349137100750067,0.0023208089305295615,0.005112297184500334,0.00763264995208018,27.525035765379112,33.67668097281831,0.0014254453464155228,0.0018599841107746148,0.0020001909412172836
1.7569999999999169,0.3,3495,75,0.00037638273206248347,0.0008844403559846791,0.0015519944804886505,0.00234947011793068,0.0023503708105775275,0.005156430120979517,0.007924053355775472,27.525035765379112,33.67668097281831,0.0014254453464155228,0.0018594568550848397,0.0020000060408307263
1.7579999999999167,0.3,3495,75,0.0003767265946255977,0.0008818614384822144,0.0015507561753152395,0.0023494763816666866,0.0023790042100136654,0.0052305596248914685,0.008086959347799532,27.525035765379112,33.67668097281831,0.0014254453464155228,0.0018586289164356732,0.0019994668192353515
1.7589999999999166,0.3,3495,75,0.0003770798738043582,0.0008792727097179078,0.001549208732315441,0.002349139416905046,0.0024059967812648593,0.005267148872762315,0.008117014090693538,27.525035765379112,33.67668097281831,0.0014254453464155228,0.0018574978079074034,0.001998564948323178
1.7599999999999165,0.3,3495,75,0.0003774427171702806,0.000877522540006269,0.0015473514371430392,0.002348444571331368,0.0024317854200814047,0.005410755927279015,0.008065592169508693,27.525035765379112,33.67668097281831,0.0014254453464155228,0.001856063487431793,0.0019972951518028026
1.7609999999999164,0.3,3495,75,0.0003778154807676755,0.000876843362980987,0.0015451860537729417,0.0023473793016084788,0.0024567467577739375,0.005481162281403185,0.008286795084689958,27.525035765379112,33.67668097281831,0.0014254453464155228,0.0018543283872940923,0.001995655335210955
1.7619999999999163,0.3,3495,75,0.00037819764887865603,0.0008746874448219849,0.001542716861943624,0.0023459334401918623,0.0024796875817470992,0.005478142056415085,0.008458344190703487,27.525035765379112,33.67668097281831,0.0014254453464155228,0.0018522974061889346,0.0019936466724388424
1.7629999999999162,0.3,3495,75,0.0003785893067809035,0.0008719331782374131,0.0015399506601990192,0.0023440994276514252,0.002498695105043942,0.005438513372143474,0.008685865887148458,27.525035765379112,33.67668097281831,0.0014254453464155228,0.0018499778603956504,0.0019912736393123964
1.763999999999916,0.3,3495,75,0.00037899006963474215,0.0008712444681405038,0.0015374247513400391,0.002341872498734305,0.0025134167635302604,0.005420043452700256,0.008832523562344428,27.525035765379112,33.67668097281831,0.0014254453464155228,0.0018473793920129,0.001988543986591651
1.764999999999916,0.3,3495,75,0.0003793995472318601,0.0008699649771005132,0.0015351823589654383,0.0023392508152762915,0.0025233302180929207,0.005347195374914706,0.008897096914995887,27.525035765379112,33.67668097281831,0.0014254453464155228,0.0018445138341679297,0.0019854686480513806
1.7659999999999159,0.3,3495,75,0.000379817459636694,0.0008665516106648425,0.0015327710496626239,0.002336235544504378,0.0025284183651977264,0.005296685614192703,0.008879036324014556,27.525035765379112,33.67668097281831,0.0014254453464155228,0.001841395035344486,0.001982061583333916
1.7669999999999157,0.3,3495,75,0.0003802435958647837,0.0008622162780236615,0.0015301981435383671,0.002332830886828772,0.002529490234852234,0.005164973011034488,0.008822305461976217,27.525035765379112,33.67668097281831,0.0014254453464155228,0.001838038647573387,0.0019783395599368703
1.7679999999999156,0.3,3495,75,0.00038067784465033253,0.0008574183563256443,0.0015274720993149209,0.0023290440617172773,0.0025272271632292014,0.005100353487925701,0.00874426031306704,27.525035765379112,33.67668097281831,0.0014254453464155228,0.0018344618855434785,0.001974321882993735
1.7689999999999155,0.3,3495,75,0.00038112022528492015,0.0008556695468029746,0.0015246024299649973,0.0023248852633117635,0.0025234210885913717,0.005056742424669851,0.00857363377659466,27.525035765379112,33.67668097281831,0.0014254453464155228,0.0018306832658310577,0.0019700300852107944
1.7699999999999154,0.3,3495,75,0.00038157149778359037,0.000853108766640647,0.0015215996018915765,0.0023203675985203486,0.0025201664434233943,0.00503652062202699,0.008313627695616294,27.525035765379112,33.67668097281831,0.0014254453464155228,0.001826722336847633,0.001965487591817805
1.7709999999999153,0.3,3495,75,0.0003820312783516647,0.0008518608650324248,0.0015184749257841218,0.0023155070191514427,0.002519205207312575,0.005023612711699622,0.007968934227061956,27.525035765379112,33.67668097281831,0.0014254453464155228,0.0018225994108490246,0.0019607193762674058
1.7719999999999152,0.3,3495,75,0.00038249984746806644,0.0008507726035376643,0.001515240446958672,0.002310322256700093,0.0025194594381553973,0.005057326698960496,0.007545605884839976,27.525035765379112,33.67668097281831,0.0014254453464155228,0.0018183353090540934,0.001955751621881774
1.772999999999915,0.3,3495,75,0.0003829778123513677,0.0008496282838207982,0.0015119088420242435,0.0023048347637996862,0.0025207864986287053,0.005040211101138532,0.0074977696562857354,27.525035765379112,33.67668097281831,0.0014254453464155228,0.0018139511298871454,0.0019506114024423482
1.773999999999915,0.3,3495,75,0.0003834665557760391,0.0008484251563066822,0.0015094598279388346,0.0022990686611130615,0.002524937748733644,0.005115824133512896,0.007893807411473054,27.525035765379112,33.67668097281831,0.0014254453464155228,0.0018093406147114389,0.0019453263915067964
1.7749999999999149,0.3,3495,75,0.0003839656549208976,0.0008468650840366657,0.0015072364893405153,0.0022930506832329416,0.002533366274603046,0.005147768738453544,0.008226226169437554,27.525035765379112,33.67668097281831,0.0014254453464155228,0.0018044821003186944,0.0019399246062974385
1.7759999999999148,0.3,3495,75,0.0003844758465476169,0.0008448785850878813,0.0015049664769822843,0.0022868101128612774,0.0025481525800096477,0.005234600454534936,0.008486730798381543,27.525035765379112,33.67668097281831,0.0014254453464155228,0.0017995611470926535,0.0019344341879161675
1.7769999999999146,0.3,3495,75,0.000384997969366655,0.0008423896869443708,0.0015026577738515938,0.0022803786899447537,0.0025734884430554804,0.005282580615794984,0.008832286916552193,27.525035765379112,33.67668097281831,0.0014254453464155228,0.0017946011365671663,0.0019288832160633262
1.7779999999999145,0.3,3495,75,0.0003855315097739895,0.0008401733442860406,0.0015003185889779715,0.002273790481957501,0.002606280268110242,0.0053774840446343805,0.009149306053610633,27.525035765379112,33.67668097281831,0.0014254453464155228,0.0017896249853602262,0.0019232995537308284
1.7789999999999144,0.3,3495,75,0.0003860766445070657,0.0008382445286336594,0.0014962025421367293,0.002267081703395672,0.00264292029411907,0.005435201585814039,0.009411925326247062,27.525035765379112,33.67668097281831,0.0014254453464155228,0.0017846550767912732,0.00191771071591873
1.7799999999999143,0.3,3495,75,0.00038663336228155116,0.0008366166195794397,0.0014911122630638723,0.0022602904764827147,0.002678894982079127,0.005482104407457394,0.009625738483648453,27.525035765379112,33.67668097281831,0.0014254453464155228,0.0017797132244058585,0.001912143756261031
1.7809999999999142,0.3,3495,75,0.00038720141809419457,0.0008353011929128861,0.001485983059024616,0.0022534565307955777,0.0027105570475224137,0.005518037618676432,0.010193994953948281,27.525035765379112,33.67668097281831,0.0014254453464155228,0.0017748206627701299,0.0019066251666899348
1.781999999999914,0.3,3495,75,0.00038778032607193134,0.0008343078189912115,0.0014809249661873625,0.0022466208459598026,0.0027352726497195086,0.0056278466813536685,0.010632282695563482,27.525035765379112,33.67668097281831,0.0014254453464155228,0.0017699980604297184,0.0019011807872750808
1.782999999999914,0.3,3495,75,0.0003883693626531125,0.0008336438766756729,0.001476704901832894,0.0022398252480847953,0.002752865337101178,0.005659156237333467,0.010933601062633802,27.525035765379112,33.67668097281831,0.0014254453464155228,0.0017652655498223066,0.0018958357260032699
1.7839999999999139,0.3,3495,75,0.00038896757718983737,0.0008333143885836729,0.0014732601789868654,0.002233111976114576,0.002763861038559803,0.005720992510224948,0.01109263391574563,27.525035765379112,33.67668097281831,0.0014254453464155228,0.0017606427691268856,0.001890614290758208
1.7849999999999138,0.3,3495,75,0.0003895738116201179,0.0008322394938614708,0.0014699001594775313,0.002226523238001979,0.00276593375363094,0.005798010516859147,0.01110578810967406,27.525035765379112,33.67668097281831,0.0014254453464155228,0.0017561489113372946,0.0018855399376569437
1.7859999999999137,0.3,3495,75,0.00039018673087161165,0.0008307019963115425,0.0014666413013841562,0.00222010077803847,0.0027583977323836504,0.005832785893595556,0.010971235776447884,27.525035765379112,33.67668097281831,0.0014254453464155228,0.001751802776242495,0.001880635240780748
1.7869999999999135,0.3,3495,75,0.00039080486320262404,0.0008296538966849776,0.0014635002017112865,0.0022138854755165273,0.002741172064322107,0.005845969686883772,0.010688960510310447,27.525035765379112,33.67668097281831,0.0014254453464155228,0.0017476228213357341,0.0018759218879047523
1.7879999999999134,0.3,3495,75,0.00039142664727719354,0.000828741942987188,0.0014600656714104606,0.0022079169913174768,0.00271580019878961,0.005799191146480622,0.010260804185575189,27.525035765379112,33.67668097281831,0.0014254453464155228,0.0017436272079336512,0.0018714207050400944
1.7889999999999133,0.3,3495,75,0.0003920504819093959,0.0008280577804288865,0.0014565043731655709,0.002202233473448849,0.0026821283196884495,0.005713681048016695,0.009736908809063754,27.525035765379112,33.67668097281831,0.0014254453464155228,0.0017398338389173365,0.0018671517096180423
1.7899999999999132,0.3,3495,75,0.00039267477514001405,0.0008283701540409201,0.0014532004119380715,0.0021968713258622334,0.0026389547089899555,0.005657857883111212,0.009691130230337155,27.525035765379112,33.67668097281831,0.0014254453464155228,0.0017362603846370081,0.001863134188468507
1.790999999999913,0.3,3495,75,0.00039329799065047075,0.0008308295648640323,0.001450168039440614,0.0021918650378052657,0.0025859131281540763,0.005535577572339268,0.009499482156522772,27.525035765379112,33.67668097281831,0.0014254453464155228,0.0017329242935597562,0.0018593867927165775
1.791999999999913,0.3,3495,75,0.00039391869055324067,0.0008320282210466813,0.001447421887071209,0.0021872470646534963,0.002523967381743587,0.005421049429863607,0.009372810162836712,27.525035765379112,33.67668097281831,0.0014254453464155228,0.0017298427843848725,0.0018559276381928669
1.7929999999999129,0.3,3495,75,0.0003945355740290734,0.000830837112245356,0.0014449769672861949,0.0021830477463825686,0.0024551791667927403,0.005261038233991589,0.009407096962353197,27.525035765379112,33.67668097281831,0.0014254453464155228,0.0017270328166728187,0.001852774397406165
1.7939999999999128,0.3,3495,75,0.00039514751123467974,0.0008300712037825979,0.0014428486126993553,0.0021792952471449225,0.0023818129794619825,0.005150714377736882,0.00935233076632447,27.525035765379112,33.67668097281831,0.0014254453464155228,0.0017245110375217942,0.0018499443679793615
1.7949999999999127,0.3,3495,75,0.00039575357326251595,0.0008325061059202235,0.0014410523544769864,0.002176015499251807,0.0023072873845143994,0.005042852214627517,0.009211560356526385,27.525035765379112,33.67668097281831,0.0014254453464155228,0.0017222937025890138,0.0018474545031530454
1.7959999999999126,0.3,3495,75,0.00039635305383167453,0.0008340438965898969,0.0014396037432376128,0.002173232137052251,0.00223619644979469,0.004965772432807154,0.009213929083021159,27.525035765379112,33.67668097281831,0.0014254453464155228,0.0017203965707671505,0.0018453213924125578
1.7969999999999124,0.3,3495,75,0.00039694548216290314,0.000836081834513898,0.0014385181171786474,0.002170966410342836,0.0021756795541193683,0.004824874353120744,0.009168319709147459,27.525035765379112,33.67668097281831,0.0014254453464155228,0.0017188347730819804,0.0018435611842733124
1.7979999999999123,0.3,3495,75,0.00039753062515552733,0.0008397855406446691,0.0014378103237584006,0.002169237072463401,0.002131683259150937,0.004728861772870105,0.009037714198892906,27.525035765379112,33.67668097281831,0.0014254453464155228,0.0017176226576702976,0.0018421894484568213
1.7989999999999122,0.3,3495,75,0.0003981084843202945,0.0008435644714573318,0.001437494402997544,0.002168060244147815,0.0021045147459398655,0.004676089872958663,0.009122394794131789,27.525035765379112,33.67668097281831,0.0014254453464155228,0.0017167736141288545,0.0018412209803351232
1.7999999999999121,0.3,3495,75,0.0003986792837069203,0.0008459226090443717,0.0014375832423389157,0.002167449259607193,0.002093873478096607,0.004704432368730632,0.00939580146169409,27.525035765379112,33.67668097281831,0.0014254453464155228,0.0017162998817749086,0.001840669555921437
1.800999999999912,0.3,3495,75,0.0003992434448422598,0.0008501676183405352,0.001438088214815448,0.0021674145055934698,0.0021002317604106387,0.004720247254917798,0.009597333946294754,27.525035765379112,33.67668097281831,0.0014254453464155228,0.001716212347431686,0.0018405476503779994
1.801999999999912,0.3,3495,75,0.0003998015537321957,0.0008543335796081089,0.0014390188139433951,0.0021679632664997404,0.0021172110305361595,0.004773954653005671,0.009720964176119284,27.525035765379112,33.67668097281831,0.0014254453464155228,0.0017165203391239605,0.001840866136156194
1.8029999999999118,0.3,3495,75,0.00040035431895591014,0.0008569880768463339,0.0014403823000703213,0.002169099588775844,0.002143435184669402,0.004890358220524922,0.009761547480876523,27.525035765379112,33.67668097281831,0.0014254453464155228,0.0017172314224819449,0.0018416339783229319
1.8039999999999117,0.3,3495,75,0.0004009025204577216,0.0008593746445408562,0.001442183373479624,0.002170824176147831,0.0021753062209332484,0.005034402045397105,0.00981826056945576,27.525035765379112,33.67668097281831,0.0014254453464155228,0.0017183512066537721,0.001842857944264864
1.8049999999999116,0.3,3495,75,0.0004014469510894517,0.0008616913899416257,0.0014443849599905456,0.0021731343235689786,0.002206072371133509,0.005050219645529501,0.0098204702502433,27.525035765379112,33.67668097281831,0.0014254453464155228,0.0017198831662370829,0.0018445423427877472
1.8059999999999115,0.3,3495,75,0.000401988353828609,0.0008657065497780658,0.0014460589763676016,0.0021760238933655816,0.0022337158620045717,0.005056988365330127,0.010205782576027719,27.525035765379112,33.67668097281831,0.0014254453464155228,0.0017218284850903922,0.0018466888042816265
1.8069999999999113,0.3,3495,75,0.0004025273563374266,0.0008687094233366581,0.0014480376250439852,0.0021794833322393847,0.0022573521719631293,0.0050901483892514835,0.011053748791217038,27.525035765379112,33.67668097281831,0.0014254453464155228,0.001724185927052781,0.0018492961093876659
1.8079999999999112,0.3,3495,75,0.0004030644180010734,0.0008723919493742808,0.0014503147539647178,0.002183499723636464,0.002277447601641346,0.005107405408996428,0.011770274342714129,27.525035765379112,33.67668097281831,0.0014254453464155228,0.0017269517377159517,0.001852360069307224
1.8089999999999111,0.3,3495,75,0.0004035997880533604,0.0008759495047167278,0.00145288305361922,0.0021880568671873916,0.0022937297577451375,0.00523392995141175,0.012346392323612461,27.525035765379112,33.67668097281831,0.0014254453464155228,0.0017301195803539943,0.0018558734571421098
1.809999999999911,0.3,3495,75,0.00040413347434631536,0.0008797795141929771,0.0014558561981829535,0.0021931353757700003,0.0023076532866303967,0.005266625614251824,0.012775061118427126,27.525035765379112,33.67668097281831,0.0014254453464155228,0.0017336805083164129,0.0018598259867417255
1.810999999999911,0.3,3495,75,0.0004046652310481376,0.0008836301743603716,0.0014605930645706423,0.002198712781675709,0.0023210672591040026,0.005350775066178054,0.013073556930441465,27.525035765379112,33.67668097281831,0.0014254453464155228,0.001737622975374857,0.0018642043340797443
1.8119999999999108,0.3,3495,75,0.00040519456001067856,0.0008876513031583438,0.001465692290838681,0.0022047636460298904,0.0023344619314538463,0.0054194297650474186,0.013217614667956982,27.525035765379112,33.67668097281831,0.0014254453464155228,0.001741932884864883,0.0018689921960444167
1.8129999999999107,0.3,3495,75,0.0004057207257625267,0.0008919611352597039,0.0014710888002660333,0.0022112596696181245,0.002349454049690922,0.0054814284402744775,0.01320354362968582,27.525035765379112,33.67668097281831,0.0014254453464155228,0.0017465936779382462,0.0018741703826208322
1.8139999999999106,0.3,3495,75,0.00040624278544809883,0.0008960626795459563,0.0014766424664344503,0.0022181698080086503,0.002365704240780746,0.005517383421752174,0.013031659154226789,27.525035765379112,33.67668097281831,0.0014254453464155228,0.0017515864607884914,0.0018797169405111447
1.8149999999999105,0.3,3495,75,0.0004067596290294934,0.0008998161870235439,0.0014824801537696346,0.0022254603984235327,0.002383721137228134,0.005552247940949785,0.012704526914393584,27.525035765379112,33.67668097281831,0.0014254453464155228,0.0017568901702123409,0.0018856073086617187
1.8159999999999104,0.3,3495,75,0.0004072700222127167,0.0009032978828961543,0.001485590050137382,0.0022330953042980495,0.0024045067035196733,0.00555451523244504,0.012226943235938056,27.525035765379112,33.67668097281831,0.0014254453464155228,0.0017624817724679618,0.0018918145074451331
1.8169999999999102,0.3,3495,75,0.0004077726515760509,0.0009066720093093277,0.0014887804238692397,0.0022410360899606644,0.002428144338726826,0.00554255712358623,0.011606110097195067,27.525035765379112,33.67668097281831,0.0014254453464155228,0.0017683364961540895,0.0018983093601399048
1.8179999999999101,0.3,3495,75,0.00040826617879224675,0.0009100178699909699,0.001492112363116196,0.002249242279338329,0.0024542664598625925,0.00555179374341315,0.0109075679831389,27.525035765379112,33.67668097281831,0.0014254453464155228,0.0017744281181104977,0.0019050607779824702
1.81899999999991,0.3,3495,75,0.00040874928247822877,0.0009131611747428262,0.001495573096504381,0.002257671648814254,0.002482265811673869,0.005619879189155952,0.011166574754653191,27.525035765379112,33.67668097281831,0.0014254453464155228,0.001780729262784162,0.001912036079176005
1.81999999999991,0.3,3495,75,0.0004092206907018481,0.0009164287908119131,0.0014991499063142933,0.0022662805893176735,0.002512102503746041,0.005658841931949709,0.01136150954453409,27.525035765379112,33.67668097281831,0.0014254453464155228,0.0017872117268400763,0.0019192013582056688
1.8209999999999098,0.3,3495,75,0.0004096791979916172,0.0009209104562824406,0.0015028302056816355,0.0022750245470204576,0.002540842104387554,0.005657498181984268,0.011490091061975878,27.525035765379112,33.67668097281831,0.0014254453464155228,0.0017938468260538225,0.0019265219153474789
1.8219999999999097,0.3,3495,75,0.0004101236769690845,0.0009246029267631494,0.0015077852312883383,0.002283858483759386,0.002567525549100574,0.005666928813305547,0.0115508613734648,27.525035765379112,33.67668097281831,0.0014254453464155228,0.0018006057278153378,0.0019339626958654321
1.8229999999999096,0.3,3495,75,0.00041055309398645905,0.0009286032582224027,0.0015133354800022764,0.002292737457734137,0.002591731780667091,0.005656978117431664,0.011543361652957362,27.525035765379112,33.67668097281831,0.0014254453464155228,0.0018074598324507396,0.0019414888034212652
1.8239999999999095,0.3,3495,75,0.0004109665078209359,0.0009338187476747674,0.001519003845020989,0.002301617214698679,0.0026159119327497215,0.005733149793105135,0.011468224036602385,27.525035765379112,33.67668097281831,0.0014254453464155228,0.0018143811344247646,0.001949066014354628
1.8249999999999094,0.3,3495,75,0.00041136306487129685,0.0009391250895708742,0.0015247739701625762,0.002310454781771064,0.002640351975580042,0.005858973440117061,0.011327268484756754,27.525035765379112,33.67668097281831,0.0014254453464155228,0.0018212890012887697,0.001956661290144268
1.8259999999999093,0.3,3495,75,0.00041174199886087994,0.0009439040882160402,0.001530648273736424,0.002319209066302997,0.0026641310122691923,0.006004969950970269,0.01112355338425301,27.525035765379112,33.67668097281831,0.0014254453464155228,0.0018280551132260584,0.0019642432746422855
1.8269999999999091,0.3,3495,75,0.0004121026141352443,0.0009486217216450827,0.0015378877691173622,0.0023278414305285054,0.0026859681858672157,0.0061052122085130415,0.01086135270760138,27.525035765379112,33.67668097281831,0.0014254453464155228,0.0018348291459616224,0.001971782763853014
1.827999999999909,0.3,3495,75,0.0004124442389690356,0.0009532779682099008,0.0015451067996304576,0.002336316176907209,0.0027060770062570026,0.006189966714166496,0.010546108241876672,27.525035765379112,33.67668097281831,0.0014254453464155228,0.0018415890657948514,0.0019792530908659955
1.828999999999909,0.3,3495,75,0.00041276619388182256,0.0009581458389379022,0.0015522866054407955,0.0023446009890917973,0.002723510014348992,0.006283141067120806,0.010184361814412384,27.525035765379112,33.67668097281831,0.0014254453464155228,0.0018483143748081353,0.001986630453522764
1.8299999999999088,0.3,3495,75,0.00041306782934555684,0.0009638704162275657,0.0015594098197411208,0.002352667289733186,0.002737182949116594,0.006397478569343357,0.01044817870349688,27.525035765379112,33.67668097281831,0.0014254453464155228,0.0018549862546013737,0.0019938941512123165
1.8309999999999087,0.3,3495,75,0.0004133485441539295,0.0009687817384498629,0.001566460501742062,0.002360490494819326,0.0027455747072423,0.006446830313417351,0.010935648151299056,27.525035765379112,33.67668097281831,0.0014254453464155228,0.0018615876478620902,0.002001026719174348
1.8319999999999086,0.3,3495,75,0.00041360778237856306,0.000973585125259171,0.0015734241212846123,0.0023680501688761544,0.0027472897087824737,0.006512417793123622,0.011397756157809207,27.525035765379112,33.67668097281831,0.0014254453464155228,0.0018681032803359754,0.0020080139588145585
1.8329999999999085,0.3,3495,75,0.0004138450321912759,0.0009777469676318278,0.0015802874916130275,0.0023753300820737347,0.00274124215968272,0.006536625540222338,0.011744326188815265,27.525035765379112,33.67668097281831,0.0014254453464155228,0.001874519621929987,0.0020148448641634786
1.8339999999999084,0.3,3495,75,0.00041405984055994753,0.0009813393394716601,0.0015870386486483178,0.0023823181729234737,0.0027267243518670583,0.0065671288922611905,0.011961767910024967,27.525035765379112,33.67668097281831,0.0014254453464155228,0.0018808247875148924,0.002021511448479174
1.8349999999999083,0.3,3495,75,0.0004142518386422421,0.0009843946595529513,0.001593666677306608,0.002389006422839199,0.002703719280985592,0.006571840911670104,0.012046668823061414,27.525035765379112,33.67668097281831,0.0014254453464155228,0.0018870083805677812,0.002028008478600185
1.8359999999999081,0.3,3495,75,0.0004144207978196352,0.0009873961443056594,0.001600161483745267,0.0023953906486065364,0.0026732551784611454,0.006551124641127228,0.011997648096675998,27.525035765379112,33.67668097281831,0.0014254453464155228,0.0018930612847793743,0.002034333126609056
1.836999999999908,0.3,3495,75,0.0004145666601055729,0.0009911048795932047,0.0016065135235885102,0.0024014702751563705,0.0026368398693384773,0.0064638700901068075,0.011815487292719046,27.525035765379112,33.67668097281831,0.0014254453464155228,0.001898975987418243,0.0020404845772183933
1.837999999999908,0.3,3495,75,0.00041468953276565563,0.0009945994109304928,0.001612713523631511,0.0024072481679296713,0.0025961746543497165,0.006411256408863729,0.01150308726731809,27.525035765379112,33.67668097281831,0.0014254453464155228,0.001904746377488518,0.0020464636572157247
1.8389999999999078,0.3,3495,75,0.00041478974361493334,0.0009975298390209452,0.0016187521781846521,0.0024127303928510395,0.002554183640288262,0.0063567621831621705,0.011065255424199373,27.525035765379112,33.67668097281831,0.0014254453464155228,0.0019103672448875068,0.0020522724138736237
1.8399999999999077,0.3,3495,75,0.00041486785531051596,0.0009997647232972376,0.0016246198610448117,0.0024179257999495164,0.002513077429215645,0.006252705102604782,0.010856408275964563,27.525035765379112,33.67668097281831,0.0014266211173707525,0.0019158337078754892,0.0020579136039060586
1.8409999999999076,0.3,3495,75,0.0004149246469095042,0.001001687655044007,0.001630306373173572,0.002422845446220295,0.002472630277150251,0.006193979110962001,0.010633741547122027,27.525035765379112,33.67668097281831,0.0014282714796760329,0.0019211408277659638,0.0020633901167563806
1.8419999999999075,0.3,3495,75,0.0004149611521657647,0.0010036013189541756,0.0016358007164589859,0.002427501949461522,0.002432500231098467,0.0060692237873188224,0.01030553472227538,27.525035765379112,33.67668097281831,0.0014300028840961048,0.0019262835463377895,0.0020687043857883225
1.8429999999999074,0.3,3495,75,0.00041497863512986643,0.0010053460557852116,0.0016410908875435113,0.0024319093533885783,0.002393674690733249,0.005850516077112369,0.009876610985855344,27.525035765379112,33.67668097281831,0.001431819854541903,0.0019312566972725846,0.002073858172078502
1.8439999999999073,0.3,3495,75,0.00041497881475485986,0.0010065351423065646,0.001646163694022138,0.002436082315832749,0.002355850181955185,0.005695077795986332,0.00935401625737882,27.525035765379112,33.67668097281831,0.0014337260696965014,0.0019360544409189487,0.002078851940737536
1.8449999999999072,0.3,3495,75,0.0004149629350033282,0.0010073961632227442,0.0016510046027783324,0.002440035033540405,0.0023175543709922698,0.005456227485234603,0.00874714484488104,27.525035765379112,33.67668097281831,0.001435723642529162,0.001940669541586094,0.0020836841721028065
1.845999999999907,0.3,3495,75,0.00041493273524121114,0.0010079273337986812,0.0016555978321165883,0.0024437804229126988,0.00227852829605836,0.005230805503211836,0.008067939102418722,27.525035765379112,33.67668097281831,0.0014378116771303223,0.0019450930909756014,0.002088350964601915
1.846999999999907,0.3,3495,75,0.00041489001358190194,0.0010081281860006986,0.0016599260849040395,0.0024473297768947758,0.0022404844670185883,0.004933032720124094,0.0074717368186442805,27.525035765379112,33.67668097281831,0.001439987161175996,0.0019493147224627567,0.0020928459277200773
1.8479999999999068,0.3,3495,75,0.00041483689801818545,0.0010079994436092475,0.0016639703680740223,0.00245069176295867,0.00220545949053558,0.004758357803389107,0.00730198516990331,27.525035765379112,33.67668097281831,0.001442245068506581,0.0019533222668752168,0.002097159689324002
1.8489999999999067,0.3,3495,75,0.00041477545983671036,0.0010075428763865588,0.0016676810668579884,0.0024538714288685104,0.0021725280657261163,0.004593132575426959,0.007117691878477613,27.525035765379112,33.67668097281831,0.0014445789728096627,0.0019571014905926895,0.0021012794902155463
1.8499999999999066,0.3,3495,75,0.0004147077977193183,0.0010065281049182434,0.0016710016975997513,0.002456869631853524,0.002145531117277702,0.004522340424150608,0.006913953543066728,27.525035765379112,33.67668097281831,0.0014469809827312582,0.001960636202333104,0.0021051891155607905
1.8509999999999065,0.3,3495,75,0.00041463590319658594,0.0010049167181672477,0.0016739793869540933,0.00245968276365337,0.0021259679318538284,0.004487687879187073,0.006684835141388958,27.525035765379112,33.67668097281831,0.0014494394593991228,0.0019639084997415904,0.0021088690274879696
1.8519999999999064,0.3,3495,75,0.00041456088285281404,0.0010029680044733374,0.0016765902829033255,0.0024623026912169305,0.002108186162595507,0.004463982202053232,0.006654821356872336,27.525035765379112,33.67668097281831,0.001451940626733444,0.001966899034552581,0.0021122965951754225
1.8529999999999063,0.3,3495,75,0.0004144849841076622,0.0010007855853753187,0.0016788095041134227,0.002464716895027575,0.002091115313152456,0.004449761157027165,0.006951671785809324,27.61087267525036,33.67668097281831,0.001454469647965764,0.0019695872726927972,0.002115446418528677
1.8539999999999062,0.3,3495,75,0.0004144091213567159,0.0009996955240450158,0.0016806114367200389,0.002466908766824955,0.0020743805364712704,0.004379590204941778,0.007202348314846345,27.61087267525036,33.67668097281831,0.001457008274607002,0.0019719517180816965,0.0021182907022563313
1.854999999999906,0.3,3495,75,0.00041433430768341784,0.000997952964900076,0.0016819701442548826,0.0024688580189346494,0.0020586990676955577,0.00439607549245308,0.007406390416381505,27.61087267525036,33.67668097281831,0.0014595365662341216,0.001973970104711049,0.002120799667508777
1.855999999999906,0.3,3495,75,0.00041426125943970303,0.0009961966517536274,0.0016828598922933,0.0024705411669782933,0.0020436297504100617,0.004487032387854362,0.007634421711769554,27.61087267525036,33.67668097281831,0.001462031525785849,0.001975619553182773,0.0021229419967276897
1.8569999999999058,0.3,3495,75,0.0004141906747999287,0.0009948584191710487,0.0016832557750215886,0.002471932044796524,0.002030272346200333,0.004583303199714223,0.007950345340713424,27.61087267525036,33.67668097281831,0.0014644675784117097,0.0019768767230551837,0.0021246852993925813
1.8579999999999057,0.3,3495,75,0.00041412298209439426,0.0009927621207186487,0.0016831344148980586,0.0024730023326569044,0.002020309706021378,0.004725754664533529,0.008225041826462203,27.61087267525036,33.67668097281831,0.0014668161979576563,0.0019777180273441095,0.0021259966003661646
1.8589999999999056,0.3,3495,75,0.0004140579915023333,0.000990017865616929,0.001682474679143724,0.002473722159083594,0.0020142934266326453,0.004822991237990825,0.008435201537915507,27.61087267525036,33.67668097281831,0.0014690457086916138,0.0019781199198977213,0.002126842918880101
1.8599999999999055,0.3,3495,75,0.0004139956784794268,0.000987021725998753,0.0016812583952705688,0.0024740605786556426,0.0020144498169910106,0.004930428269739362,0.008579282090464392,27.61087267525036,33.67668097281831,0.0014711223283876882,0.0019780591659526005,0.002127191794766503
1.8609999999999054,0.3,3495,75,0.00041393686996492784,0.0009842568778125852,0.0016794710401403035,0.0024739859656188233,0.00202296120591475,0.004985736773900396,0.008656926024593316,27.61087267525036,33.67668097281831,0.001473009587098241,0.0019775131328380194,0.00212701179845709
1.8619999999999053,0.3,3495,75,0.0004138818394905861,0.0009813384140399419,0.0016771023349166705,0.002473466358238683,0.002039767410226496,0.005026643726524302,0.00869013034661156,27.61087267525036,33.67668097281831,0.0014746695341054069,0.001976460250062132,0.002126273046634708
1.8629999999999052,0.3,3495,75,0.0004138283395870141,0.000977410127988319,0.0016741466720925583,0.002472469763436231,0.0020618077726682464,0.00518739853102677,0.008732391401775336,27.61087267525036,33.67668097281831,0.0014760624609553553,0.0019748804586500264,0.0021249476814730883
1.863999999999905,0.3,3495,75,0.00041377610839905365,0.0009723634481142197,0.0016706033702245746,0.0024709645485316866,0.002088552253478825,0.005286300468354463,0.008714166829178763,27.61087267525036,33.67668097281831,0.0014771635790672664,0.001972755756824895,0.0021230103972094128
1.864999999999905,0.3,3495,75,0.00041372486770739473,0.0009684939931870352,0.0016663922333616246,0.002468919803347502,0.002120804148390113,0.005353009745701948,0.008635390655868184,27.61087267525036,33.67668097281831,0.0014779327718139885,0.0019700706345279636,0.0021204389167088777
1.8659999999999048,0.3,3495,75,0.0004136740923307474,0.000964805127365707,0.0016615408575259242,0.002466305669306414,0.002160355988694513,0.005418384430790365,0.008496098636603458,27.61087267525036,33.67668097281831,0.0014783086404090246,0.0019668126682675217,0.002117214392381328
1.8669999999999047,0.3,3495,75,0.00041362358513850385,0.000960253529593603,0.001656114198059213,0.002463093724827581,0.0022059948552649324,0.005392765355787253,0.008296448993074062,27.61087267525036,33.67668097281831,0.0014783137050537445,0.0019629729924349553,0.0021133217910183077
1.8679999999999046,0.3,3495,75,0.0004135733476696482,0.000954937810866896,0.001650131705556943,0.002459257497332032,0.0022554612366666115,0.005437981872279952,0.00829115274887987,27.61087267525036,33.67668097281831,0.0014783137050537445,0.0019585464510540893,0.0021087502930221547
1.8689999999999045,0.3,3495,75,0.0004135235487101261,0.0009500300269392488,0.0016436167283199426,0.002454773134762562,0.0023070337300740338,0.005485856283065286,0.008621842280650228,27.61087267525036,33.67668097281831,0.0014783137050537445,0.001953532124082641,0.0021034937176054314
1.8699999999999044,0.3,3495,75,0.00041347449932437465,0.0009455051736893488,0.0016365959667878538,0.0024496202400687635,0.002359041238816707,0.005492066954817701,0.009102752379267979,27.61087267525036,33.67668097281831,0.0014783137050537445,0.0019479337125867732,0.002097550975321383
1.8709999999999043,0.3,3495,75,0.0004134265907588174,0.0009406466102346962,0.0016290989271280252,0.0024437828501501974,0.0024113520869829944,0.0054559794506511775,0.009530188725080843,27.61087267525036,33.67668097281831,0.0014783137050537445,0.0019417595865096672,0.0020909265388908693
1.8719999999999042,0.3,3495,75,0.0004133802459534303,0.0009354217394602459,0.001621157410537004,0.00243725048751833,0.0024635374890383003,0.005493125044228844,0.009929106171891891,27.61087267525036,33.67668097281831,0.0014783137050537445,0.0019350229802072914,0.0020836308852594243
1.872999999999904,0.3,3495,75,0.0004133358886207513,0.0009299032740573517,0.0016128050676310788,0.00243001916459371,0.002511427271241287,0.005503321898156988,0.010305699152375246,27.61087267525036,33.67668097281831,0.0014783137050537445,0.0019277420848559767,0.002075680844676242
1.873999999999904,0.3,3495,75,0.00041329388690524517,0.0009243967343476485,0.0016040770373959893,0.002422092252037632,0.002553006189516441,0.0055028285029802134,0.010640590810952168,27.61087267525036,33.67668097281831,0.0014783137050537445,0.0019199400109279573,0.0020670998112137795
1.8749999999999039,0.3,3495,75,0.00041325451362878913,0.000918913829283899,0.0015950096793067802,0.00241348111022723,0.002586846407582388,0.005476579700831352,0.011366640629605415,27.61087267525036,33.67668097281831,0.0014783137050537445,0.0019116446516338188,0.002057917764286543
1.8759999999999037,0.3,3495,75,0.0004132179144860858,0.0009134651539000235,0.0015856403974637077,0.002404205400914008,0.002612533753103019,0.005510691790578138,0.012065525943582235,27.61087267525036,33.67668097281831,0.0014783137050537445,0.0019028884457003813,0.002048171066967086
1.8769999999999036,0.3,3495,75,0.00041318407122624607,0.0009080607030319253,0.0015769833248397373,0.002394293052432845,0.002629956960197023,0.00551797829642247,0.012714008685875026,27.61087267525036,33.67668097281831,0.0014783137050537445,0.0018937080575354736,0.0020379020396816827
1.8779999999999035,0.3,3495,75,0.00041315278768191385,0.0009027361509819373,0.0015695059699883868,0.0023837798822917765,0.0026396596671619246,0.005457709396392576,0.013307112434990895,27.61087267525036,33.67668097281831,0.0014783137050537445,0.0018841439906821511,0.0020271583291915363
1.8789999999999034,0.3,3495,75,0.0004131236854408121,0.0008977164377394624,0.0015618241088932402,0.002372708926229876,0.002640549051944624,0.005339453600466758,0.013934858494961039,27.61087267525036,33.67668097281831,0.0014783137050537445,0.0018742401584291273,0.0020159921216311716
1.8799999999999033,0.3,3495,75,0.00041309620815202036,0.0008927297049457204,0.0015539723040514208,0.002361129564871853,0.002631825251448259,0.005319355927480755,0.014574996820756839,27.61087267525036,33.67668097281831,0.0014783137050537445,0.0018640434414510833,0.0020044592708430287
1.8809999999999032,0.3,3495,75,0.00041306964499336315,0.0008876692533231367,0.0015470896715077747,0.0023490965510728373,0.0026126960963794906,0.005386522930995981,0.015149088228840498,27.61087267525036,33.67668097281831,0.0014783137050537445,0.0018536032559967758,0.001992618419219383
1.881999999999903,0.3,3495,75,0.0004130431602130071,0.0008826077005705608,0.0015419871176636018,0.0023366690482783162,0.002583898608763894,0.005397739936833678,0.015653171110020212,27.61087267525036,33.67668097281831,0.0014783137050537445,0.0018429711560286194,0.00198053018873523
1.882999999999903,0.3,3495,75,0.0004130158318605521,0.0008776315653885137,0.0015368918153963762,0.0023239097773179816,0.002546214973279306,0.005448709323826251,0.016084549009507048,27.61087267525036,33.67668097281831,0.0014783137050537445,0.0018322004852211657,0.001968256506181376
1.8839999999999029,0.3,3495,75,0.0004129867000445429,0.0008727937176127466,0.001531823368835096,0.0023108843362195865,0.0025013744032759432,0.005490884004755899,0.016441411945425356,27.61087267525036,33.67668097281831,0.0014783137050537445,0.0018209920411810076,0.0019558601020222
1.8849999999999028,0.3,3495,75,0.00041295481498573503,0.0008684660131179766,0.0015244895860882406,0.002297660723440299,0.0024517783673706902,0.005520187496729304,0.016722401018420374,27.61087267525036,33.67668097281831,0.0014783137050537445,0.0018095332247836417,0.0019434041957602233
1.8859999999999026,0.3,3495,75,0.000412919282685527,0.0008647403030924808,0.001514207651538931,0.002284309061297268,0.0024003799673225027,0.005497418230597457,0.01692618441071006,27.61087267525036,33.67668097281831,0.0014783137050537445,0.001798100554830674,0.0019309523530282036
1.8869999999999025,0.3,3495,75,0.00041287931249322856,0.0008607754285639788,0.0015037956492619355,0.002270901470814173,0.0023513150097382025,0.0055306681740989235,0.017051184476770957,27.61087267525036,33.67668097281831,0.0014783137050537445,0.0017867552417639605,0.0019185684816811488
1.8879999999999024,0.3,3495,75,0.0004128342559891605,0.0008569666170191625,0.0014934938023501768,0.002257511936496851,0.0023095473645325373,0.005578620617777394,0.01709539673756766,27.61087267525036,33.67668097281831,0.0014783137050537445,0.0017755589370067038,0.0019063168306203693
1.8889999999999023,0.3,3495,75,0.00041278363750810306,0.0008533013131123414,0.0014834337020167257,0.0022442162789729483,0.002277147554982317,0.0056383794333422265,0.017056379351414765,27.61087267525036,33.67668097281831,0.0014783137050537445,0.0017645734649386028,0.0018942620706816626
1.8899999999999022,0.3,3495,75,0.0004127271737267712,0.0008494810800591783,0.0014755600136254203,0.002231091993376465,0.00225255104033997,0.0056542949092325545,0.016931455904826573,27.61087267525036,33.67668097281831,0.0014783137050537445,0.0017538605014764334,0.0018824692736671977
1.890999999999902,0.3,3495,75,0.00041266478402094016,0.0008458708434086166,0.0014685574645387932,0.002218217905926413,0.002235001596847788,0.005707763338947271,0.016718070536035724,27.61087267525036,33.67668097281831,0.0014783137050537445,0.0017434811726068215,0.0018710037715372607
1.891999999999902,0.3,3495,75,0.00041259659278390285,0.000842509134071965,0.0014618898046687256,0.0022056735617869533,0.0022221444421497666,0.005718526755902467,0.0164141519442639,27.61087267525036,33.67668097281831,0.0014783137050537445,0.00173349557709534,0.0018599308016931104
1.8929999999999019,0.3,3495,75,0.0004125229181786451,0.0008404472574280983,0.0014551348042474823,0.0021935385214463016,0.002212903028253308,0.005682650309166685,0.01601848561505011,27.61087267525036,33.67668097281831,0.0014783137050537445,0.0017239623222376672,0.0018493150656944124
1.8939999999999018,0.3,3495,75,0.00041244424555720297,0.0008377464455944078,0.0014469066473715739,0.002181891421346972,0.002207965577481734,0.005588924270406088,0.015531128810014973,27.61087267525036,33.67668097281831,0.0014783137050537445,0.0017149379881668436,0.0018392200930854585
1.8949999999999017,0.3,3495,75,0.00041236119705092124,0.0008355962678269743,0.0014391314237836665,0.0021708088714417514,0.0022074421163305975,0.005539124467615863,0.014953656478318743,27.61087267525036,33.67668097281831,0.0014783137050537445,0.001706476531813775,0.001829707466967534
1.8959999999999015,0.3,3495,75,0.0004122744986185095,0.0008344740730326896,0.0014318356927317806,0.0021603642981004503,0.002211073334014231,0.005481470155110545,0.014289298973163491,27.61087267525036,33.67668097281831,0.0014783137050537445,0.0016986286765916358,0.0018208359737101887
1.8969999999999014,0.3,3495,75,0.0004121849440109768,0.000833735882450571,0.0014250440555750137,0.002150626795577349,0.002217250033852162,0.005341100064276904,0.013542947095155048,27.61087267525036,33.67668097281831,0.0014783137050537445,0.0016914412948255692,0.0018126607227664238
1.8979999999999013,0.3,3495,75,0.0004120933579205549,0.0008341860206668426,0.001418779330204484,0.0021416600615321727,0.002223303476917116,0.0051944564612059485,0.012721043466588422,27.61087267525036,33.67668097281831,0.0014783137050537445,0.0016849568033078296,0.0018052322904651419
1.8989999999999012,0.3,3495,75,0.0004120005594841831,0.0008335909719812558,0.0014130626745770944,0.0021335214812012587,0.002228518872396668,0.0051043079403422205,0.011831403352601995,27.61087267525036,33.67668097281831,0.0014783137050537445,0.0016792125939595144,0.0017985959364743564
1.899999999999901,0.3,3495,75,0.0004119073278950144,0.0008331519604971014,0.0014079012863522904,0.0021262614058462025,0.002231675812304159,0.005029038645550595,0.010883031930121098,27.61087267525036,33.67668097281831,0.0014783137050537445,0.0016742405210328655,0.0017927909311907797
1.900999999999901,0.3,3495,75,0.00041181437381011777,0.000832293766428715,0.0014032081054299872,0.0021199226484964204,0.0022318069816616337,0.004993218131901871,0.00988603346726845,27.61087267525036,33.67668097281831,0.0014783137050537445,0.0016700664642384318,0.0017878500193688751
1.9019999999999009,0.3,3495,75,0.00041172231533097005,0.0008316460660723314,0.0013991229837371831,0.0021145401976515213,0.0022296081648716637,0.004965928472868553,0.0088517545355894,27.61087267525036,33.67668097281831,0.0014783137050537445,0.0016667099841099146,0.0017837990318803065
1.9029999999999008,0.3,3495,75,0.0004116316588074617,0.0008307452129326484,0.0013957453083062207,0.002110141129435335,0.0022232530486564427,0.004892878398934459,0.0077934010913912775,27.61087267525036,33.67668097281831,0.0014783137050537445,0.0016641939522719798,0.0017806566451135097
1.9039999999999007,0.3,3495,75,0.00041154278784443947,0.0008300619504434726,0.0013952530209702745,0.0021067446836421544,0.002212733054524978,0.004784076777188032,0.008114670043923924,27.61087267525036,33.67668097281831,0.0014783137050537445,0.001662520422248172,0.0017784342775719608
1.9049999999999006,0.3,3495,75,0.00041145595301546946,0.0008314156301208422,0.001395185590319685,0.0021043624607098533,0.002200683657159132,0.004655066777068631,0.008520525025876496,27.61087267525036,33.67668097281831,0.0014783137050537445,0.0016617180299951225,0.0017771361067175917
1.9059999999999004,0.3,3495,75,0.0004113712665012527,0.0008328798435193538,0.0013955300390604245,0.002102998694374425,0.002188541549560313,0.004595210833207748,0.008835243196468839,27.61087267525036,33.67668097281831,0.0014783137050537445,0.0016622206093445523,0.001776759185709409
1.9069999999999003,0.3,3495,75,0.0004112887191585967,0.0008338975068635607,0.0013962715729863215,0.0021026505586749277,0.0021767136008690245,0.004481160451859721,0.00905590881984836,27.61087267525036,33.67668097281831,0.0014783137050537445,0.0016632968554005823,0.0017772936394457872
1.9079999999999002,0.3,3495,75,0.0004112081976026554,0.0008351780900403922,0.001397394004865643,0.0021033084741939575,0.0021649319895555783,0.0044042231392029604,0.009180971334604654,27.61087267525036,33.67668097281831,0.0014783137050537445,0.001664924282493055,0.0017787229175993957
1.9089999999999,0.3,3495,75,0.0004111294777042279,0.0008360484434817814,0.0013988801743854468,0.002104956388174268,0.0021521517021227334,0.004343367758309249,0.009210168860345437,27.61087267525036,33.67668097281831,0.0014783137050537445,0.0016670768645426874,0.001781024094075434
1.9099999999999,0.3,3495,75,0.0004110522362482825,0.0008366734148166534,0.0014007123398310252,0.0021075720514254254,0.002138085787223982,0.00427473169727418,0.009144404150398475,27.61087267525036,33.67668097281831,0.0014783137050537445,0.001669725630981796,0.0017841682201726883
1.9109999999999,0.3,3495,75,0.00041097607187744217,0.000837306278811894,0.001402872524754531,0.00211112724956497,0.0021225876367624167,0.004290749322028472,0.008985593954921297,27.61087267525036,33.67668097281831,0.0014783137050537445,0.0016733271434198132,0.001788120694282469
1.9119999999998998,0.3,3495,75,0.00041090053272877923,0.0008380192696155664,0.0014053428059782977,0.0021155880168936183,0.002105926458666252,0.004295822475328231,0.008866772594434157,27.61087267525036,33.67668097281831,0.0014783137050537445,0.0016777905402861335,0.0017928416567869476
1.9129999999998997,0.3,3495,75,0.0004108251519733763,0.0008389549763306999,0.0014081055493935979,0.0021209148599576557,0.002089346332686506,0.004228137068189628,0.008771693349266925,27.61087267525036,33.67668097281831,0.0014783137050537445,0.0016828720534799696,0.001798286422214801
1.9139999999998996,0.3,3495,75,0.0004107494719240413,0.0008399607187792999,0.0014111435819179389,0.002127063009169617,0.0020752507102504724,0.00416540295741476,0.008594573248714741,27.61087267525036,33.67668097281831,0.0014783137050537445,0.0016885248003655356,0.001804405948444554
1.9149999999998994,0.3,3495,75,0.000410673062275048,0.0008409801871106982,0.0014144402996682296,0.0021339827281834276,0.0020668481858777473,0.00418931641139257,0.008571091973272176,27.61087267525036,33.67668097281831,0.0014783137050537445,0.00169469931766173,0.0018111473537345546
1.9159999999998993,0.3,3495,75,0.00041059554860577564,0.0008413495151468942,0.0014179797105801607,0.002141619696235593,0.0020683588819276674,0.004231690529186687,0.009358327564141396,27.61087267525036,33.67668097281831,0.0014783137050537445,0.0017013507456989816,0.0018184544824926263
1.9169999999998992,0.3,3495,75,0.00041051662905508513,0.000841282332153465,0.0014217464004492046,0.0021499154379340715,0.002084285673251905,0.004345059410942392,0.010318511664671971,27.61087267525036,33.67668097281831,0.0014783137050537445,0.0017084340088522445,0.001826268496063932
1.9179999999998991,0.3,3495,75,0.0004104360543336991,0.0008423833596510351,0.0014257254551809664,0.002158807872940597,0.0021121435235839934,0.004449916100560215,0.01131958770110176,27.61087267525036,33.67668097281831,0.0014783137050537445,0.0017158834279039196,0.0018345285358201124
1.918999999999899,0.3,3495,75,0.0004103536097745617,0.0008438569535906998,0.0014299023440329098,0.0021682319592332172,0.0021458416573417807,0.00450583300287317,0.012260633992716909,27.61087267525036,33.67668097281831,0.0014783137050537445,0.0017236450233209571,0.001843172437148155
1.919999999999899,0.3,3495,75,0.0004102690679978795,0.0008465584826620265,0.0014346215635195642,0.0021781204032495323,0.0021836395906196,0.004539921911012439,0.01313015903231985,27.61087267525036,33.67668097281831,0.0014783137050537445,0.001731665232075126,0.0018521374729694173
1.9209999999998988,0.3,3495,75,0.00041018210232376235,0.0008502953206694534,0.0014421194199342763,0.0021884044282694283,0.002225655557222463,0.004627847805821564,0.013917962210147202,27.61087267525036,33.67668097281831,0.0014783137050537445,0.0017398914791964548,0.0018613611199356228
1.9219999999998987,0.3,3495,75,0.00041009222564143856,0.0008537860044416902,0.0014499132163947187,0.0021990145773429877,0.00227098883325949,0.004707472410473456,0.014615142531108287,27.61087267525036,33.67668097281831,0.0014783137050537445,0.001748272716815724,0.0018707818289556144
1.9229999999998986,0.3,3495,75,0.000409998757071096,0.0008559915866910332,0.0014578299732275458,0.002209881523349462,0.0023178991060270556,0.004723647394664775,0.015214164953913789,27.61087267525036,33.67668097281831,0.0014783137050537445,0.0017567599216816966,0.0018803397780757791
1.9239999999998985,0.3,3495,75,0.0004099008401589313,0.0008581860992413548,0.0014659575142511388,0.002220936857910648,0.002364856217374696,0.0048452458160752635,0.01570893302609131,27.61087267525036,33.67668097281831,0.0014783137050537445,0.0017653065430913472,0.0018899775839464894
1.9249999999998983,0.3,3495,75,0.00040979749598348095,0.0008597876582295913,0.0014742535641710252,0.0022321138326462965,0.00240995880283857,0.004962971728087687,0.016094841435850285,27.61087267525036,33.67668097281831,0.0014783137050537445,0.0017738688946705348,0.0018996409482205934
1.9259999999998982,0.3,3495,75,0.00040968765503929526,0.0008610043571821227,0.001482677459235039,0.002243348030292826,0.002451112876683626,0.005087289506581834,0.016368797403798593,27.61087267525036,33.67668097281831,0.0014783137050537445,0.0017824064852331677,0.0019092792173616147
1.9269999999998981,0.3,3495,75,0.0004095701888196064,0.0008627888348498494,0.0014911906313617922,0.002254577949229573,0.0024866861272097238,0.005218656804986121,0.016529209705826057,27.61087267525036,33.67668097281831,0.0014783137050537445,0.0017908822858780705,0.0019188458385563933
1.927999999999898,0.3,3495,75,0.0004094439365450877,0.0008636961351700124,0.0014997569949785107,0.0022657454920198008,0.002514947841820662,0.005406915048541625,0.016575950295840226,27.61087267525036,33.67668097281831,0.0014783137050537445,0.00179926293219925,0.0019282987001609797
1.928999999999898,0.3,3495,75,0.0004093077156699963,0.0008666278030169963,0.0015083432185733618,0.002276796355834142,0.002535974021754795,0.005555665921895177,0.01651029677540508,27.61087267525036,33.67668097281831,0.0014783137050537445,0.001807518861739349,0.0019376003518125628
1.9299999999998978,0.3,3495,75,0.0004091603416984192,0.0008686879485912649,0.0015169188707316163,0.002287680329175106,0.0025486305873758525,0.005658971691290691,0.016334864836811673,27.61087267525036,33.67668097281831,0.0014783137050537445,0.0018156243875245043,0.0019467181061827432
1.9309999999998977,0.3,3495,75,0.0004090006438926317,0.0008738242754882297,0.0015254564389913976,0.0022983515043168297,0.0025512880485616157,0.005782270602702302,0.016053538788305267,27.61087267525036,33.67668097281831,0.0014783137050537445,0.0018235577085919741,0.0019556240305007577
1.9319999999998976,0.3,3495,75,0.0004088274802047082,0.0008796026404175658,0.00153393122834655,0.002308768417740067,0.002543029302344001,0.005909285186621259,0.015671405958755106,27.61087267525036,33.67668097281831,0.0014783137050537445,0.0018313008580601792,0.0019642948406897176
1.9329999999998975,0.3,3495,75,0.00040863976064457226,0.0008828938823769511,0.0015423211435825531,0.0023188941295371242,0.002524156999840539,0.006005506451165107,0.015194688937835316,27.61087267525036,33.67668097281831,0.0014783137050537445,0.0018388395877409903,0.0019727117188281795
1.9339999999998974,0.3,3495,75,0.00040843646540076413,0.0008831702922701326,0.0015502645329812685,0.0023286962483179373,0.0024967747669583885,0.006063444529983339,0.014630706482913834,27.61087267525036,33.67668097281831,0.0014783137050537445,0.001846163182395414,0.001980860047549271
1.9349999999998972,0.3,3495,75,0.00040821666365635387,0.0008868272134472897,0.0015555134198169218,0.002338146937246635,0.002462087633686243,0.006031353082916371,0.013987835350651892,27.61087267525036,33.67668097281831,0.0014783137050537445,0.0018532642322169998,0.0019887291086782
1.9359999999998971,0.3,3495,75,0.0004079795392213321,0.0008909572505108492,0.0015609805835415463,0.0023472228770581214,0.0024226956200706917,0.006065391208058446,0.013275443309844788,27.61087267525036,33.67668097281831,0.0014783137050537445,0.0018601383325378435,0.0019963117503358774
1.936999999999897,0.3,3495,75,0.00040772441890608787,0.0008936238452498371,0.0015667576017228512,0.002355905169651334,0.0023807863947361424,0.006013658985785734,0.012503849193337527,27.61087267525036,33.67668097281831,0.0014783137050537445,0.0018667836978503236,0.002003604011534321
1.937999999999897,0.3,3495,75,0.00040745080259555687,0.0008963224099847767,0.0015724028154509627,0.002364179215982622,0.0023383939842664524,0.006002713435802399,0.011684282156284935,27.61087267525036,33.67668097281831,0.0014783137050537445,0.001873200734639881,0.0020106047297439034
1.9389999999998968,0.3,3495,75,0.00040715839668615665,0.0008992963228385455,0.0015779017827085443,0.0023720345414573077,0.002296432807159932,0.005894687879151962,0.010828824006971716,27.61087267525036,33.67668097281831,0.0014783137050537445,0.001879391560197328,0.0020173151209306184
1.9399999999998967,0.3,3495,75,0.0004068471393954393,0.0009027263440925575,0.0015832400656525098,0.002379464548916159,0.0022577459390969016,0.0056937009535376545,0.010677202488082972,27.61087267525036,33.67668097281831,0.0014783137050537445,0.0018853044793693755,0.0020237383188508318
1.9409999999998966,0.3,3495,75,0.0004065172309904442,0.0009069962752966244,0.0015884030345989148,0.0023864662378763044,0.002224443403177966,0.005625718602571453,0.010727637856768094,27.61087267525036,33.67668097281831,0.0014783137050537445,0.001890852157454356,0.002029878920890127
1.9419999999998965,0.3,3495,75,0.00040616916323134056,0.0009118706005706087,0.0015933756737170448,0.002393039809022818,0.002196608282621702,0.005572361405639319,0.010724544842521461,27.61087267525036,33.67668097281831,0.0014783137050537445,0.0018962168680692973,0.0020357424711576755
1.9429999999998964,0.3,3495,75,0.0004058037425681182,0.0009165592020463876,0.0015981424441349065,0.0023991882531937615,0.002174281945869426,0.005373835086593073,0.010666864478539604,27.61087267525036,33.67668097281831,0.0014783137050537445,0.0019013989050622533,0.0020413349633940925
1.9439999999998963,0.3,3495,75,0.0004054221159313162,0.0009201025081867852,0.0016026871734952236,0.0024049168458050996,0.002158139877401453,0.005254695187084933,0.010554080072325864,27.61087267525036,33.67668097281831,0.0014783137050537445,0.0019063969234782853,0.00204666230225925
1.9449999999998961,0.3,3495,75,0.0004050257977597765,0.0009234575740215963,0.0016069930376702386,0.002410232606194507,0.002148097215415812,0.005137308755159486,0.010386369854458524,27.61087267525036,33.67668097281831,0.0014783137050537445,0.0019112075480180644,0.002051729775423894
1.945999999999896,0.3,3495,75,0.0004046167346265708,0.0009255431462986876,0.0016110426963111683,0.0024151437618503114,0.0021436997145910146,0.005060728498769938,0.010164604930722923,27.61087267525036,33.67668097281831,0.0014783137050537445,0.0019158250881131547,0.002056541559458225
1.946999999999896,0.3,3495,75,0.0004041974199377875,0.000928717614362228,0.0016148184465494342,0.0024196591988498574,0.0021447301141882835,0.004958888326874999,0.009890249847655987,27.61087267525036,33.67668097281831,0.0014783137050537445,0.0019202413243476384,0.002061100257574111
1.9479999999998958,0.3,3495,75,0.0004037707892494505,0.0009325173087869579,0.001619260666003663,0.0024237879101768247,0.002151980160908036,0.005006333240736142,0.009565377492339143,27.61087267525036,33.67668097281831,0.0014783137050537445,0.001924445372957659,0.002065406486256194
1.9489999999998957,0.3,3495,75,0.0004033400855104231,0.000936007405753222,0.0016237780476083608,0.0024275385088803783,0.0021648220697816625,0.005096660817998736,0.009192701891749281,27.61087267525036,33.67668097281831,0.0014783137050537445,0.0019284236847821987,0.0020694585545761868
1.9499999999998956,0.3,3495,75,0.0004029089495907282,0.0009391295244211022,0.0016279335839526172,0.0024309188028767722,0.002183037839966003,0.005108657973067846,0.008941942149779211,27.61087267525036,33.67668097281831,0.0014783137050537445,0.0019321601585252667,0.002073252239338075
1.9509999999998955,0.3,3495,75,0.0004024806325320595,0.0009414936652431623,0.0016317132697647842,0.0024339354392901853,0.0022045162007594235,0.005170077154660393,0.008718284233450078,27.61087267525036,33.67668097281831,0.0014783137050537445,0.0019356363684175366,0.0020767806756332163
1.9519999999998954,0.3,3495,75,0.000402058336349416,0.0009434688251018387,0.001635103623847112,0.0024365936572226464,0.0022280993132247646,0.005289503703301132,0.008450323340569933,27.61087267525036,33.67668097281831,0.0014783137050537445,0.0019388319151928107,0.002080034374230877
1.9529999999998953,0.3,3495,75,0.00040164547135961845,0.0009450472501841375,0.0016380917635294826,0.0024388971113826503,0.00225180323002971,0.005328916439614564,0.008393655685384754,27.61087267525036,33.67668097281831,0.0014783137050537445,0.0019417248574017697,0.0020830013464845365
1.9539999999998952,0.3,3495,75,0.0004012450030053071,0.000945606785169933,0.0016406654823866232,0.0024408477785756145,0.0022738902930869204,0.005337195386612838,0.008803754092074262,27.61087267525036,33.67668097281831,0.0014783137050537445,0.001944292213763827,0.002085667332462293
1.954999999999895,0.3,3495,75,0.0004008596015860596,0.000945793080886175,0.001642813337610326,0.0024424459490128554,0.002293425798332072,0.005294348867739018,0.009182893286166706,27.61087267525036,33.67668097281831,0.0014783137050537445,0.0019465105265099932,0.002088016130258552
1.955999999999895,0.3,3495,75,0.0004004916006805383,0.0009479722287868526,0.0016445247491629704,0.0024436902868077864,0.0023101878048482826,0.005173927525200422,0.009558068759875582,27.61087267525036,33.67668097281831,0.0014783137050537445,0.0019483564555994913,0.0020900300029751406
1.9569999999998948,0.3,3495,75,0.00040014104257385337,0.000949389996877272,0.0016457901143536611,0.0024445779468906526,0.0023240579166362587,0.005149804231411819,0.009868890694126541,27.61087267525036,33.67668097281831,0.0014783137050537445,0.0019498073786055883,0.0020916901417784572
1.9579999999998947,0.3,3495,75,0.0003998071373583905,0.0009521350302174728,0.001646600940867569,0.0024451047358414256,0.0023342774377525933,0.005068421585487928,0.010112370425401715,27.61087267525036,33.67668097281831,0.0014783137050537445,0.001950841972288903,0.0020929771626398974
1.9589999999998946,0.3,3495,75,0.0003994889424935405,0.0009545126685512615,0.0016469500001652809,0.0024452653045027176,0.0023407798192978235,0.005060663251033942,0.010286519962647253,27.61087267525036,33.67668097281831,0.0014783137050537445,0.001951440753955308,0.0020938716146510217
1.9599999999998945,0.3,3495,75,0.0003991857330734463,0.0009556447437148852,0.0016468315020098832,0.002445053362270714,0.0023439071920866696,0.005044959868791878,0.010390276304857008,27.61087267525036,33.67668097281831,0.0014783137050537445,0.0019515865643716854,0.002094354480089322
1.9609999999998944,0.3,3495,75,0.0003988961964818927,0.0009561731067144842,0.0016462412830502329,0.0024444619066695456,0.0023439222234495492,0.005024019708797747,0.010423450964198753,27.61087267525036,33.67668097281831,0.0014783137050537445,0.0019512649820425997,0.002094407653537189
1.9619999999998943,0.3,3495,75,0.0003986195080066855,0.0009560826095811949,0.0016451770216609418,0.002443483461638465,0.0023411269618549284,0.004976478472161356,0.010386540163746762,27.61087267525036,33.67668097281831,0.0014783137050537445,0.0019504646433678708,0.0020940143746628337
1.9629999999998942,0.3,3495,75,0.0003983542614632752,0.0009567403159924306,0.001643638474159413,0.0024421103186965452,0.002336185377185138,0.0048977968515878465,0.0102806175329757,27.61087267525036,33.67668097281831,0.0014783137050537445,0.0019491774965471771,0.002093159620343954
1.963999999999894,0.3,3495,75,0.0003980993003139078,0.0009576669709643777,0.001641627711402235,0.002440334795347209,0.002330217109228356,0.004880992848018686,0.010107317101406051,27.61087267525036,33.67668097281831,0.0014783137050537445,0.001947398965575095,0.0020918304503823038
1.964999999999894,0.3,3495,75,0.0003978536047356668,0.000956947957562721,0.0016391493496542738,0.00243814950751631,0.00232419074218961,0.0048530878155925265,0.009868698318908346,27.61087267525036,33.67668097281831,0.0014783137050537445,0.0019451280430273794,0.0020900163104293767
1.9659999999998938,0.3,3495,75,0.0003976163724682732,0.0009543558239018633,0.0016362107786680865,0.0024355476557948513,0.0023182876797894613,0.004795420883123181,0.009567169225474266,27.61087267525036,33.67668097281831,0.0014783137050537445,0.0019423673171231413,0.002087709287849293
1.9669999999998937,0.3,3495,75,0.00039738729010160915,0.0009557464304097215,0.0016328223720465187,0.002432523331447385,0.002312982581842259,0.004778661861947132,0.009205428820730416,27.61087267525036,33.67668097281831,0.0014783137050537445,0.0019391229472289012,0.0020849043295889658
1.9679999999998936,0.3,3495,75,0.00039716608228632403,0.0009549056066251761,0.00162899766955214,0.0024290718444028568,0.002309686721967983,0.004877108276199105,0.008786431163685972,27.61087267525036,33.67668097281831,0.0014783137050537445,0.0019354046018425406,0.002081599428766623
1.9689999999998935,0.3,3495,75,0.0003969527187238187,0.0009550157907236098,0.0016247535209634554,0.00242519007384842,0.002309669396537742,0.004961144802592847,0.008313372279901622,27.61087267525036,33.67668097281831,0.0014783137050537445,0.0019312253733084347,0.0020777957868958197
1.9699999999998934,0.3,3495,75,0.00039674745654948916,0.0009532378922497106,0.0016201101816256413,0.002420876839393681,0.0023132611158793058,0.005047624087974788,0.007789699536230061,27.61087267525036,33.67668097281831,0.0014783137050537445,0.0019266016822964346,0.002073497957940873
1.9709999999998933,0.3,3495,75,0.0003965505634029098,0.0009546328981452862,0.0016150913509147746,0.0024161332876660754,0.002320940915251868,0.005116103606891673,0.007426076418026603,27.61087267525036,33.67668097281831,0.0014783137050537445,0.0019215531828184979,0.0020687139788719833
1.9719999999998932,0.3,3495,75,0.00039636216629971416,0.0009560357409084707,0.0016097241466788616,0.0024109632863525423,0.002332879490732096,0.005219373364085862,0.007244783948268069,27.61087267525036,33.67668097281831,0.0014783137050537445,0.0019161026755691551,0.0020634554895515578
1.972999999999893,0.3,3495,75,0.0003961822187100708,0.0009581055621199754,0.0016040390107165744,0.0024053738147505315,0.00234731455693223,0.005318399244409365,0.007620749884164778,27.61087267525036,33.67668097281831,0.0014783137050537445,0.0019102760336327889,0.002057737842566354
1.973999999999893,0.3,3495,75,0.00039601086909343537,0.0009573767574389008,0.0015980695429220332,0.002399375337647668,0.0023636217712351554,0.005374532442813679,0.007931291998389082,27.61087267525036,33.67668097281831,0.0014783137050537445,0.0019041021407070727,0.0020515802014458018
1.9749999999998928,0.3,3495,75,0.00039584829751738374,0.0009546836424030006,0.0015918522641572017,0.002392982147977721,0.002380195965906403,0.005366959400980211,0.008295727821976668,27.61087267525036,33.67668097281831,0.0014783137050537445,0.0018976128381988867,0.0020450056237386605
1.9759999999998927,0.3,3495,75,0.0003956946907430989,0.0009547732085473311,0.001585426310441953,0.00238621266320512,0.0023960898621443127,0.005340383947687093,0.008932045874648043,27.61087267525036,33.67668097281831,0.0014783137050537445,0.0018908428740632794,0.0020380411238107854
1.9769999999998926,0.3,3495,75,0.00039555017585468573,0.0009535970594253055,0.0015788330632594434,0.002379089661047272,0.0024098161515032196,0.005278464423419975,0.009527878828834793,27.61087267525036,33.67668097281831,0.0014783137050537445,0.0018838298435665854,0.0020307177090828077
1.9779999999998925,0.3,3495,75,0.0003954147675202008,0.0009526621085691645,0.0015721157228273314,0.0023716404417829023,0.0024210187640360003,0.0052406216399860294,0.010076266195310123,27.61087267525036,33.67668097281831,0.0014783137050537445,0.0018766141103568233,0.00202307038278704
1.9789999999998924,0.3,3495,75,0.00039528833051834077,0.0009515532144307065,0.0015653188328604106,0.002363896906823514,0.002429390030629097,0.005261679905501125,0.010570528839249575,27.61087267525036,33.67668097281831,0.0014783137050537445,0.0018692386954139166,0.002015138106177261
1.9799999999998923,0.3,3495,75,0.00039517055452775013,0.0009499121192522934,0.0015584877668577447,0.002355895546248054,0.0024344008381325948,0.005254319551829532,0.01100428779917284,27.61087267525036,33.67668097281831,0.0014783137050537445,0.0018617491218376866,0.0020069637133524054
1.9809999999998922,0.3,3495,75,0.00039506094051514713,0.0009500217405431776,0.0015516681872230192,0.0023476773312436534,0.0024362164832046735,0.005212695924165164,0.011371511061607957,27.61087267525036,33.67668097281831,0.0014783137050537445,0.0018541932047675721,0.00199859377241296
1.981999999999892,0.3,3495,75,0.0003949588016133282,0.0009485059004618334,0.0015449054896900065,0.0023392875104800343,0.002434789040870187,0.0050918525113201295,0.011666582660824642,27.61087267525036,33.67668097281831,0.0014783137050537445,0.0018466207780267853,0.0019900783873296746
1.982999999999892,0.3,3495,75,0.0003948632803738539,0.0009474532920545433,0.001538244246569623,0.0023307753122722165,0.0024298601138511315,0.005007998260610331,0.011975148128335144,27.61087267525036,33.67668097281831,0.0014783137050537445,0.0018390833520404923,0.0019814709357532934
1.9839999999998919,0.3,3495,75,0.0003947733783146673,0.0009460733270789647,0.0015329350670928398,0.0023221935565615553,0.0024208755103400552,0.00487410092298033,0.012247138844956658,27.61087267525036,33.67668097281831,0.0014783137050537445,0.0018316337010406039,0.0019728277388004756
1.9849999999998917,0.3,3495,75,0.00039468799696630005,0.0009444188219526396,0.0015300572388872826,0.0023135981823953146,0.002407287418131507,0.004875943737831513,0.012434422311998471,27.61087267525036,33.67668097281831,0.0014783137050537445,0.001824325381189512,0.0019642076597925495
1.9859999999998916,0.3,3495,75,0.00039460598427980384,0.0009425396009765364,0.0015273791510550046,0.0023050476976664834,0.0023886871439806347,0.004933616198197616,0.012531530406811769,27.61087267525036,33.67668097281831,0.0014783137050537445,0.0018172121848830769,0.001955671629950473
1.9869999999998915,0.3,3495,75,0.00039452618435180056,0.0009411173750391123,0.0015249223908537226,0.0022966025586721997,0.0023660240949040026,0.005059443138435324,0.012534045798684154,27.61087267525036,33.67668097281831,0.0014783137050537445,0.0018103475398695687,0.0019472821004242746
1.9879999999998914,0.3,3495,75,0.0003944474865798437,0.0009396955931041136,0.0015227069957291976,0.002288324487714449,0.0023402326995876476,0.00503066518358301,0.01243873777581359,27.61087267525036,33.67668097281831,0.0014783137050537445,0.0018037838648103277,0.001939102421768979
1.9889999999998913,0.3,3495,75,0.0003943688716073437,0.0009378512829012569,0.0015207509921571398,0.002280275737851941,0.002312246275491358,0.004989196110232319,0.012243654771984974,27.61087267525036,33.67668097281831,0.0014783137050537445,0.0017975718953837682,0.001931196154309589
1.9899999999998912,0.3,3495,75,0.0003942894516171988,0.000936040238590751,0.0015190699520085153,0.002272518315153646,0.002284929173319746,0.0049359866017559826,0.011948171330937455,27.61087267525036,33.67668097281831,0.0014783137050537445,0.0017911511914840746,0.0019236263157687006
1.990999999999891,0.3,3495,75,0.0003942085024645489,0.0009335656769968615,0.001517676584757557,0.0022651131704660645,0.002259142058004804,0.004906648188332441,0.011552992591459095,27.61087267525036,33.67668097281831,0.0014783137050537445,0.0017849985284905522,0.001916454575976445
1.991999999999891,0.3,3495,75,0.00039412548340405154,0.0009322119290745638,0.0015163682595639907,0.0022581193748233766,0.0022350446540602953,0.0048035125882608465,0.011259244207376415,27.61087267525036,33.67668097281831,0.0014783137050537445,0.0017793247698872005,0.001909740412404659
1.9929999999998909,0.3,3495,75,0.000394040050223282,0.0009306357499422609,0.001512274793738449,0.002251593294888348,0.002212935867935748,0.004710189524112238,0.010983335156337837,27.61087267525036,33.67668097281831,0.0014783137050537445,0.001774175426246653,0.001903540244267532
1.9939999999998907,0.3,3495,75,0.0003939520582555158,0.0009288074311857927,0.0015086168553716355,0.0022455877868515018,0.002193993791457406,0.004590577385096957,0.010621535545989937,27.61087267525036,33.67668097281831,0.0014783137050537445,0.0017695911683284057,0.001897906566583174
1.9949999999998906,0.3,3495,75,0.0003938615511466412,0.0009274479148830023,0.0015053996858806218,0.0022401514287169774,0.0021786452045589075,0.004560532952622606,0.010177078843650674,27.61087267525036,33.67668097281831,0.0014783137050537445,0.001765607224851416,0.0018928871085677201
1.9959999999998905,0.3,3495,75,0.00039376874341205676,0.0009271593716459348,0.0015024384895908824,0.002235327811336282,0.002167535564893534,0.004627325456105727,0.009655255766340696,27.61087267525036,33.67668097281831,0.0014783137050537445,0.0017622528737990494,0.0018885240424459937
1.9969999999998904,0.3,3495,75,0.00039367399336650384,0.0009265929726972186,0.0014999504404408707,0.0022311549076528014,0.002161680438261937,0.004662464213074063,0.009063598029954831,27.61087267525036,33.67668097281831,0.0014783137050537445,0.00175955103918104,0.0018848532688942043
1.9979999999998903,0.3,3495,75,0.00039357776835043226,0.0009257611057765262,0.0014982749537622382,0.002227664537228027,0.002161870084652644,0.004670432449152938,0.008412158561582015,27.61087267525036,33.67668097281831,0.0014783137050537445,0.0017575180010914037,0.001881903803667484
1.9989999999998902,0.3,3495,75,0.0003934806069843115,0.0009240493792560981,0.0014988495148791142,0.002224881939248051,0.0021665018557836444,0.004760176256232813,0.007998133816315735,27.61087267525036,33.67668097281831,0.0014783137050537445,0.0017561632223832195,0.0018796972864016936
1.99999999999989,0.3,3495,75,0.0003933830769914319,0.0009220735518813719,0.0014997588929485833,0.0022228254622094845,0.0021724014111165696,0.004866625068594431,0.007835109195666455,27.61087267525036,33.67668097281831,0.0014783137050537445,0.0017554892908532307,0.0018782476274026294
2.00099999999989,0.3,3495,75,0.0003932857288550818,0.000920160036827616,0.001500981554030626,0.002221506372856287,0.0021783375088758996,0.004969770428223177,0.00762498277828301,27.61087267525036,33.67668097281831,0.0014783137050537445,0.0017554919716782783,0.0018775608018586354
2.00199999999989,0.3,3495,75,0.0003931890304462454,0.0009173065939579803,0.001502494025108079,0.0022209287778644058,0.002184465255946288,0.00504946317156613,0.007371221762831492,27.61087267525036,33.67668097281831,0.0014783137050537445,0.0017561603568647074,0.0018776347876361399
2.00299999999989,0.3,3495,75,0.0003930932903053976,0.0009159993102741718,0.0015036500006209248,0.002221089648489905,0.0021919635053700886,0.005141295802202771,0.0074479527642473285,27.61087267525036,33.67668097281831,0.0014783137050537445,0.0017574771053962932,0.0018784596599026315
2.00399999999989,0.3,3495,75,0.00039299865101545723,0.0009133548870569676,0.0015042420622212124,0.0022219789898038755,0.0022019894551996064,0.005238565402927647,0.008128219281818583,27.61087267525036,33.67668097281831,0.0014783137050537445,0.0017594187945242604,0.001880017830917069
2.0049999999998898,0.3,3495,75,0.0003929051062005533,0.0009108703201305184,0.0015052197949341044,0.002223580018799925,0.002212613611468373,0.005292993457998184,0.008806371569746016,27.61087267525036,33.67668097281831,0.0014783137050537445,0.00176195627708721,0.0018822843756147734
2.0059999999998896,0.3,3495,75,0.00039281247681954173,0.0009085574968886167,0.001506562436308932,0.002225869434624322,0.0022221773369838684,0.005338747871912273,0.009373115008656282,27.61087267525036,33.67668097281831,0.0014783137050537445,0.0017650551026486474,0.0018852274602352281
2.0069999999998895,0.3,3495,75,0.00039272043270063595,0.000906357337272455,0.0015082476054000212,0.0022288177505875766,0.002229553976586571,0.00533517793375092,0.00981496750189339,27.61087267525036,33.67668097281831,0.0014783137050537445,0.0017686759965072857,0.0018888088733994834
2.0079999999998894,0.3,3495,75,0.0003926285511952042,0.0009042184789765378,0.0015102514742232767,0.00223238972198968,0.002234773950183753,0.005274596300635164,0.010121865075693189,27.61087267525036,33.67668097281831,0.0014783137050537445,0.0017727753856989158,0.0018929846329882594
2.0089999999998893,0.3,3495,75,0.0003925363927963333,0.0009022599536187376,0.0015125489420788033,0.002236544725301638,0.0022379137340643703,0.005255503278425493,0.010286842606522236,27.61087267525036,33.67668097281831,0.0014783137050537445,0.0017773058933002468,0.0018977055904514373
2.009999999999889,0.3,3495,75,0.00039244356117371223,0.0009006801525450051,0.00151511377936103,0.0022412372083926995,0.0022399625316966163,0.005268401146976752,0.010306062615877451,27.61087267525036,33.67668097281831,0.0014783137050537445,0.0017822168662042965,0.001902918080720184
2.010999999999889,0.3,3495,75,0.0003923497387221523,0.0008994753939360927,0.0015179187786900717,0.0022464171925366833,0.002242741584423289,0.005214093742640644,0.010178680894558617,27.61087267525036,33.67668097281831,0.0014783137050537445,0.0017874549319914224,0.0019085646068859319
2.011999999999889,0.3,3495,75,0.00039225473289115193,0.000898713356071098,0.0015209358966036606,0.0022520308036557213,0.0022477440926212083,0.005189108628747009,0.009906763800817644,27.61087267525036,33.67668097281831,0.0014783137050537445,0.0017929645599836055,0.0019145845298211839
2.012999999999889,0.3,3495,75,0.00039215852329108254,0.0008981913105443095,0.0015241364008667109,0.0022580208448256768,0.0022555574193774213,0.005172363683396193,0.009785113890265477,27.61087267525036,33.67668097281831,0.0014783137050537445,0.0017986886354223696,0.001920914766401438
2.0139999999998888,0.3,3495,75,0.0003920612997652854,0.0008968338285435498,0.001527491032418931,0.0022643274108441343,0.0022648971743447275,0.005206721063533543,0.010390921674235314,27.61087267525036,33.67668097281831,0.0014783137050537445,0.001804569047360798,0.001927490493404349
2.0149999999998887,0.3,3495,75,0.00039196349102874176,0.0008962512533963598,0.001530970189956838,0.002270888542580613,0.0022729926627154183,0.00523460546343011,0.01089028979637563,27.61087267525036,33.67668097281831,0.0014783137050537445,0.0018105472902157427,0.001934245854286587
2.0159999999998885,0.3,3495,75,0.00039186578477124883,0.0008958008040822912,0.0015345441425974014,0.0022776409150646027,0.0022781676830468008,0.005273597370501661,0.011278787197698889,27.61087267525036,33.67668097281831,0.0014783137050537445,0.0018165650776437933,0.0019411146652892342
2.0169999999998884,0.3,3495,75,0.00039176913850037944,0.0008958253115273792,0.0015381832726318503,0.0022845205494616463,0.0022800345541250295,0.005217155622876197,0.011553418713951246,27.61087267525036,33.67668097281831,0.0014783137050537445,0.0018225649657882383,0.001948031116047133
2.0179999999998883,0.3,3495,75,0.00039167477894613964,0.000896263699419482,0.0015418583461285632,0.0022914635355698897,0.0022792899406733733,0.005156716691146825,0.011712634983012818,27.61087267525036,33.67668097281831,0.0014783137050537445,0.0018284909808482233,0.0019549304581687466
2.018999999999888,0.3,3495,75,0.0003915841742476674,0.0008967139631736677,0.0015455408050653414,0.0022984067493931662,0.0022769170713434366,0.0051528404163926015,0.011756340220350407,27.61087267525036,33.67668097281831,0.0014783137050537445,0.0018342892439598317,0.0019617496740487184
2.019999999999888,0.3,3495,75,0.0003914989342042251,0.0008970153216894919,0.0015487885027592782,0.002305288549779987,0.0022731053474698373,0.005075609182926938,0.01168589187330782,27.61087267525036,33.67668097281831,0.0014783137050537445,0.0018399085845544816,0.001968428117518073
2.020999999999888,0.3,3495,75,0.0003914206181375958,0.0008973971941836317,0.0015508403389838193,0.0023120494393307806,0.002269291887548504,0.004986892168195444,0.011691240501880527,27.61087267525036,33.67668097281831,0.0014783137050537445,0.00184530113183715,0.0019749081182176553
2.021999999999888,0.3,3495,75,0.000391350517727665,0.0008977285926187348,0.0015540752346898125,0.0023186326774970447,0.0022652876937442603,0.004919390514417042,0.011781413187027785,27.61087267525036,33.67668097281831,0.0014783137050537445,0.0018504228729706229,0.0019811355426462285
2.0229999999998878,0.3,3495,75,0.00039128956343790095,0.0008978848946965686,0.0015556233839966736,0.002324984837714415,0.0022617478186206137,0.004950044993382191,0.011777846735846677,27.61087267525036,33.67668097281831,0.0014783137050537445,0.0018552341659722328,0.0019870603067353443
2.0239999999998877,0.3,3495,75,0.00039123839594020616,0.000898063253963682,0.0015558875423612624,0.002331056304495232,0.002260820015430619,0.004951830463763891,0.011680353309653052,27.61087267525036,33.67668097281831,0.0014783137050537445,0.0018597001952648136,0.001992636836732231
2.0249999999998876,0.3,3495,75,0.0003911974369681681,0.0008982489282230627,0.0015571467349313013,0.0023368017103193267,0.002263579743244837,0.004946060779019441,0.011489837048047496,27.61087267525036,33.67668097281831,0.0014783137050537445,0.0018637913582066547,0.001997824477143695
2.0259999999998874,0.3,3495,75,0.0003911669197371433,0.0008984278959519465,0.0015583084296713796,0.002342180314851754,0.0022676715252278826,0.004936097874568519,0.011281544091088714,27.61087267525036,33.67668097281831,0.0014783137050537445,0.0018674835717549965,0.0020025878456557678
2.0269999999998873,0.3,3495,75,0.00039114691897460994,0.0008985869627616179,0.0015592937686590396,0.0023471563302047663,0.002270583903044106,0.0048845826395812015,0.011413444021286655,27.61087267525036,33.67668097281831,0.0014783137050537445,0.0018703658133983527,0.0020068971351889786
2.0279999999998872,0.3,3495,75,0.0003911375585066167,0.0008987138612037021,0.001560110809850543,0.0023516991953476713,0.00227113809185364,0.004889013702134412,0.011436277588845337,27.61087267525036,33.67668097281831,0.0014783137050537445,0.0018726278835951098,0.002010728362289882
2.028999999999887,0.3,3495,75,0.0003911384375854188,0.0008987973449558707,0.001560769700896717,0.002355783800633445,0.002269166866516415,0.004899075341272129,0.011347037801805133,27.61087267525036,33.67668097281831,0.0014783137050537445,0.0018745003361954485,0.0020140635591658906
2.029999999999887,0.3,3495,75,0.00039114889863372935,0.0008988272774336113,0.0015612823251421118,0.0023593906601235867,0.002265477213755554,0.004962866190071046,0.011144255504227802,27.61087267525036,33.67668097281831,0.0014783137050537445,0.001875987386096088,0.0020168909040236827
2.030999999999887,0.3,3495,75,0.00039116829376753233,0.0008987947143462447,0.0015616619182227528,0.00236250602581748,0.0022612407640078074,0.005013361047036395,0.01095311741482896,27.61087267525036,33.67668097281831,0.0014783137050537445,0.0018770980178053126,0.0020192047816891545
2.031999999999887,0.3,3495,75,0.0003911958502545943,0.0008986919798486653,0.001561922666886864,0.002365121934737286,0.002256129003207978,0.005012335404232937,0.010771739458132807,27.61087267525036,33.67668097281831,0.0014783137050537445,0.001877845650281852,0.0020210057642486845
2.0329999999998867,0.3,3495,75,0.00039123071409695985,0.000899652863168086,0.0015620793016358615,0.0023672361780832894,0.002249942062594082,0.005019110022716862,0.010478620414055808,27.61087267525036,33.67668097281831,0.0014783137050537445,0.001878247725223158,0.00202230050052421
2.0339999999998866,0.3,3495,75,0.00039127198795652264,0.0009005474779381804,0.001562146694468397,0.0023688521818053094,0.0022432299598270193,0.005019486464561429,0.0100742388243218,27.61087267525036,33.67668097281831,0.0014783137050537445,0.001878325227002595,0.0020231015038980615
2.0349999999998865,0.3,3495,75,0.0003913184774438847,0.0009021095280973147,0.0015621394726655245,0.002369978790286703,0.0022366538572917826,0.005022119745349848,0.009560980697787753,27.61087267525036,33.67668097281831,0.0014783137050537445,0.0018781021443939818,0.0020234268306751346
2.0359999999998863,0.3,3495,75,0.0003913688911249348,0.0009035888092863716,0.0015620716589748393,0.0023706299493635227,0.002230440659544613,0.005003769482776044,0.009225249867373459,27.61087267525036,33.67668097281831,0.0014783137050537445,0.0018776048863713623,0.0020232996458346975
2.0369999999998862,0.3,3495,75,0.00039142197019535556,0.000904968716375857,0.0015619563476745055,0.0023708242910440535,0.002225048995426846,0.004978566803091728,0.009041772665180007,27.61087267525036,33.67668097281831,0.0014783137050537445,0.001876861666241187,0.002022747679227166
2.037999999999886,0.3,3495,75,0.00039147649199544946,0.0009062336960806498,0.001561805424761712,0.0023705846292316254,0.0022187264395284794,0.004909723190932452,0.00873039801918824,27.61087267525036,33.67668097281831,0.0014783137050537445,0.0018759018701521594,0.0020218025823481867
2.038999999999886,0.3,3495,75,0.00039153141827538257,0.0009066936981778826,0.0015616293387929472,0.0023699373826137596,0.002210711774770329,0.0048626882119851425,0.00857012532112049,27.61087267525036,33.67668097281831,0.0014783137050537445,0.001874755427222912,0.0020204992030627977
2.039999999999886,0.3,3495,75,0.00039158541525926823,0.0009067675474273949,0.0015615240589410611,0.002368911946490281,0.0022013804711293918,0.004780411137035233,0.00885834752904465,27.61087267525036,33.67668097281831,0.0014783137050537445,0.001873452199052114,0.002018874801962056
2.040999999999886,0.3,3495,75,0.0003916372210533665,0.0009073276339053442,0.0015612944428227866,0.002367540038858325,0.0021922912196656124,0.00471632005304103,0.009037580916502886,27.61087267525036,33.67668097281831,0.0014783137050537445,0.0018720214057939125,0.002016968238638839
2.0419999999998857,0.3,3495,75,0.0003916858243726401,0.000908046277976555,0.0015610297666342895,0.0023658550470421463,0.0021846821655299923,0.004671303304428727,0.009106596178337187,27.61087267525036,33.67668097281831,0.0014783137050537445,0.0018704911044867421,0.002014819158485892
2.0429999999998856,0.3,3495,75,0.0003917305088491692,0.0009075981938287464,0.0015608238545137664,0.002363891399249292,0.0021793560242326752,0.0046023125363992565,0.00906557370783916,27.61087267525036,33.67668097281831,0.0014783137050537445,0.0018688877325608178,0.00201246721017867
2.0439999999998855,0.3,3495,75,0.0003917705963548588,0.0009075145506876319,0.0015606193158787275,0.0023616839810274653,0.0021752501071473905,0.004558970775560938,0.008916060701044164,27.61087267525036,33.67668097281831,0.0014783137050537445,0.001867235725914131,0.002009951320950165
2.0449999999998854,0.3,3495,75,0.0003918052144624586,0.0009072690292901504,0.0015604162185793749,0.002359267610335033,0.0021703844039501646,0.00458488672787691,0.008756473780525038,27.61087267525036,33.67668097281831,0.0014783137050537445,0.0018655572167560976,0.002007309051489159
2.0459999999998852,0.3,3495,75,0.00039183379448721827,0.0009069083787451438,0.0015602130475291702,0.0023566765776450306,0.0021640628118173326,0.004666251014938806,0.009048758647738525,27.61087267525036,33.67668097281831,0.0014783137050537445,0.00186387181192197,0.002004576045326445
2.046999999999885,0.3,3495,75,0.0003918559991432504,0.0009064385975148038,0.0015600068301727342,0.002353944250495157,0.002155290480755895,0.004695905574789928,0.009260431473526357,27.61087267525036,33.67668097281831,0.0014783137050537445,0.0018621964482031877,0.0020017855800986695
2.047999999999885,0.3,3495,75,0.0003918716668998177,0.0009057541719722707,0.001559793275060552,0.0023511027359247637,0.002143146431909864,0.0047350576023519894,0.009391079156969188,27.61087267525036,33.67668097281831,0.0014783137050537445,0.0018605453176586285,0.0019989682206933423
2.048999999999885,0.3,3495,75,0.0003918807936757799,0.000904635785300732,0.0015595669176002823,0.002348182590389968,0.0021278608114822205,0.0047681697224666525,0.00944141735466386,27.61087267525036,33.67668097281831,0.0014783137050537445,0.001858929853367401,0.001996151568167903
2.049999999999885,0.3,3495,75,0.0003918835403787597,0.0009034423377874082,0.0015593212694081948,0.0023452125652910685,0.002111073780530715,0.004776211022844415,0.009413232125077473,27.61087267525036,33.67668097281831,0.0014783137050537445,0.0018573467636613342,0.001993360093894836
2.0509999999998847,0.3,3495,75,0.00039188064630002874,0.0009021904395177627,0.0015590489701656403,0.0023422193773931354,0.0020945536730689255,0.004769998268263679,0.009334271186925374,27.61087267525036,33.67668097281831,0.0014783137050537445,0.00185537700360176,0.0019906150461466154
2.0519999999998846,0.3,3495,75,0.0003918724393210739,0.0009018474927100197,0.0015587419432121644,0.002339227496692326,0.0020812265602624617,0.004815593343582436,0.009191421768319651,27.61087267525036,33.67668097281831,0.0014783137050537445,0.0018534664925234806,0.0019879344161495283
2.0529999999998845,0.3,3495,75,0.00039185887837338247,0.0009014075480995827,0.001558391557751581,0.0023362589491162508,0.00207148734938467,0.0048481787362092445,0.009614305823281547,27.61087267525036,33.67668097281831,0.0014783137050537445,0.0018516218520278963,0.001985332952358476
2.0539999999998844,0.3,3495,75,0.0003918404532020585,0.0009014395820828635,0.0015583364981412062,0.00233333313434208,0.0020641807290734076,0.004883352433925854,0.010002423570018012,27.61087267525036,33.67668097281831,0.0014783137050537445,0.0018498470782409755,0.0019828222079034674
2.0549999999998843,0.3,3495,75,0.00039181780100299086,0.0009016689873997392,0.001558593034282169,0.0023304666609225044,0.0020580373783252105,0.004877562380205752,0.010555232834312043,27.61087267525036,33.67668097281831,0.0014783137050537445,0.001848143635599227,0.0019804106349283757
2.055999999999884,0.3,3495,75,0.0003917913649518442,0.0009018001997818584,0.001558752941116289,0.0023276732551838174,0.002052866922055539,0.00485632585148933,0.010989725196527883,27.61087267525036,33.67668097281831,0.0014783137050537445,0.0018465106006062704,0.0019781037162758253
2.056999999999884,0.3,3495,75,0.0003917615747709444,0.0009017510788330679,0.001558805673505613,0.0023249636902479536,0.002050184986636008,0.004858305288368001,0.011300924297002416,27.61087267525036,33.67668097281831,0.0014783137050537445,0.001844944825440149,0.0019759041248192943
2.057999999999884,0.3,3495,75,0.00039172895672166385,0.0009016334508968713,0.0015587421087845592,0.002322345773734398,0.0020513146803250695,0.00477678573142107,0.011485948725213956,27.61087267525036,33.67668097281831,0.0014783137050537445,0.0018434411363543544,0.001973811911604173
2.058999999999884,0.3,3495,75,0.0003916939308182332,0.0009014528453620103,0.0015585545963050986,0.002319824415806356,0.0020572417737093973,0.004701160816532665,0.01154395283106093,27.61087267525036,33.67668097281831,0.0014783137050537445,0.0018419925775208733,0.0019718247394955313
2.0599999999998837,0.3,3495,75,0.00039165697783317266,0.0009012146654989001,0.0015582369770897409,0.0023174017760267105,0.002067827360690717,0.004628661240516945,0.011798798032522163,27.61087267525036,33.67668097281831,0.0014783137050537445,0.0018405906959958675,0.001969938157024842
2.0609999999998836,0.3,3495,75,0.00039161862864656795,0.0009013063064418924,0.0015577846096227331,0.0023150774890497556,0.0020821394999101087,0.0045233844011319845,0.011993537364376382,27.61087267525036,33.67668097281831,0.0014783137050537445,0.0018392258658824505,0.0019681459106202226
2.0619999999998835,0.3,3495,75,0.0003915794121226217,0.0009011259471063019,0.001557194385912178,0.002312848963269006,0.0020993212970673884,0.004479277003354577,0.01206284425081713,27.61087267525036,33.67668097281831,0.0014783137050537445,0.0018378876473725712,0.001966440290409821
2.0629999999998834,0.3,3495,75,0.0003915398534410262,0.0009008211124207478,0.001556464755501901,0.002310711740914333,0.00211822415647502,0.004482808690098884,0.01200684985577934,27.61087267525036,33.67668097281831,0.0014783137050537445,0.0018365651737948267,0.0019648125015514495
2.0639999999998833,0.3,3495,75,0.0003915004940210673,0.0009015454123753128,0.0015555957696392843,0.0023086599039214574,0.0021376733350938117,0.004415198388086282,0.011827813881298513,27.61087267525036,33.67668097281831,0.0014783137050537445,0.0018352475575963707,0.0019632530506541457
2.064999999999883,0.3,3495,75,0.00039146190384526926,0.0009014086747483772,0.001554589132881452,0.0023066865072318135,0.0021569764292965862,0.0044391759476481805,0.011530134308800044,27.61087267525036,33.67668097281831,0.0014783137050537445,0.0018339243044354586,0.001961752135208883
2.065999999999883,0.3,3495,75,0.0003914246831031508,0.0009013703583612749,0.001553448271119745,0.002304784020617035,0.0021751648308793448,0.004381215301528636,0.011120355704123955,27.61087267525036,33.67668097281831,0.0014783137050537445,0.001832585723420588,0.001960300023700512
2.066999999999883,0.3,3495,75,0.0003913894651322925,0.0009008458593579834,0.0015521784087462974,0.002302944761390831,0.0021915058070411,0.004329183593219081,0.010607188701685652,27.61087267525036,33.67668097281831,0.0014783137050537445,0.0018312233210432492,0.0019588874150358038
2.067999999999883,0.3,3495,75,0.0003913569231653486,0.0009004147641436046,0.0015503171209798937,0.002301161302993068,0.002205846395618828,0.0042928731701751335,0.010001585927975343,27.61087267525036,33.67668097281831,0.0014783137050537445,0.0018298301665619077,0.0019575057683667296
2.0689999999998827,0.3,3495,75,0.000391327776359246,0.0009011207000862457,0.0015482658987344031,0.0022994268425449143,0.00221836310282391,0.00432557453340889,0.009482164229934129,27.61087267525036,33.67668097281831,0.0014783137050537445,0.0018284012109276472,0.001956147592160562
2.0699999999998826,0.3,3495,75,0.00039130279463639683,0.000900795442204065,0.001546230258582029,0.002297735539199948,0.0022301244233238807,0.0043551866391950975,0.009301576218718317,27.61087267525036,33.67668097281831,0.0014783137050537445,0.0018269335703951157,0.001954806699703937
2.0709999999998825,0.3,3495,75,0.00039128280253256624,0.0008999401361258023,0.0015442233360967964,0.00229608280150293,0.002243296433572462,0.004393341255213887,0.009032371041292226,27.61087267525036,33.67668097281831,0.0014783137050537445,0.0018254267425255892,0.001953478421278021
2.0719999999998824,0.3,3495,75,0.0003912686850164715,0.0009010728936035275,0.0015422589834352062,0.002294465529507505,0.0022600248600421822,0.004476840506287095,0.008679331325979733,27.61087267525036,33.67668097281831,0.0014783137050537445,0.0018238827569666358,0.0019521597775025157
2.0729999999998823,0.3,3495,75,0.0003912613800908134,0.0009018638682692872,0.0015403516270554793,0.002292882314753159,0.0022808194155767487,0.0045695125520995375,0.008248425742619189,27.61087267525036,33.67668097281831,0.0014783137050537445,0.0018223062581536346,0.0019508496156070976
2.073999999999882,0.3,3495,75,0.00039126183991745406,0.0009044784150002087,0.0015385161080990024,0.0022913335999696673,0.002306269107018143,0.004676317159225359,0.007746667274016645,27.61087267525036,33.67668097281831,0.0014783137050537445,0.0018207045169935975,0.0019495487118739163
2.074999999999882,0.3,3495,75,0.0003912710447521408,0.0009064333820688755,0.0015367675118616918,0.0022898218003287985,0.0023341469323565705,0.004779363571667401,0.0071819646084704866,27.61087267525036,33.67668097281831,0.0014783137050537445,0.001819087371724056,0.0019482598422726483
2.075999999999882,0.3,3495,75,0.0003912900668790245,0.0009076689353203954,0.0015351209835064675,0.002288351386874762,0.0023604476843823116,0.0048638769451049895,0.007462366793313423,27.61087267525036,33.67668097281831,0.0014783137050537445,0.0018174671004381907,0.001946987821909829
2.076999999999882,0.3,3495,75,0.00039132007652819395,0.0009071879402589742,0.001533591534532702,0.0022869289307826373,0.002384171514962101,0.004932006833329971,0.008042601561309577,27.61087267525036,33.67668097281831,0.0014783137050537445,0.001815858229645113,0.001945739511963751
2.0779999999998817,0.3,3495,75,0.0003913622797028211,0.0009075671429319906,0.0015321938447618747,0.0022855631052327986,0.002403978518666653,0.004914240674868933,0.008607033048220983,27.61087267525036,33.67668097281831,0.0014783137050537445,0.0018142772850259139,0.0019445237909607727
2.0789999999998816,0.3,3495,75,0.0003914179247341469,0.0009083782265803722,0.0015309420606571247,0.0022842646403168584,0.0024194086247687177,0.004885997658530762,0.00921334844255939,27.61087267525036,33.67668097281831,0.0014783137050537445,0.001812742492074745,0.0019433514857745138
2.0799999999998815,0.3,3495,75,0.00039148830816239795,0.0009086499913265421,0.0015296517204292524,0.0022830462257603184,0.0024308350948838856,0.004859090337324652,0.00979123590207374,27.61087267525036,33.67668097281831,0.0014783137050537445,0.0018112734354708503,0.0019422352571147883
2.0809999999998814,0.3,3495,75,0.0003915747698051381,0.0009087911379537812,0.0015280998563505827,0.002281922356572609,0.002438772841138335,0.004867334287462402,0.010394232085335802,27.61087267525036,33.67668097281831,0.0014783137050537445,0.001809890686881202,0.001941189434511159
2.0819999999998813,0.3,3495,75,0.00039167868106730164,0.0009087977262217259,0.0015266782691165351,0.002280909118299762,0.0024435060281722144,0.0049037486232685005,0.010870154755588444,27.61087267525036,33.67668097281831,0.0014783137050537445,0.00180861541131314,0.001940229797273929
2.082999999999881,0.3,3495,75,0.0003918011797615902,0.0009098460399560659,0.0015254059896550258,0.002280023910812948,0.002444098238494784,0.004995927814167073,0.011211063181903928,27.61087267525036,33.67668097281831,0.0014783137050537445,0.0018074689621704737,0.001939373300160696
2.083999999999881,0.3,3495,75,0.00039194334653110466,0.0009111985060308699,0.001524300547830825,0.0022792851127035984,0.002440769442242365,0.005019283394651279,0.011411115662186026,27.61087267525036,33.67668097281831,0.0014783137050537445,0.0018064724747052798,0.0019386377456243054
2.084999999999881,0.3,3495,75,0.00039210613305647093,0.0009122755744169891,0.0015233777478886818,0.002278711691731532,0.0024347164915796042,0.005021060738112016,0.011466635205051211,27.61087267525036,33.67668097281831,0.0014783137050537445,0.0018056464668208313,0.0019380414079606112
2.085999999999881,0.3,3495,75,0.0003922905195000085,0.0009129387258374482,0.0015226514857918454,0.0022783227700669748,0.002427105751539583,0.005055932657358372,0.01137615669694848,27.61087267525036,33.67668097281831,0.0014783137050537445,0.0018050104549605516,0.001937602618120593
2.0869999999998807,0.3,3495,75,0.000392496948665671,0.0009131915633185362,0.001522133595868967,0.002278137156023109,0.002418271232167918,0.005049203245955532,0.011140453217552053,27.61087267525036,33.67668097281831,0.0014783137050537445,0.001804582591443292,0.0019373393210564416
2.0879999999998806,0.3,3495,75,0.0003927255491316395,0.0009133291085589165,0.001521833724132472,0.002278172856075138,0.0024084233522780663,0.005001034982262251,0.01076254160236188,27.61087267525036,33.67668097281831,0.0014783137050537445,0.0018043793280261861,0.001937268619702337
2.0889999999998805,0.3,3495,75,0.0003929764908822608,0.0009145767677233574,0.001521759227875855,0.002278446582181061,0.002398961595766875,0.004966113377924162,0.01024767070962088,27.61087267525036,33.67668097281831,0.0014783137050537445,0.0018044151089057006,0.001937406320990931
2.0899999999998804,0.3,3495,75,0.00039324985537873857,0.0009141526212268958,0.001521915091449646,0.002278973269559275,0.0023902740186227535,0.00491449738848204,0.009603302079109229,27.61087267525036,33.67668097281831,0.0014783137050537445,0.0018047020948631382,0.001937766499381155
2.0909999999998803,0.3,3495,75,0.00039354470864260755,0.0009132559697882282,0.0015223038584799922,0.0022797656192269124,0.0023813385484866686,0.00486111819406683,0.00913079170851581,27.61087267525036,33.67668097281831,0.0014783137050537445,0.0018052499190278507,0.001938361092324925
2.09199999999988,0.3,3495,75,0.00039385961897290525,0.0009127971576833309,0.0015229255793179437,0.002280833677843021,0.0023714725957554956,0.004781090758000503,0.009277501152076484,27.61087267525036,33.67668097281831,0.0014783137050537445,0.0018060654738198633,0.0019391995399651307
2.09299999999988,0.3,3495,75,0.0003941929933925064,0.0009115956105283086,0.001523777770713984,0.0022821844650856614,0.0023600932096671003,0.0046912380874753095,0.009327747743148027,27.61087267525036,33.67668097281831,0.0014783137050537445,0.001807152728133779,0.0019402884785151286
2.09399999999988,0.3,3495,75,0.0003945433806524838,0.0009101275671162315,0.0015248553915227984,0.002283821656077815,0.002346958780419844,0.004624042852888094,0.009281308212617072,27.61087267525036,33.67668097281831,0.0014783137050537445,0.0018085125737313486,0.001941631493416196
2.09499999999988,0.3,3495,75,0.0003949096690904392,0.0009085215501327048,0.0015261508358512354,0.0022857453236029652,0.00233200188538738,0.004547177639715794,0.009140046720862275,27.61087267525036,33.67668097281831,0.0014783137050537445,0.0018101427002369444,0.0019432289348877418
2.0959999999998797,0.3,3495,75,0.00039529028777314,0.000906796896168998,0.0015276539457070347,0.0022879517424339254,0.0023144541259376107,0.004534201717543536,0.008908000097421436,27.61087267525036,33.67668097281831,0.0014783137050537445,0.0018120374988235776,0.0019450777954013176
2.0969999999998796,0.3,3495,75,0.00039568359926100467,0.0009068116311994149,0.0015293520482336457,0.002290433255987747,0.0022949466857884607,0.004483056820621734,0.00859147203448861,27.61087267525036,33.67668097281831,0.0014783137050537445,0.0018141879957006418,0.0019471716459129595
2.0979999999998795,0.3,3495,75,0.00039608831798230916,0.0009059565913725577,0.0015312300198699852,0.002293178204157613,0.002275728762413801,0.004448018883952385,0.008199160365388976,27.61087267525036,33.67668097281831,0.0014783137050537445,0.0018165818176763715,0.0019495006259298009
2.0989999999998794,0.3,3495,75,0.00039650359952131165,0.0009048656650994455,0.0015332703808950833,0.0022961709104656653,0.002258286869132039,0.004452696596700692,0.007742352100568532,27.61087267525036,33.67668097281831,0.0014783137050537445,0.001819203193226911,0.0019520514816235846
2.0999999999998793,0.3,3495,75,0.000396927042067105,0.000904989086419687,0.0015354534239358645,0.002299391726549035,0.0022434797612572357,0.0044317146106356104,0.007235232870709581,27.61087267525036,33.67668097281831,0.0014783137050537445,0.001822032993444238,0.0019548076461788355
2.100999999999879,0.3,3495,75,0.0003973567164301993,0.0009044749402886565,0.0015377573781421164,0.002302817132502257,0.002228732820894099,0.004439934829622154,0.0066953652163067034,27.61087267525036,33.67668097281831,0.0014783137050537445,0.0018250488179298177,0.001957749357483607
2.101999999999879,0.3,3495,75,0.0003977912244262112,0.0009029040251448738,0.001540158611216322,0.002306419892403289,0.002213030928195374,0.0044306098835830655,0.006144373251798113,27.61087267525036,33.67668097281831,0.0014783137050537445,0.001828225130928408,0.0019608538097521944
2.102999999999879,0.3,3495,75,0.0003982293848770849,0.0009002976700028834,0.0015426318705382461,0.0023101692652587598,0.0021963140458006263,0.004411087028165259,0.006106975253295392,27.61087267525036,33.67668097281831,0.0014783137050537445,0.0018315334526533451,0.0019640953374810977
2.103999999999879,0.3,3495,75,0.00039867010027599145,0.0008993225744730999,0.001545150563184997,0.0023140312724698547,0.002178585740720568,0.004383750086267843,0.0068040786166482,27.61087267525036,33.67668097281831,0.0014783137050537445,0.0018349426099166723,0.001967445632089948
2.1049999999998787,0.3,3495,75,0.00039911242198128945,0.0008976197410940182,0.0015476870742990789,0.0023179690233356134,0.002159113592825931,0.004365427995393473,0.0076428216528171425,27.61087267525036,33.67668097281831,0.0014783137050537445,0.0018384190487036763,0.001970873993176525
2.1059999999998786,0.3,3495,75,0.0003995554657093383,0.0008954838193056485,0.001550213121535963,0.0023219431001332536,0.00213711419072519,0.004413084320978688,0.008554234596657136,27.61087267525036,33.67668097281831,0.0014783137050537445,0.0018419272093941842,0.0019743476175300145
2.1069999999998785,0.3,3495,75,0.00039999854286240844,0.0008946418956940488,0.0015527001417002127,0.002325912003578675,0.002113303063895279,0.004378292094180416,0.00937320312100355,27.61087267525036,33.67668097281831,0.0014783137050537445,0.001845429962950574,0.001977831929409035
2.1079999999998784,0.3,3495,75,0.00040044124453527427,0.0008950194719152566,0.0015551197042614822,0.00232983265814466,0.0020887761192597974,0.0043833325894869065,0.010089930510906269,27.61087267525036,33.67668097281831,0.0014783137050537445,0.0018488891038014954,0.001981290955221482
2.1089999999998783,0.3,3495,75,0.0004008834259623213,0.0008953560901044581,0.0015574439442271975,0.002333660974731228,0.0020647089382317663,0.004448978857455217,0.010696698928684023,27.61087267525036,33.67668097281831,0.0014783137050537445,0.0018522658924205813,0.00198468774449978
2.109999999999878,0.3,3495,75,0.00040132517296235273,0.000895656202132657,0.0015596460051220198,0.0023373524657368844,0.0020443084580516516,0.004418487214115262,0.011187649411838842,27.61087267525036,33.67668097281831,0.0014783137050537445,0.0018555216380152814,0.00198798483708984
2.110999999999878,0.3,3495,75,0.0004017667644999702,0.0008959135906886416,0.0015617004811938674,0.002340862904857114,0.0020302300125056923,0.004462471716967108,0.011558673894749703,27.61087267525036,33.67668097281831,0.0014783137050537445,0.0018586183093990754,0.0019911447739318078
2.111999999999878,0.3,3495,75,0.00040220862860930955,0.0008962256501463945,0.0015637293790479003,0.0023441490211328483,0.0020237523200958454,0.004448817564075685,0.011807353326739028,27.61087267525036,33.67668097281831,0.0014783137050537445,0.0018615191602558865,0.0019941306458797214
2.112999999999878,0.3,3495,75,0.00040265129163914395,0.0008969461987742053,0.0015656268471930888,0.002347169214262342,0.0020229199871355575,0.004449092576240393,0.011932910764774339,27.61087267525036,33.67668097281831,0.0014783137050537445,0.0018641893537206385,0.0019969066720975093
2.1139999999998778,0.3,3495,75,0.00040309532533996527,0.0008975952229971268,0.001567290785884767,0.002349884276051042,0.0020279413595559737,0.0044943265306083184,0.011936163601326034,27.61087267525036,33.67668097281831,0.0014783137050537445,0.0018665965705815767,0.001999438796769226
2.1149999999998776,0.3,3495,75,0.0004035412979672721,0.0008980942389199678,0.0015687065192662583,0.002352258101462283,0.0020393857613321366,0.0045394728646868205,0.011819466814476714,27.61087267525036,33.67668097281831,0.0014783137050537445,0.0018687115855092517,0.0020016952906019014
2.1159999999998775,0.3,3495,75,0.0004039897343407832,0.0008982939294460819,0.0015698625133839924,0.0023542583720857894,0.0020595692814660348,0.004553261901195462,0.011613935092008204,27.61087267525036,33.67668097281831,0.0014783137050537445,0.0018705087965652882,0.0020036473419828837
2.1169999999998774,0.3,3495,75,0.0004044410876771441,0.0008985280800996909,0.0015707504941337833,0.002355857195005159,0.0020904082053354645,0.004605392718263393,0.011610197845368297,27.61087267525036,33.67668097281831,0.0014783137050537445,0.00187196669469042,0.002005269621790262
2.1179999999998773,0.3,3495,75,0.00040489572451958187,0.0008989338299587473,0.0015713655205384992,0.002357031681086304,0.0021315636036140376,0.004614759756547139,0.011479217177980543,27.61087267525036,33.67668097281831,0.0014783137050537445,0.001873068261878287,0.002006540805922441
2.118999999999877,0.3,3495,75,0.00040535391771052504,0.0009001317105363151,0.0015717060151615042,0.0023577644483851,0.002180161767029136,0.004641725298021924,0.011221753744639434,27.61087267525036,33.67668097281831,0.0014783137050537445,0.0018738012892014371,0.0020074440404123095
2.119999999999877,0.3,3495,75,0.0004058158433284861,0.0009015662424782672,0.001571773753668397,0.0023580440386661017,0.0022327287327958936,0.004684483610285086,0.010840485492921447,27.61087267525036,33.67668097281831,0.0014783137050537445,0.0018741586084803918,0.002007967335615035
2.120999999999877,0.3,3495,75,0.0004062815788523022,0.0009031983599808875,0.0015715738156299214,0.0023578652375827393,0.002286726461809154,0.0047700268115238986,0.01034002396706377,27.61087267525036,33.67668097281831,0.0014783137050537445,0.0018741382341608732,0.0020081038780652705
2.121999999999877,0.3,3495,75,0.0004067510998820828,0.0009044552710259535,0.0015711144984621997,0.002357229291833279,0.002340165589981791,0.0048332611451539255,0.009726894441185269,27.61087267525036,33.67668097281831,0.0014783137050537445,0.0018737434145953379,0.0020078522512001484
2.1229999999998768,0.3,3495,75,0.00040722427479109665,0.000906047814630355,0.0015704071961878386,0.002356144019245792,0.0023912292264501455,0.004880722011960175,0.009009480732089372,27.61087267525036,33.67668097281831,0.0014783137050537445,0.0018729825943632214,0.00200721655889069
2.1239999999998767,0.3,3495,75,0.00040770085775857455,0.0009078456026019857,0.0015694662444445753,0.0023546238102004793,0.002438903256675995,0.004923840574916131,0.008197941611234553,27.61087267525036,33.67668097281831,0.0014783137050537445,0.0018718692913403737,0.002006206448548653
2.1249999999998765,0.3,3495,75,0.0004081804806459625,0.000909938961076988,0.0015683087329680335,0.002352689520924689,0.002481616242803255,0.0048783479966086115,0.007304116229780846,27.61087267525036,33.67668097281831,0.0014783137050537445,0.0018704218938967608,0.0020048370332972354
2.1259999999998764,0.3,3495,75,0.00040866264466854176,0.000912427135303901,0.0015669542866873836,0.002350368260877801,0.0025180477260084363,0.0049569194440002694,0.0068477317643389456,27.61087267525036,33.67668097281831,0.0014783137050537445,0.0018686633848398978,0.0020031287151027755
2.1269999999998763,0.3,3495,75,0.0004091467125008452,0.0009147133607782434,0.0015654248166285859,0.002347693077921261,0.0025480074445814282,0.005008373474701187,0.0070286541067218974,27.61087267525036,33.67668097281831,0.0014783137050537445,0.001866620999432413,0.0020011069130703163
2.127999999999876,0.3,3495,75,0.00040963190123476513,0.0009169908406041088,0.0015637442420185137,0.0023447025459661136,0.002572387742187558,0.005021859805842484,0.007317564038659646,27.61087267525036,33.67668097281831,0.0014783137050537445,0.001864325825283046,0.0019988017028751415
2.128999999999876,0.3,3495,75,0.0004101172771692957,0.0009186675906492981,0.001561938185411518,0.002341440260757882,0.0025899306378179107,0.005032077306083629,0.007539781435283687,27.61087267525036,33.67668097281831,0.0014783137050537445,0.0018618123518812832,0.001996247374961513
2.129999999999876,0.3,3495,75,0.00041060175349994074,0.0009207743488000423,0.001560033643147273,0.0023379542502580835,0.0025990005558986784,0.00504581958430527,0.00768239627875554,27.61087267525036,33.67668097281831,0.0014783137050537445,0.001859117977406043,0.001993481920415263
2.130999999999876,0.3,3495,75,0.00041108409142750335,0.000922049118228199,0.0015580586341058028,0.0023342963069231653,0.002599283462724936,0.0050470280229521275,0.007736617893677687,27.61087267525036,33.67668097281831,0.0014783137050537445,0.0018562824801306441,0.001990546454482711
2.1319999999998758,0.3,3495,75,0.0004115629063459919,0.000922856874740083,0.001556041830455795,0.002330521250165131,0.0025921573462037144,0.005015317058468119,0.00769728499532174,27.61087267525036,33.67668097281831,0.0014783137050537445,0.0018533474613622255,0.001987484588610755
2.1329999999998757,0.3,3495,75,0.00041203668012712997,0.0009250883024998076,0.0015540121747310307,0.002326686128330001,0.0025781396530966173,0.00497945044398144,0.007562508072102944,27.61087267525036,33.67668097281831,0.0014783137050537445,0.0018503557665994557,0.0019843417625189375
2.1339999999998756,0.3,3495,75,0.0004125037786047837,0.0009267961716255206,0.001551998488293648,0.0023228493708329595,0.002556640384173238,0.0049554270227870085,0.007333424459680124,27.61087267525036,33.67668097281831,0.0014783137050537445,0.001847350891372897,0.0019811645484111295
2.1349999999998754,0.3,3495,75,0.0004129624746996399,0.0009283322620103141,0.0015500290767470574,0.002319069902371584,0.0025276917122088083,0.004917996994227289,0.007136686106824608,27.61087267525036,33.67668097281831,0.0014783137050537445,0.0018443763782214964,0.0019779999397115944
2.1359999999998753,0.3,3495,75,0.0004134109760328072,0.0009296951052466597,0.0015481313383301518,0.002315406232498299,0.0024927252639588763,0.0048847380350277156,0.007082879726189011,27.61087267525036,33.67668097281831,0.0014783137050537445,0.0018414752113610994,0.001974894636877167
2.136999999999875,0.3,3495,75,0.00041384745622306677,0.0009308712094823876,0.0015463313814896293,0.0023119155350371937,0.002453229303468709,0.004837825258186635,0.006923639557479524,27.61087267525036,33.67668097281831,0.0014783137050537445,0.0018386892158956262,0.001971894342702285
2.137999999999875,0.3,3495,75,0.0004142700895166529,0.0009318491416516611,0.0015446536579879471,0.002308652732807368,0.0024113024135246123,0.004788144659095389,0.006663094808297369,27.61087267525036,33.67668097281831,0.0014783137050537445,0.0018360584687594954,0.0019690430791392544
2.138999999999875,0.3,3495,75,0.00041467708761863074,0.0009321791079859093,0.0015431206176947402,0.0023056696037209888,0.0023673088481388446,0.004752883624996528,0.006368049380889098,27.61087267525036,33.67668097281831,0.0014783137050537445,0.0018336207289998744,0.001966382536942035
2.139999999999875,0.3,3495,75,0.0004150667381573185,0.000932187084851249,0.0015417523909637288,0.00230301392453504,0.0023223287531508067,0.0046954199987196445,0.006657282465448688,27.61087267525036,33.67668097281831,0.0014783137050537445,0.0018314108953348966,0.0019639514684790527
2.140999999999875,0.3,3495,75,0.00041543744393622025,0.0009319872501254946,0.0015405665040453037,0.0023007286681798397,0.002278673850323726,0.004647615262486007,0.006997445157744944,27.61087267525036,33.67668097281831,0.0014783137050537445,0.0018294604992104043,0.0019617851327389246
2.1419999999998747,0.3,3495,75,0.00041578776168666614,0.000931355572464092,0.00153957763237821,0.0022988512697483606,0.002239569349019407,0.004619044601222509,0.007249765180259992,27.61087267525036,33.67668097281831,0.0014783137050537445,0.00182779724158481,0.0019599148000288835
2.1429999999998746,0.3,3495,75,0.00041611643905516393,0.0009307299782801148,0.0015387973960039605,0.0022974129749988377,0.0022085824044704256,0.004551287785483936,0.007390952169811852,27.61087267525036,33.67668097281831,0.0014783137050537445,0.0018264445815112738,0.00195836732227761
2.1439999999998745,0.3,3495,75,0.0004164224482457191,0.0009301197157411325,0.0015382342005160815,0.0022964382834528784,0.0021856513567393167,0.004491315593601898,0.007423221004479462,27.61087267525036,33.67668097281831,0.0014783137050537445,0.001825421384126655,0.0019571647730352026
2.1449999999998743,0.3,3495,75,0.0004167050145865309,0.0009295335986302114,0.0015378931262359382,0.0022959444962514725,0.002170886250631815,0.004454296540170351,0.007350788271932308,27.61087267525036,33.67668097281831,0.0014783137050537445,0.0018247416348493447,0.0019563241596607384
2.1459999999998742,0.3,3495,75,0.00041696363853689167,0.0009289798587841642,0.0015377758674549838,0.0022959413768154115,0.002162432812485154,0.004411654170862686,0.007179773944502705,27.61087267525036,33.67668097281831,0.0014783137050537445,0.001824414225582521,0.0019558572086992854
2.146999999999874,0.3,3495,75,0.0004171981097952443,0.000928466005073409,0.0015378807227179963,0.0022964309300836875,0.0021576499264397485,0.0043702340804539375,0.006918077102488867,27.61087267525036,33.67668097281831,0.0014783137050537445,0.001824442817377643,0.00195577022407889
2.147999999999874,0.3,3495,75,0.00041740851255230087,0.0009279986911735053,0.001538202636341315,0.002297407304091102,0.002155516775243367,0.0043260624725394575,0.006575229148049623,27.61087267525036,33.67668097281831,0.0014783137050537445,0.0018248257825223663,0.0019560640169409282
2.148999999999874,0.3,3495,75,0.00041759522146118483,0.0009275835945095528,0.0015387332903926082,0.0022988568155368054,0.002155169382109823,0.004286137966829832,0.006162232699606372,27.61087267525036,33.67668097281831,0.0014783137050537445,0.0018255562273898451,0.001956733905164043
2.149999999999874,0.3,3495,75,0.00041775888829465935,0.0009268536938942264,0.0015394612456487119,0.002300758099267586,0.002155346030024249,0.004259413405363945,0.006024356775714183,27.61087267525036,33.67668097281831,0.0014783137050537445,0.001826622095649994,0.001957769780474905
2.1509999999998737,0.3,3495,75,0.0004179004197487531,0.0009263947707890577,0.001540372129089211,0.002303082379838857,0.0021556590605170617,0.004256436997471084,0.006129701006227579,27.61087267525036,33.67668097281831,0.0014783137050537445,0.0018280063498240285,0.0019591562409004837
2.1519999999998736,0.3,3495,75,0.00041802094731083076,0.0009249344969953783,0.0015414488647812416,0.0023057938618959986,0.0021559213133634557,0.004267486841230381,0.006343930843648051,27.61087267525036,33.67668097281831,0.0014783137050537445,0.0018296872275259223,0.0019608727866113895
2.1529999999998735,0.3,3495,75,0.0004181217904747131,0.000923197410996859,0.0015426719442093628,0.0023088502345971684,0.0021550845283913223,0.004280949130670208,0.0067474426911136405,27.61087267525036,33.67668097281831,0.0014783137050537445,0.0018316385673547225,0.0019628940773550596
2.1539999999998733,0.3,3495,75,0.0004182044154556802,0.0009212352226508474,0.0015440223183697888,0.002312203283953023,0.002152029074903164,0.004300374035358321,0.007076813966657483,27.61087267525036,33.67668097281831,0.0014783137050537445,0.001833830198148973,0.0019651902499688845
2.1549999999998732,0.3,3495,75,0.0004182703914783444,0.0009206396166108537,0.0015455635125234746,0.00231579960546681,0.0021454539371125684,0.004321620605940248,0.007325901461947594,27.61087267525036,33.67668097281831,0.0014783137050537445,0.0018362283843308229,0.0019677272944669255
2.155999999999873,0.3,3495,75,0.0004183213459854292,0.0009198401555610765,0.0015471950631961572,0.002319581407902013,0.0021352284843999163,0.004371060947352727,0.007490729347899056,27.61087267525036,33.67668097281831,0.0014783137050537445,0.001838796319341142,0.0019704674869629457
2.156999999999873,0.3,3495,75,0.0004183589203509896,0.0009185538247882301,0.0015488896982305649,0.002323487397390093,0.002122223506271288,0.004399677853712898,0.00756920268860567,27.61087267525036,33.67668097281831,0.0014783137050537445,0.0018414946586624906,0.001973369877180886
2.157999999999873,0.3,3495,75,0.00041838472704871106,0.0009169497276565715,0.0015506189796622477,0.0023274537292887003,0.002106009530556861,0.004370375716141933,0.007560907958779255,27.61087267525036,33.67668097281831,0.0014783137050537445,0.001844282083680497,0.0019763908273198183
2.158999999999873,0.3,3495,75,0.00041840031452254503,0.0009153302547866366,0.0015523537442926412,0.0023314150134731803,0.0020865274054717637,0.0043227389307512595,0.007466957883026218,27.61087267525036,33.67668097281831,0.0014783137050537445,0.0018471158875763296,0.0019794845978466924
2.1599999999998727,0.3,3495,75,0.00041840714188625116,0.0009137094411007027,0.0015540645558407896,0.002335305356945365,0.002064667644378896,0.004286422981772015,0.007289857399684609,27.61087267525036,33.67668097281831,0.0014783137050537445,0.0018499525745758166,0.001982603974180819
2.1609999999998726,0.3,3495,75,0.000418406552844002,0.000911966405264092,0.0015557221620447624,0.0023390594261807553,0.0020417502431668184,0.0042243655936211365,0.007064151475987337,27.61087267525036,33.67668097281831,0.0014783137050537445,0.001852748464161515,0.0019857009266672776
2.1619999999998725,0.3,3495,75,0.00041839972955194025,0.0009101105615911455,0.0015572979504339295,0.002342613510264671,0.0020187867660091145,0.0041465290110982034,0.006878237575400302,27.61087267525036,33.67668097281831,0.0014783137050537445,0.0018554602922072909,0.0019887272944139056
2.1629999999998724,0.3,3495,75,0.0004183876737122543,0.0009083441520216199,0.00155876439686124,0.002345906565166965,0.00199753496811201,0.004151405616340716,0.006693617593598545,27.61087267525036,33.67668097281831,0.0014783137050537445,0.0018580458014830165,0.001991635482173848
2.1639999999998722,0.3,3495,75,0.00041837123705175546,0.00090668303168609,0.0015600955011477857,0.0023488812191396636,0.0019811958721585006,0.0041252674829956,0.006423311832507176,27.61087267525036,33.67668097281831,0.0014783137050537445,0.0018604160212882881,0.001994379158123394
2.164999999999872,0.3,3495,75,0.0004183511274788683,0.0009051409417409807,0.0015612672043870126,0.0023514847196217,0.0019705358117674075,0.0041198392165477,0.006340672335644425,27.61087267525036,33.67668097281831,0.0014783137050537445,0.001862563698658108,0.0019969139396565083
2.165999999999872,0.3,3495,75,0.0004183279329067625,0.0009037293352603315,0.0015622577825283996,0.0023536698030626226,0.001965084625311812,0.004095487162509863,0.006250920783335186,27.61087267525036,33.67668097281831,0.0014783137050537445,0.0018644860733252324,0.001999198054079443
2.166999999999872,0.3,3495,75,0.0004183021782917038,0.0009024572445979156,0.0015630482109031266,0.002355395470715052,0.0019658997943047905,0.004085980357507777,0.006145595664532142,27.61087267525036,33.67668097281831,0.0014783137050537445,0.0018661519084013218,0.00200119296138368
2.167999999999872,0.3,3495,75,0.0004182744225040022,0.0009013311927123537,0.0015636224942563758,0.002356627655762951,0.0019763479622186323,0.004090170101641675,0.0059869781170417795,27.61087267525036,33.67668097281831,0.0014783137050537445,0.0018675333347547333,0.0020028639272453574
2.1689999999998717,0.3,3495,75,0.0004182452577836819,0.0009004626500123409,0.00156396795689312,0.002357339769833666,0.0019958075593075214,0.004139862938428817,0.005961312580098705,27.61087267525036,33.67668097281831,0.0014783137050537445,0.0018686062278098642,0.002004180535745803
2.1699999999998716,0.3,3495,75,0.00041821529806582944,0.0008998498213081154,0.0015640754912278852,0.0023575131227022367,0.0020213118246618037,0.004228862112118692,0.006088635373823263,27.61087267525036,33.67668097281831,0.0014783137050537445,0.0018693505381517151,0.002005117135993828
2.1709999999998715,0.3,3495,75,0.00041818517120872326,0.0008989629980215445,0.0015639397426311522,0.0023571372115449756,0.002051146335168542,0.004352613404673379,0.0062396271039855,27.61087267525036,33.67668097281831,0.0014783137050537445,0.00186975055926255,0.002005653206165192
2.1719999999998714,0.3,3495,75,0.00041815549413630823,0.0008980835142246607,0.0015635592800244077,0.002356209837752146,0.002084706852644827,0.004462956085702835,0.006378061760044199,27.61087267525036,33.67668097281831,0.0014783137050537445,0.0018697951451239316,0.0020057736417697924
2.1729999999998713,0.3,3495,75,0.0004181268249392087,0.0008972910601854003,0.0015629366065377094,0.002354737149626959,0.002121336846746661,0.0045212274956006205,0.006499807527468878,27.61087267525036,33.67668097281831,0.0014783137050537445,0.00186943114425877,0.00200546896302356
2.173999999999871,0.3,3495,75,0.00041809964420360285,0.0008960356021880867,0.0015620782569582773,0.0023527334793589727,0.0021597281983491263,0.004569302885431725,0.006638919434718553,27.61087267525036,33.67668097281831,0.0014783137050537445,0.0018686342932676264,0.0020047354359853387
2.174999999999871,0.3,3495,75,0.00041807436557900646,0.000895752067428148,0.0015609947061832597,0.0023502211397637284,0.002200371556944214,0.0046404376452964516,0.006743344210094802,27.61087267525036,33.67668097281831,0.0014783137050537445,0.0018674560006025098,0.0020035751235774057
2.175999999999871,0.3,3495,75,0.00041805131402189823,0.0008959482024491874,0.0015597002303317053,0.002347230016324518,0.0022420617770446947,0.004752983024744843,0.006840097921123773,27.61087267525036,33.67668097281831,0.0014783137050537445,0.0018659052102962767,0.002001995839815862
2.176999999999871,0.3,3495,75,0.0004180306389823053,0.0008962096836795649,0.0015582127249494382,0.0023437970774864616,0.002281203419531088,0.004875936826398632,0.007036897690457268,27.61087267525036,33.67668097281831,0.0014783137050537445,0.0018639959044809236,0.0020000110319884357
2.1779999999998707,0.3,3495,75,0.0004180123157068542,0.0008965188119955536,0.0015565534320823662,0.002339965802480268,0.0023159686052962327,0.004952703149046319,0.007603284887748006,27.61087267525036,33.67668097281831,0.0014783137050537445,0.0018617469460542185,0.0019976396004786068
2.1789999999998706,0.3,3495,75,0.00041799619487972804,0.0008969031926879561,0.0015547466209515869,0.0023357855077663758,0.0023445657858720136,0.005023207917174282,0.008071518118159673,27.61087267525036,33.67668097281831,0.0014783137050537445,0.0018591818468196592,0.001994905645364753
2.1799999999998705,0.3,3495,75,0.0004179819966369747,0.0008976037768325595,0.0015528192044386667,0.0023313105948296305,0.002365819156376168,0.005061845311987857,0.008433203023618512,27.61087267525036,33.67668097281831,0.0014783137050537445,0.001856328468054805,0.0019918381488324144
2.1809999999998704,0.3,3495,75,0.00041796930198855734,0.0008982657531954825,0.001550800271693814,0.0023265997307222886,0.0023790853045102993,0.0051042653226854385,0.008681756988525089,27.61087267525036,33.67668097281831,0.0014783137050537445,0.0018532186562009723,0.0019884705974959616
2.1819999999998703,0.3,3495,75,0.00041795755338181297,0.0008988863484738883,0.0015487205978830698,0.0023217149726263834,0.0023841165493294837,0.005182965052449579,0.008812549565264605,27.61087267525036,33.67668097281831,0.0014783137050537445,0.0018498878175109105,0.0019848405485873855
2.18299999999987,0.3,3495,75,0.00041794605867366037,0.000899263904761429,0.0015466120971484453,0.0023167208479609918,0.002380679033034369,0.0051975366185991155,0.00882303546151077,27.61087267525036,33.67668097281831,0.0014783137050537445,0.001846374436889973,0.0019809891442719163
2.18399999999987,0.3,3495,75,0.00041793399991191065,0.0008991663551094923,0.0015445072360395472,0.0023116834015810576,0.002368241032396187,0.005222511555967822,0.008712878428896847,27.61087267525036,33.67668097281831,0.0014783137050537445,0.001842719547382187,0.0019769605785455724
2.18499999999987,0.3,3495,75,0.00041792044840843425,0.0008987666320371605,0.0015424384406612134,0.002306669221841951,0.002347263563525421,0.005202645414886422,0.008484072182603285,27.61087267525036,33.67668097281831,0.0014783137050537445,0.0018389661579539958,0.0019728015217026496
2.18599999999987,0.3,3495,75,0.00041790438381114826,0.0008981897669866889,0.001540437481296757,0.0023017444576837027,0.002318398417934684,0.005166156917969682,0.00814107466736657,27.61087267525036,33.67668097281831,0.0014783137050537445,0.001835158648320414,0.0019685605080610458
2.1869999999998697,0.3,3495,75,0.00041788471912679927,0.0008981054467427088,0.0015385348267045967,0.0022969738329093564,0.0022829929273864356,0.0051354861657716055,0.007691013333426741,27.61087267525036,33.67668097281831,0.0014783137050537445,0.001831342134869549,0.001964287291695399
2.1879999999998696,0.3,3495,75,0.00041786032779477303,0.0008981523247727028,0.0015367590808702662,0.0022924196743882813,0.0022429468886854317,0.005073233949269044,0.007302147465242106,27.61087267525036,33.67668097281831,0.0014783137050537445,0.0018275618285954894,0.001960032173684567
2.1889999999998695,0.3,3495,75,0.0004178300694048887,0.0008981633663480776,0.0015351365037482786,0.002288141009807474,0.0022003862913776563,0.004994018354774059,0.007502901043491147,27.61087267525036,33.67668097281831,0.0014783137050537445,0.0018238624042325752,0.0019558453381876006
2.1899999999998694,0.3,3495,75,0.00041779281991922377,0.0008981410432963169,0.0015336904211670597,0.002284192672806491,0.002159578834133019,0.004998212356924683,0.007667061723944097,27.61087267525036,33.67668097281831,0.0014783137050537445,0.0018202873635591356,0.0019517761633025543
2.1909999999998693,0.3,3495,75,0.00041774749881833413,0.0008980894779120609,0.0015324407948578644,0.0022806244605824283,0.002122342488563797,0.0049852718643156515,0.007793960318819933,27.61087267525036,33.67668097281831,0.0014783137050537445,0.001816878412116939,0.0019478725349202364
2.191999999999869,0.3,3495,75,0.0004176930937970289,0.0008980142667215917,0.0015314038418363313,0.0022774803744321057,0.0020884122063215722,0.004964166566702527,0.007883397491894381,27.61087267525036,33.67668097281831,0.0014783137050537445,0.0018136748717774757,0.0019441801803381509
2.192999999999869,0.3,3495,75,0.00041762868770212324,0.0008979222751395865,0.0015305916780275644,0.0022747979461720277,0.0020579204677872967,0.00493704436401656,0.007935641609962326,27.61087267525036,33.67668097281831,0.0014783137050537445,0.001810713132525659,0.001940742027748854
2.193999999999869,0.3,3495,75,0.00041755348410243027,0.0008978214097220821,0.0015300121421634634,0.002272607663380592,0.0020324752164929435,0.00492685852155773,0.00795141466567347,27.61087267525036,33.67668097281831,0.0014783137050537445,0.0018080261522148036,0.0019375976024171848
2.194999999999869,0.3,3495,75,0.0004174668328752534,0.0008977203750424993,0.0015296686556015818,0.0022709325057823104,0.0020130728526995137,0.004873563574552525,0.007931866614303892,27.61087267525036,33.67668097281831,0.0014783137050537445,0.0018056430123567352,0.001934782470332408
2.1959999999998687,0.3,3495,75,0.0004173682497128979,0.0008975472825215807,0.0015295601755941004,0.002269787603571463,0.0020009860651852623,0.0048745528591283855,0.00787853887012529,27.61087267525036,33.67668097281831,0.0014783137050537445,0.0018035885368928985,0.0019323277396345873
2.1969999999998686,0.3,3495,75,0.0004172574185934031,0.0008972742220501295,0.0015296812876442582,0.0022691800265308704,0.001997340254813637,0.004897313786890956,0.007793318049132166,27.61087267525036,33.67668097281831,0.0014783137050537445,0.0018018829797071115,0.001930259629343567
2.1979999999998685,0.3,3495,75,0.0004171341850612453,0.0008965055440146478,0.0015300223498489844,0.0022691087107706348,0.00200288435745765,0.0049000971865175574,0.007700463770646765,27.61087267525036,33.67668097281831,0.0014783137050537445,0.0018005417855892767,0.0019285991140378655
2.1989999999998684,0.3,3495,75,0.0004169985607460077,0.0008955794927573589,0.0015305697418158937,0.002269564527152259,0.0020174332841205772,0.00486940790523302,0.0075891205981178924,27.61087267525036,33.67668097281831,0.0014783137050537445,0.0017995754280940256,0.001927361651866022
2.1999999999998683,0.3,3495,75,0.00041685073616764694,0.0008957640716108844,0.0015313062073256517,0.0022705304925107355,0.002038862423627364,0.0048967911651874715,0.007467997820760924,27.61087267525036,33.67668097281831,0.0014783137050537445,0.0017989893265306543,0.0019265570018127676
2.200999999999868,0.3,3495,75,0.0004166910721934049,0.0008959640938990088,0.0015322112462299803,0.002271982121694864,0.0020665537483001975,0.004838088911215178,0.007545832361475535,27.61087267525036,33.67668097281831,0.0014783137050537445,0.0017987838431351285,0.0019261891345330184
2.201999999999868,0.3,3495,75,0.0004165200924736494,0.0008967019501793722,0.0015332615851176598,0.002273887915007977,0.0020990154181937484,0.004797720142627327,0.007583391349278419,27.61087267525036,33.67668097281831,0.0014783137050537445,0.0017989543602170196,0.001926256239151769
2.202999999999868,0.3,3495,75,0.0004163384930198713,0.0008973676610358559,0.001534431697219796,0.002276209972401519,0.002132450298466487,0.004802647962694545,0.0075817211519180585,27.61087267525036,33.67668097281831,0.0014783137050537445,0.0017994914358233866,0.0019267508265130573
2.203999999999868,0.3,3495,75,0.0004161471349615731,0.0008980714890802664,0.0015356943518770874,0.0022789047226026873,0.0021652771784639972,0.004736511115047046,0.007669756766855732,27.61087267525036,33.67668097281831,0.0014783137050537445,0.0018003810352439469,0.001927659927272174
2.2049999999998677,0.3,3495,75,0.0004159470246400211,0.0008988077533995703,0.0015370212026771415,0.0022819237524243593,0.0021961410071230695,0.004691798971936883,0.008054163177561866,27.61087267525036,33.67668097281831,0.0014783137050537445,0.0018016048344152678,0.0019289653811149776
2.2059999999998676,0.3,3495,75,0.0004157392931880576,0.0008995709899388604,0.0015383833855217605,0.002285214719099633,0.0022234418560701566,0.00463594007526724,0.00833362573689448,27.61087267525036,33.67668097281831,0.0014783137050537445,0.0018031405900385763,0.0019306442113915523
2.2069999999998675,0.3,3495,75,0.00041552517626340207,0.0008996253926800861,0.001539752118773364,0.002288722326530271,0.0022463462550465123,0.004675698350173543,0.008504403727305002,27.61087267525036,33.67668097281831,0.0014783137050537445,0.0018049625700892623,0.0019326690775365307
2.2079999999998674,0.3,3495,75,0.0004153059909308328,0.0008999578396858982,0.00154109930211408,0.002292389344946468,0.0022630331613453466,0.004638076336178729,0.00856559326028648,27.61087267525036,33.67668097281831,0.0014783137050537445,0.001807042037140885,0.0019350087959040252
2.2089999999998673,0.3,3495,75,0.00041508310886848927,0.0009005938333137325,0.0015423980924519642,0.0022961576528171424,0.002272106764263031,0.004601370685361822,0.008519045434337702,27.61087267525036,33.67668097281831,0.0014783137050537445,0.001809347776015475,0.0019376289182453377
2.209999999999867,0.3,3495,75,0.0004148579262671192,0.0009011854576793225,0.0015436234526606603,0.002299969279693731,0.0022731765937226596,0.004533424659420107,0.008369362144595256,27.61087267525036,33.67668097281831,0.0014783137050537445,0.001811846656192874,0.001940492355849699
2.210999999999867,0.3,3495,75,0.00041463183003968796,0.0009021620887449905,0.001544752663934105,0.0023037674292265406,0.0022658957642307815,0.004549114825082461,0.008123961523874141,27.61087267525036,33.67668097281831,0.0014783137050537445,0.0018145042187113463,0.001943560036636427
2.211999999999867,0.3,3495,75,0.00041440616039618324,0.0009031605388574249,0.0015457657868973176,0.002307497462548722,0.0022512784064569087,0.0045033370451395905,0.0077932257767054855,27.61087267525036,33.67668097281831,0.0014783137050537445,0.0018172852766459163,0.0019467915819433301
2.212999999999867,0.3,3495,75,0.0004141821705559468,0.0009040702950528435,0.0015466460673012464,0.0023111078237177357,0.0022305314567103328,0.00451616642687512,0.007390760762786556,27.61087267525036,33.67668097281831,0.0014783137050537445,0.0018201545178214483,0.0019501459896993367
2.2139999999998667,0.3,3495,75,0.00041396098478545127,0.0009048830593439002,0.0015473802761467909,0.0023145508907047134,0.0022049748849848187,0.004522157126450276,0.006933807521400084,27.61087267525036,33.67668097281831,0.0014783137050537445,0.0018230770982877956,0.0019535823108718375
2.2149999999998666,0.3,3495,75,0.0004137435570252344,0.000905675726165161,0.0015479589750598739,0.0023177837374024506,0.002176779491299624,0.004505745257285597,0.006443836748039986,27.61087267525036,33.67668097281831,0.0014783137050537445,0.0018260192150962656,0.0019570603064842373
2.2159999999998665,0.3,3495,75,0.0004135306332837851,0.0009064472042118661,0.001548376703542229,0.0023207687944331677,0.002147790236931643,0.004450761954430193,0.006190687418130644,27.61087267525036,33.67668097281831,0.0014783137050537445,0.0018289486473055227,0.001960541073355415
2.2169999999998664,0.3,3495,75,0.0004133227216021424,0.0009071970876419571,0.0015486320812646058,0.0023234743987495293,0.0021219959218644474,0.004460647082527311,0.006126590959155687,27.61087267525036,33.67668097281831,0.0014783137050537445,0.0018318352546864102,0.001963987627522812
2.2179999999998663,0.3,3495,75,0.00041312007368710384,0.000907925619820736,0.0015487278224608288,0.002325875224462462,0.002101405372821916,0.0044587885789968236,0.006009895930954921,27.61087267525036,33.67668097281831,0.0014783137050537445,0.001834376789248374,0.0019673654355045755
2.218999999999866,0.3,3495,75,0.00041292268114942335,0.0009086259542702002,0.0015486706627426327,0.0023279525896857454,0.0020862376302596872,0.004441051242684073,0.005858963050495602,27.61087267525036,33.67668097281831,0.0014783137050537445,0.001836840442762089,0.0019706428847676705
2.219999999999866,0.3,3495,75,0.0004127302904631926,0.0009097539320688724,0.0015484712253481271,0.002329694640999382,0.0020766529163000584,0.0043926320178890865,0.00635986668506209,27.61087267525036,33.67668097281831,0.0014783137050537445,0.0018392091373039682,0.0019737916889503992
2.220999999999866,0.3,3495,75,0.00041254243215980865,0.0009108613581032611,0.0015481437639062103,0.002331096424500232,0.002074436974441001,0.0043451671819115705,0.006964654606708861,27.61087267525036,33.67668097281831,0.0014783137050537445,0.0018414677898768808,0.0019767872172558043
2.221999999999866,0.3,3495,75,0.00041235845405099015,0.0009119880318026232,0.0015477058070439617,0.0023321597777701346,0.002079197039282945,0.004246437181267022,0.007475958795059326,27.61087267525036,33.67668097281831,0.0014783137050537445,0.001843604687629843,0.0019796087370345106
2.2229999999998658,0.3,3495,75,0.000412177559805847,0.000915097517812148,0.0015471777611844838,0.0023328931385860033,0.0020877541146293384,0.004203826337593381,0.007883614411829618,27.61087267525036,33.67668097281831,0.0014783137050537445,0.001845611538741019,0.001982239582488887
2.2239999999998656,0.3,3495,75,0.0004119988565296935,0.0009166080131784704,0.001546582477421381,0.00233331124471023,0.0020980079846589584,0.004143793136899246,0.0081794273677081,27.61087267525036,33.67668097281831,0.0014783137050537445,0.0018474834524791687,0.001984667245597649
2.2249999999998655,0.3,3495,75,0.00041182140039313953,0.0009174059690548415,0.001545944742598653,0.0023334347189107197,0.0021085008624365264,0.004141419244310199,0.008357196160275695,27.61087267525036,33.67668097281831,0.0014783137050537445,0.001849218841084907,0.0019868833832781263
2.2259999999998654,0.3,3495,75,0.00041164423510117504,0.0009193979192211243,0.0015452907390004328,0.0023332895580852756,0.0021175222132030404,0.004123549105098716,0.008412773994872984,27.61087267525036,33.67668097281831,0.0014783137050537445,0.0018508192514629532,0.0019888837459305364
2.2269999999998653,0.3,3495,75,0.0004114664223364718,0.0009213072197754062,0.0015446474798990865,0.00233290653822255,0.002123729443526813,0.004094086765521873,0.008482091434048636,27.61087267525036,33.67668097281831,0.0014783137050537445,0.0018522891318468685,0.001990668031069731
2.227999999999865,0.3,3495,75,0.00041128706996812736,0.0009223024077721107,0.0015449810307619695,0.0023323205481526076,0.0021266449428972074,0.0040834691589702815,0.008915338960318854,27.61087267525036,33.67668097281831,0.0014783137050537445,0.0018536355400867442,0.0019922396672242826
2.228999999999865,0.3,3495,75,0.0004111053526708105,0.000923226602765629,0.0015460040075277043,0.0023315698657052825,0.0021265599698769336,0.004118962011766763,0.009225402439618112,27.61087267525036,33.67668097281831,0.0014783137050537445,0.001854867801501785,0.0019936055344658143
2.229999999999865,0.3,3495,75,0.0004109205238932634,0.0009241466051625987,0.0015470861340841798,0.0023306953902919873,0.0021234084616386212,0.004161634778728618,0.009404840656598282,27.61087267525036,33.67668097281831,0.0014783137050537445,0.0018559971252025938,0.001994775629022172
2.230999999999865,0.3,3495,75,0.0004107319200780645,0.0009253600673303059,0.0015482336972729418,0.002329739845911229,0.0021169442550029614,0.004222053225867242,0.009448363357523309,27.61087267525036,33.67668097281831,0.0014783137050537445,0.001857036188619555,0.0019957626802664663
2.2319999999998648,0.3,3495,75,0.0004105389585072551,0.0009267983159179426,0.0015494519938296315,0.002328746968294512,0.002106230748267126,0.004338416137936041,0.00935297075173747,27.61087267525036,33.67668097281831,0.0014783137050537445,0.0018579987004780584,0.001996581729095226
2.2329999999998646,0.3,3495,75,0.0004103411293464442,0.0009280883688671065,0.0015507451420161767,0.0023277606796725994,0.0020914758701213983,0.0044711079552641544,0.009118140588818267,27.61087267525036,33.67668097281831,0.0014783137050537445,0.0018588989459344726,0.001997249672612611
2.2339999999998645,0.3,3495,75,0.00041013798773612085,0.0009301585425611096,0.0015521159122406445,0.002326824269292991,0.002073975823724479,0.004563497078314394,0.008745726334386479,27.61087267525036,33.67668097281831,0.0014783137050537445,0.001859751342575992,0.0019977847935059856
2.2349999999998644,0.3,3495,75,0.0004099291460323718,0.000932512988780205,0.0015535655538497235,0.0023259796561565164,0.002055949233105037,0.0046666036161429215,0.008240000092999385,27.61087267525036,33.67668097281831,0.0014783137050537445,0.0018605700116507173,0.001998206293826854
2.2359999999998643,0.3,3495,75,0.00040971426678758355,0.0009340504507689853,0.001555093644422361,0.002325266629007075,0.0020367886168691715,0.004774751519451147,0.007607847249295688,27.61087267525036,33.67668097281831,0.0014783137050537445,0.0018613683581359785,0.001998533813843295
2.236999999999864,0.3,3495,75,0.0004094930585637808,0.0009349407112736332,0.0015566979557283128,0.0023247221180825286,0.0020170654378453027,0.004930422517006517,0.006858717962020138,27.61087267525036,33.67668097281831,0.0014783137050537445,0.0018621586711516206,0.0019987869548323545
2.237999999999864,0.3,3495,75,0.00040926527559407997,0.0009356286732751884,0.0015583743402704463,0.0023243795332228223,0.001998496729578832,0.005022134012755955,0.00647729352975958,27.61087267525036,33.67668097281831,0.0014783137050537445,0.0018626627482188328,0.0019989848261054988
2.238999999999864,0.3,3495,75,0.000409030722562816,0.0009361091467751434,0.0015601166418599782,0.0023242681602976007,0.001982697625982562,0.005161309332048366,0.0066419746545728865,27.61087267525036,33.67668097281831,0.0014783137050537445,0.0018631575271118178,0.0019991456187966605
2.239999999999864,0.3,3495,75,0.00040878925781648236,0.0009363789811393752,0.0015619166341083882,0.002324412623166427,0.001970419240079382,0.0053179184870654275,0.006804160932324204,27.61087267525036,33.67668097281831,0.0014783137050537445,0.0018636626774663735,0.001999286214015683
2.2409999999998638,0.3,3495,75,0.00040854079931518445,0.0009364370339231445,0.001563763991011047,0.00232483241806966,0.001961339873539034,0.005406659189787214,0.007102152983544341,27.61087267525036,33.67668097281831,0.0014783137050537445,0.00186418718122868,0.0019994218322310076
2.2419999999998637,0.3,3495,75,0.0004082853306576315,0.0009362841158328523,0.0015656462937718911,0.0023255415267243768,0.0019564817359783975,0.00551452259603324,0.0074643337392855166,27.61087267525036,33.67668097281831,0.0014783137050537445,0.0018647377338568917,0.001999565729715158
2.2429999999998635,0.3,3495,75,0.0004080229053057217,0.0009359229145272814,0.0015675490775984276,0.0023265481136878203,0.0019574688188560966,0.00561713693879404,0.00783810895957363,27.61087267525036,33.67668097281831,0.0014783137050537445,0.0018653185945891975,0.001999728946682211
2.2439999999998634,0.3,3495,75,0.0004077536497292247,0.0009353579000135596,0.0015694559215994014,0.0023278543129950677,0.001964230193246042,0.005732406973909768,0.008190128992258473,27.61087267525036,33.67668097281831,0.0014783137050537445,0.0018659314930755068,0.0019999201105456166
2.2449999999998633,0.3,3495,75,0.0004074777646217793,0.000934851945882719,0.0015713485840549834,0.0023294561081831817,0.001976556721239551,0.005800960021841325,0.008516804710612577,27.61087267525036,33.67668097281831,0.0014783137050537445,0.00186657559245615,0.002000145296367606
2.245999999999863,0.3,3495,75,0.0004071955238469262,0.0009344725649298365,0.0015732071841157477,0.002331343308757101,0.001994059935062597,0.0059054646900864515,0.00881462977284566,27.61087267525036,33.67668097281831,0.0014783137050537445,0.0018672475077994393,0.002000407945132565
2.246999999999863,0.3,3495,75,0.0004069072721232915,0.0009335572978238032,0.0015750104296206973,0.0023334996250382414,0.0020163264787060207,0.006057691000243745,0.009080253771450556,27.61087267525036,33.67668097281831,0.0014783137050537445,0.0018679413778519898,0.0020007088391373884
2.247999999999863,0.3,3495,75,0.0004066134213500586,0.0009317110681421575,0.0015767358892562107,0.002335902841860346,0.0020440977256934675,0.006161553755660899,0.009313980392474577,27.61087267525036,33.67668097281831,0.0014783137050537445,0.0018686489870331593,0.002001046132406259
2.248999999999863,0.3,3495,75,0.00040631444600760803,0.0009299746045715198,0.0015783603057085184,0.002338525089994748,0.0020764688808825966,0.006240689034633364,0.009525260625093524,27.61087267525036,33.67668097281831,0.0014783137050537445,0.001869359933795072,0.0020014154327583356
2.2499999999998628,0.3,3495,75,0.0004060108784072982,0.0009293886163597112,0.0015798599449277154,0.0023413332125567623,0.002112427263257818,0.006242099812522764,0.00968870984123275,27.61087267525036,33.67668097281831,0.0014783137050537445,0.0018700618406882273,0.002001809931144294
2.2509999999998627,0.3,3495,75,0.0004057033038524027,0.0009286874807032019,0.0015812109752583996,0.0023442892217913586,0.00215157116054757,0.00620364385201534,0.009801367866351418,27.61087267525036,33.67668097281831,0.0014783137050537445,0.0018707406008623025,0.0020022205729119946
2.2519999999998626,0.3,3495,75,0.00040539235616282853,0.0009277919353028122,0.0015823898689442159,0.0023473508399651333,0.0021917464291076197,0.0061346275846580495,0.009860910684629137,27.61087267525036,33.67668097281831,0.0014783137050537445,0.0018713806552705533,0.0020026362651286433
2.2529999999998624,0.3,3495,75,0.00040507871398681315,0.0009265004151022139,0.0015833738175739715,0.0023504721163511394,0.002230864604677473,0.006033729068076633,0.009865667755992649,27.61087267525036,33.67668097281831,0.0014783137050537445,0.0018719652944752707,0.00200304411367469
2.2539999999998623,0.3,3495,75,0.00040476309796890023,0.0009252002513031756,0.0015841411523646613,0.002353604110810362,0.0022678379585817877,0.005883547661366757,0.009816556212427316,27.61087267525036,33.67668097281831,0.0014783137050537445,0.0018724769787691966,0.0020034296838424837
2.2549999999998622,0.3,3495,75,0.00040444626907146827,0.0009238143857808833,0.0015846717598101382,0.002356695633069594,0.0023011493246601422,0.005727578279859571,0.009740617707914621,27.61087267525036,33.67668097281831,0.0014783137050537445,0.0018728976702728384,0.0020037772782863783
2.255999999999862,0.3,3495,75,0.00040412902815577527,0.0009223470127306177,0.0015849474831909436,0.0023596940257610555,0.002329928486510884,0.005573160759291694,0.009760162018467784,27.61087267525036,33.67668097281831,0.0014783137050537445,0.00187320917075709,0.002004070226693244
2.256999999999862,0.3,3495,75,0.00040381221666836085,0.0009207921378558547,0.001584952500684445,0.0023625459783584908,0.0023532820319604473,0.005367424105540249,0.009698406396576738,27.61087267525036,33.67668097281831,0.0014783137050537445,0.0018733934591400722,0.0020042911820432607
2.257999999999862,0.3,3495,75,0.0004034967182565014,0.0009195608304874064,0.0015846736714058291,0.0023651983586064013,0.0023706960031491544,0.005309086622767714,0.009495007871311537,27.61087267525036,33.67668097281831,0.0014783137050537445,0.0018734330229230208,0.0020044224190804982
2.258999999999862,0.3,3495,75,0.00040318346082514973,0.0009183780353315958,0.0015841008413681997,0.002367599047648831,0.0023816355214664017,0.005220188426413064,0.009155319771946105,27.61087267525036,33.67668097281831,0.0014783137050537445,0.0018733111782759735,0.002004446131273596
2.2599999999998617,0.3,3495,75,0.00040287341826824463,0.000915728128993975,0.0015835904893174528,0.0023696977650002515,0.0023857820854728097,0.0051566744019758155,0.009072735338682011,27.61087267525036,33.67668097281831,0.0014783137050537445,0.0018730123739369065,0.0020043447232502842
2.2609999999998616,0.3,3495,75,0.0004025676107628186,0.000913437590416126,0.001583530800350121,0.002371446869590961,0.0023831495311763375,0.005069726930239999,0.009065362122172686,27.61087267525036,33.67668097281831,0.0014783137050537445,0.0018725224746432238,0.0020041010962081884
2.2619999999998615,0.3,3495,75,0.0004022671018827647,0.00091167679315414,0.0015831176208208819,0.0023728021235318447,0.002374096765653554,0.005010820449472009,0.009006581347124468,27.61087267525036,33.67668097281831,0.0014783137050537445,0.0018718290204224723,0.0020036989242981917
2.2629999999998613,0.3,3495,75,0.0004019729931219407,0.0009098610021037983,0.0015823448392966895,0.002373723405717558,0.002359012091925045,0.005011076232963217,0.008894831175557972,27.61087267525036,33.67668097281831,0.0014783137050537445,0.0018709214586306313,0.0020031229201258327
2.2639999999998612,0.3,3495,75,0.0004016864443764762,0.0009079978338309014,0.0015812110592926276,0.0023741753632813053,0.002338333361530827,0.004963304573611262,0.008729146344126052,27.61087267525036,33.67668097281831,0.0014783137050537445,0.001869791346250635,0.0020023590877435993
2.264999999999861,0.3,3495,75,0.0004014087124049222,0.0009060957002660204,0.0015797196981046507,0.0023741279898384943,0.0023131261112588185,0.004905785132145969,0.008509210999524296,27.61087267525036,33.67668097281831,0.0014783137050537445,0.0018684325205646022,0.0020013949613648663
2.265999999999861,0.3,3495,75,0.0004011407139593339,0.0009041637927127627,0.001577879010304685,0.0023735571207752913,0.002285320423393712,0.004868570034717799,0.008235386416474573,27.61087267525036,33.67668097281831,0.0014783137050537445,0.001866841236838254,0.00200021982798404
2.266999999999861,0.3,3495,75,0.00040088331058697366,0.0009022120504270844,0.0015757020347160822,0.0023724448372584787,0.002256273280550997,0.004828373332476081,0.007908712082251404,27.61087267525036,33.67668097281831,0.0014783137050537445,0.0018650162722188806,0.001998824931828125
2.267999999999861,0.3,3495,75,0.00040063823948571585,0.0009002511130858587,0.0015732064651095554,0.0023707797724392765,0.0022265261848202784,0.004767108960968458,0.007530880426174888,27.61087267525036,33.67668097281831,0.0014783137050537445,0.0018629589955352587,0.0019972036584903208
2.2689999999998607,0.3,3495,75,0.000400405563875634,0.0008982922567642949,0.0015704144456720032,0.0023685573151795924,0.002196714424447638,0.0047534525195373645,0.007104187268588995,27.61087267525036,33.67668097281831,0.0014783137050537445,0.001860673403088058,0.0019953516963937545
2.2699999999998606,0.3,3495,75,0.00040018615237481943,0.0008963473133113149,0.001567352294478683,0.0023657797087874273,0.002167829378887986,0.004756095543104159,0.007430399952777162,27.61087267525036,33.67668097281831,0.0014783137050537445,0.0018578505100888029,0.0019932671732831864
2.2709999999998605,0.3,3495,75,0.0003999797570648915,0.0008944285840956932,0.001564050218125433,0.0023624560522107177,0.002141215685084809,0.004674766030947276,0.008212302688381566,27.61087267525036,33.67668097281831,0.0014783137050537445,0.0018548120227271248,0.0019909507715389907
2.2719999999998604,0.3,3495,75,0.0003997866208960647,0.0008925487128643664,0.0015605418232438723,0.0023586022065392783,0.0021172625490206666,0.004622417964056272,0.008909771531052213,27.61087267525036,33.67668097281831,0.0014783137050537445,0.0018516004243701555,0.0019884058082020317
2.2729999999998602,0.3,3495,75,0.00039960687229995324,0.000890720560313104,0.001556863619742585,0.0023542405156763073,0.0020954677425649945,0.004509988120742074,0.009506939048555174,27.61087267525036,33.67668097281831,0.0014783137050537445,0.0018482356060265073,0.001985638261125189
2.27399999999986,0.3,3495,75,0.00039944004243997757,0.0008894023284194605,0.0015530546193227232,0.0023493995860156707,0.002075413845412579,0.0043839971577858084,0.009991603155000287,27.61087267525036,33.67668097281831,0.0014783137050537445,0.0018447394185816617,0.0019826568117657928
2.27499999999986,0.3,3495,75,0.00039928680340652127,0.0008891380600935505,0.0015491556451512599,0.0023441138230226935,0.002056152057828926,0.0043083613800613705,0.010354536568292183,27.61087267525036,33.76251788268956,0.0014783137050537445,0.0018411354099619657,0.001979472809772176
2.27599999999986,0.3,3495,75,0.0003991466493390107,0.0008876042101713891,0.0015452089706728244,0.0023384230611142357,0.0020372428791334083,0.004229582591202506,0.010986751395518107,27.61087267525036,33.76251788268956,0.0014783137050537445,0.0018374485970078154,0.001976100252186086
2.27699999999986,0.3,3495,75,0.00039901824894459303,0.0008858043329969822,0.0015412574056616263,0.0023323719575040667,0.002018028250966061,0.004182660912302069,0.011602109989981776,27.61087267525036,33.76251788268956,0.0014783137050537445,0.0018337051465852825,0.0019725556727898663
2.2779999999998597,0.3,3495,75,0.00039890109272055374,0.0008841186230532065,0.0015373437995178658,0.0023260093821333983,0.0019983800467440966,0.004163511326117702,0.012090215217359673,27.61087267525036,33.76251788268956,0.0014783137050537445,0.001829932076604196,0.0019688580216019602
2.2789999999998596,0.3,3495,75,0.00039879401025031736,0.0008829167433297182,0.0015335106903653932,0.002319387930309722,0.001978463945863274,0.004182685218899587,0.012444442351389754,27.61087267525036,33.76251788268956,0.0014783137050537445,0.0018261570132490248,0.001965028568591265
2.2799999999998595,0.3,3495,75,0.00039869553070532936,0.0008823487911328314,0.0015297992350376763,0.0023125631816403275,0.0019585997512264713,0.004208946565915682,0.012742811792389454,27.61087267525036,33.76251788268956,0.0014783137050537445,0.001822407843507095,0.0019610906991793797
2.2809999999998594,0.3,3495,75,0.0003986042856160895,0.0008817480330706487,0.0015262488663815134,0.00230559301776443,0.0019388550550247052,0.004259501603682118,0.013121173139446185,27.61087267525036,33.76251788268956,0.0014783137050537445,0.001818712391834859,0.0019570697059734243
2.2819999999998593,0.3,3495,75,0.00039851883849103506,0.0008810804979550563,0.0015228966980136984,0.002298536973202893,0.0019185666825203005,0.00426533424964596,0.01335219354382971,27.61087267525036,33.76251788268956,0.0014783137050537445,0.0018150981284265496,0.0019529925754930844
2.282999999999859,0.3,3495,75,0.00039843772401231215,0.0008805779827841123,0.001519776828953041,0.002291455564471814,0.0018974686162945764,0.004271072694325995,0.013431804184492925,27.61087267525036,33.76251788268956,0.0014783137050537445,0.001811591868833845,0.0019488877413529337
2.283999999999859,0.3,3495,75,0.00039835951382343577,0.000880242629527313,0.0015169200176227008,0.0022844096186915553,0.0018751763759970804,0.004275970046245322,0.013358153067602473,27.61087267525036,33.76251788268956,0.0014783137050537445,0.0018082194749086762,0.0019447848128244516
2.284999999999859,0.3,3495,75,0.00039828273679756265,0.0008802516026109743,0.0015143531993973929,0.0022774596230254506,0.0018519896768649153,0.0042130605064467745,0.013131524271110823,27.61087267525036,33.76251788268956,0.0014783137050537445,0.0018050055852603115,0.001940714288508616
2.285999999999859,0.3,3495,75,0.00039820587784171013,0.0008807087492586484,0.0015120992294493962,0.0022706651993863267,0.001828801405497675,0.004311113512486895,0.012754400040386542,27.61087267525036,33.76251788268956,0.0014783137050537445,0.0018019313831311554,0.0019367072867098045
2.2869999999998587,0.3,3495,75,0.000398127521732025,0.0008812404135985692,0.0015098554978649258,0.002264084447618669,0.001806127990574199,0.0044622694998560945,0.012231521876504961,27.61087267525036,33.76251788268956,0.0014783137050537445,0.0017986451887524381,0.0019327952132712767
2.2879999999998586,0.3,3495,75,0.00039804636789982615,0.0008818392761612193,0.001505747053979722,0.0022577733770811964,0.0017845889029143667,0.004522539120576106,0.011569666187929014,27.61087267525036,33.76251788268956,0.0014783137050537445,0.0017955455788458956,0.0019290094367185873
2.2889999999998585,0.3,3495,75,0.00039796125508130185,0.0008824982301193558,0.0015014736054999411,0.0022517854741827673,0.0017665729776913928,0.0046156664953910164,0.010777591497850578,27.61087267525036,33.76251788268956,0.0014783137050537445,0.0017926563621581536,0.0019253809930930288
2.2899999999998584,0.3,3495,75,0.0003978712130651877,0.000883210461682373,0.0014983359979085819,0.002246171238873621,0.0017515609724808004,0.004672132159455312,0.00986599619843565,27.61087267525036,33.76251788268956,0.0014783137050537445,0.0017899997047080213,0.001921940267067157
2.2909999999998583,0.3,3495,75,0.00039777548489810225,0.0008839695239071605,0.001495216914431822,0.0022409777608209066,0.001739596308801857,0.004767867624542958,0.009437270051514962,27.61087267525036,33.76251788268956,0.0014783137050537445,0.0017875959102762993,0.00191871667789556
2.291999999999858,0.3,3495,75,0.00039767353064432766,0.0008847694021668351,0.0014924318303393643,0.002236248360112468,0.0017331494811335967,0.004840840531776015,0.009246476498890788,27.61087267525036,33.76251788268956,0.0014783137050537445,0.0017854632345864411,0.0019157383806067685
2.292999999999858,0.3,3495,75,0.0003975650237906813,0.0008856045726798646,0.0014900077954275305,0.0022320222773862973,0.0017344240492446741,0.004929105912021197,0.00896164175807002,27.61087267525036,33.76251788268956,0.0014783137050537445,0.0017836177299147338,0.0019130319819780084
2.293999999999858,0.3,3495,75,0.0003974498426516054,0.0008864700539651416,0.0014879696996491474,0.002228334413265866,0.0017436377431468432,0.004994016569189969,0.00897969250726895,27.61087267525036,33.76251788268956,0.0014783137050537445,0.0017820731222764317,0.0019106222751545943
2.294999999999858,0.3,3495,75,0.00039732811990067203,0.0008873614510689074,0.00148633997745835,0.002225215117456519,0.0017610696889283862,0.005049502046508893,0.009433621329663461,27.61087267525036,33.76251788268956,0.0014783137050537445,0.001780840723081484,0.0019085319968823455
2.2959999999998577,0.3,3495,75,0.00039720028779980786,0.0008882749923444175,0.0014851383283758226,0.0022226900269151995,0.001784076662661227,0.005146672582717843,0.009844746181487606,27.61087267525036,33.76251788268956,0.0014783137050537445,0.0017799293760943807,0.001906781610681918
2.2969999999998576,0.3,3495,75,0.0003970665570399666,0.0008893076398851413,0.0014843814585875574,0.0022207799520443656,0.0018107865116402792,0.005218525063213842,0.010210648731535347,27.61087267525036,33.76251788268956,0.0014783137050537445,0.0017793454395869264,0.0019053891187290617
2.2979999999998575,0.3,3495,75,0.00039692749774887596,0.0008907458434688559,0.0014840828482257458,0.0022195008098432477,0.001840477940316811,0.005217949576936506,0.010529147369841407,27.61087267525036,33.76251788268956,0.0014783137050537445,0.0017790928029065894,0.0019043699047358587
2.2989999999998574,0.3,3495,75,0.0003967838588588205,0.0008922372995526339,0.001484252548766486,0.0022188636020720317,0.001872691843437387,0.005259864578974457,0.010798303859975178,27.61087267525036,33.76251788268956,0.0014783137050537445,0.0017791729356557006,0.0019037366092007346
2.2999999999998573,0.3,3495,75,0.00039663656123977976,0.0008937716917433939,0.0014848970146211866,0.0022188744362381524,0.0019067864457253956,0.00524509105512403,0.011016427254726352,27.61087267525036,33.76251788268956,0.0014783137050537445,0.0017795849669337033,0.001903499037776868
2.300999999999857,0.3,3495,75,0.00039648653961064733,0.0008953392917846391,0.001486018972510372,0.0022195345868184714,0.0019426993693927247,0.0052457970851715035,0.01118206897006636,27.61087267525036,33.76251788268956,0.0014783137050537445,0.001780325791493523,0.0019036641027021517
2.301999999999857,0.3,3495,75,0.00039633464207913197,0.0008969310776218124,0.0014882203342741031,0.002220840593609512,0.0019804814545319907,0.005282491750909444,0.011294014798587212,27.61087267525036,33.76251788268956,0.0014783137050537445,0.0017813901990159503,0.0019042357965268764
2.302999999999857,0.3,3495,75,0.0003961817395639436,0.0008981506386925738,0.0014910535404020827,0.0022227843938790928,0.002019088804967561,0.005197833643026772,0.011351280042753521,27.61087267525036,33.76251788268956,0.0014783137050537445,0.0017827710223807622,0.0019052151967393627
2.303999999999857,0.3,3495,75,0.00039602872890813674,0.0008995495325971422,0.0014944169171767184,0.0022253534848464167,0.002057192738235235,0.005136322446623836,0.011370559078709675,27.61087267525036,33.76251788268956,0.0014783137050537445,0.0017844593005644617,0.0019066004994421348
2.3049999999998567,0.3,3495,75,0.0003958764899228649,0.0009015721712814877,0.001498287719468631,0.0022285311127581875,0.002093881794086927,0.005030557759233531,0.011338171882674544,27.61087267525036,33.76251788268956,0.0014783137050537445,0.0017864444517101793,0.0019083870797125257
2.3059999999998566,0.3,3495,75,0.0003957258722923385,0.0009036156092341238,0.0015026388518913055,0.0022322964850297936,0.002127500753187842,0.0050457670068320346,0.01124825824348476,27.61087267525036,33.76251788268956,0.0014783137050537445,0.00178871445202059,0.0019105675761430518
2.3069999999998565,0.3,3495,75,0.0003955777263839947,0.0009051717361497496,0.0015074391460902085,0.0022366250019438005,0.002156104383497739,0.004945746991488968,0.011100129802135645,27.61087267525036,33.76251788268956,0.0014783137050537445,0.0017912560163462013,0.001913131996818862
2.3079999999998564,0.3,3495,75,0.0003954329590025634,0.0009063694502564844,0.0015126536868313165,0.0022414885046367792,0.002178330147166691,0.00483558489630061,0.010893333231303693,27.61087267525036,33.76251788268956,0.0014783137050537445,0.0017940547766579639,0.0019160678439860135
2.3089999999998563,0.3,3495,75,0.00039529256731099115,0.000907523360856779,0.001518244182451328,0.0022468555363622704,0.002193385470237768,0.004821245844464307,0.011099341317748234,27.61087267525036,33.76251788268956,0.0014783137050537445,0.0017970954550432254,0.0019193602546323518
2.309999999999856,0.3,3495,75,0.0003951578136609904,0.0009088149974740208,0.0015241250314209076,0.0022526916143549864,0.0022008724993261893,0.004872056393584783,0.011463651213975969,27.61087267525036,33.76251788268956,0.0014783137050537445,0.0018003620283140681,0.0019229921543555406
2.310999999999856,0.3,3495,75,0.0003950308264565852,0.0009096355344915405,0.0015265517925151597,0.002258959509861395,0.0022008119671588907,0.0048838713150069915,0.011708943690388975,27.61087267525036,33.76251788268956,0.0014783137050537445,0.0018038378818277887,0.0019269444219176535
2.311999999999856,0.3,3495,75,0.0003949115806509054,0.0009105904187197248,0.0015290071712824396,0.0022656195342355833,0.0021940696267481064,0.004798751910378473,0.011837368038989491,27.61087267525036,33.76251788268956,0.0014783137050537445,0.0018075059506247302,0.0019311960620456148
2.312999999999856,0.3,3495,75,0.00039480131822336234,0.0009112912534214916,0.0015334110737368735,0.0022726298292744594,0.0021811198527857036,0.0047051610238444935,0.01185264171376542,27.61087267525036,33.76251788268956,0.0014783137050537445,0.0018113488464533783,0.0019357243842001992
2.3139999999998557,0.3,3495,75,0.0003947022265177024,0.0009127498271066815,0.0015392792108352325,0.0022799466601369956,0.0021625936397781575,0.0046813311599143955,0.011759916984822302,27.61087267525036,33.76251788268956,0.0014783137050537445,0.0018153489697235814,0.0019405051850860389
2.3149999999998556,0.3,3495,75,0.00039461277672865906,0.0009146015301176089,0.0015452882566606059,0.0022875247094866357,0.002139445457916649,0.004711347422474364,0.011710923082712751,27.61087267525036,33.76251788268956,0.0014783137050537445,0.0018194886057840047,0.0019455129329202236
2.3159999999998555,0.3,3495,75,0.00039453276301483996,0.0009164841876406429,0.0015485859878259496,0.002295317371614148,0.0021131877585917175,0.004678240714336459,0.012467407976258605,27.61087267525036,33.76251788268956,0.0014783137050537445,0.0018237500053377108,0.0019507209515623458
2.3169999999998554,0.3,3495,75,0.0003944613325097229,0.0009183947357010387,0.0015500281184630557,0.0023032770455552547,0.0020856323486264953,0.004549853418452508,0.0131258348444503,27.61087267525036,33.76251788268956,0.0014783137050537445,0.0018281154490740945,0.001956101602875293
2.3179999999998553,0.3,3495,75,0.0003943975241077596,0.0009203295424007,0.0015513901821954848,0.0023113554263430565,0.0020587086000103966,0.004391498093417756,0.013678136006356095,27.61087267525036,33.76251788268956,0.0014783137050537445,0.0018325672969088608,0.001961626465835309
2.318999999999855,0.3,3495,75,0.0003943381781228036,0.000922331479659866,0.0015526843342553046,0.0023195037938003532,0.0020342106237458972,0.004209793728030709,0.01411729474250498,27.61087267525036,33.76251788268956,0.0014783137050537445,0.0018370880225030521,0.0019672665112544507
2.319999999999855,0.3,3495,75,0.00039428128378695554,0.0009243875187759282,0.0015539242268005683,0.0023276732984122,0.0020139103732088747,0.004104189372839692,0.014437438943950871,27.61087267525036,33.76251788268956,0.0014783137050537445,0.00184166023397821,0.001972992271184637
2.320999999999855,0.3,3495,75,0.00039422565517524213,0.0009259240385484357,0.0015551245619799638,0.002335815244077453,0.0019982181462885355,0.004041643705565868,0.014633926399432735,27.61087267525036,33.76251788268956,0.0014783137050537445,0.0018458811594013445,0.0019787740024597156
2.321999999999855,0.3,3495,75,0.0003941702216692429,0.0009275157496910492,0.0015563006259736217,0.002343881364356986,0.001987125892633895,0.004061940257606631,0.014703405766049706,27.61087267525036,33.76251788268956,0.0014783137050537445,0.0018498256604973884,0.001984581847757738
2.3229999999998547,0.3,3495,75,0.0003941139930108261,0.0009288883205798551,0.0015607026164915813,0.0023518241021834433,0.0019800229008635657,0.004145683185183325,0.014643914071132424,27.61087267525036,33.76251788268956,0.0014783137050537445,0.0018538001214021605,0.0019903859767325116
2.3239999999998546,0.3,3495,75,0.0003940560563576553,0.0009298594759376154,0.0015663431297749933,0.0023595968831850796,0.001975718033803382,0.004229784745015728,0.014454909764651106,27.61087267525036,33.76251788268956,0.0014783137050537445,0.0018577955477178938,0.0019961567367410282
2.3249999999998545,0.3,3495,75,0.00039399557973765053,0.0009309317288429794,0.0015718166139003695,0.002367154387756214,0.0019733985217069354,0.004250530196583088,0.014137285733003113,27.61087267525036,33.76251788268956,0.0014783137050537445,0.0018618024177973235,0.0020018647929198607
2.3259999999998544,0.3,3495,75,0.0003939318158924505,0.0009321081846617397,0.0015770893010661796,0.0023744528182559374,0.001972406319198777,0.004270008595113086,0.013693423483255354,27.61087267525036,33.76251788268956,0.0014783137050537445,0.00186581055194885,0.0020074812692776334
2.3269999999998543,0.3,3495,75,0.0003938641051737523,0.0009338628216510353,0.0015821295984632749,0.0023814501657444765,0.0019756134724571513,0.004259161398223866,0.013127191198440245,27.61087267525036,33.76251788268956,0.0014783137050537445,0.0018698089894559576,0.002012977877850375
2.327999999999854,0.3,3495,75,0.000393791873535223,0.0009358660162172961,0.0015869084095526027,0.0023881064715307195,0.0019844264549519373,0.0042397259814171495,0.012443942293957644,27.61087267525036,33.76251788268956,0.0014783137050537445,0.001873785885512749,0.002018327047352386
2.328999999999854,0.3,3495,75,0.000393714625596021,0.0009378384800096519,0.0015913994204427167,0.0023943840841739324,0.0019945027835194195,0.0041469591368814476,0.011650507533908864,27.61087267525036,33.76251788268956,0.0014783137050537445,0.0018777284301093825,0.002023502049304682
2.329999999999854,0.3,3495,75,0.00039363193365808316,0.0009394873329744562,0.0015955793455906453,0.002400247910983764,0.002004677056422777,0.004136985933477401,0.01075518945708208,27.61087267525036,33.76251788268956,0.0014783137050537445,0.001881622792933325,0.002028477122305361
2.330999999999854,0.3,3495,75,0.00039354342166635266,0.0009410488845607272,0.0015994281275315044,0.002405665662394784,0.0020139580656537417,0.0041304640152346,0.00976777702578137,27.61087267525036,33.76251788268956,0.0014783137050537445,0.0018854540977867743,0.00203322759492508
2.3319999999998537,0.3,3495,75,0.0003934487450513576,0.0009425386289277005,0.0016029290861312323,0.0024106080870641986,0.0020210334166648235,0.00410674488747802,0.00869961911590692,27.61087267525036,33.76251788268956,0.0014783137050537445,0.0018892064292896553,0.0020377300074194693
2.3329999999998536,0.3,3495,75,0.0003933475698243044,0.000943944354155569,0.0016060690137475958,0.0024150491952018237,0.002024982577549369,0.004089084013991562,0.007653873678295525,27.61087267525036,33.76251788268956,0.0014783137050537445,0.0018928628739295354,0.0020419622321981024
2.3339999999998535,0.3,3495,75,0.0003932395539501138,0.0009452533687212064,0.0016088382138593712,0.002418966466965391,0.0020260237420710193,0.004132802176997087,0.007843182565167398,27.61087267525036,33.76251788268956,0.0014783137050537445,0.0018964055965764337,0.0020459035926165825
2.3349999999998534,0.3,3495,75,0.0003931243343004137,0.0009464527131180897,0.001611230481968395,0.0024223410424159797,0.002024873307704429,0.004196026647096014,0.008000280670638956,27.61087267525036,33.76251788268956,0.0014783137050537445,0.0018998159525172773,0.002049534979352785
2.3359999999998533,0.3,3495,75,0.00039300152230059034,0.000947529386671044,0.0016132430290198496,0.0024251578892465547,0.0020223755513714354,0.004216473546842623,0.00811269702074152,27.61087267525036,33.76251788268956,0.0014783137050537445,0.001903074634095494,0.002052838963297887
2.336999999999853,0.3,3495,75,0.000392870709572989,0.0009484705828968808,0.00161487634895969,0.0024274059442456935,0.0020181356396712638,0.004254751251218281,0.008179942251766707,27.61087267525036,33.76251788268956,0.0014783137050537445,0.0019061618498750243,0.0020557999036086017
2.337999999999853,0.3,3495,75,0.00039273148316999973,0.0009498788361783477,0.0016161340336008142,0.002429078224494614,0.0020124773330289,0.004305235018782951,0.008202186689308536,27.61087267525036,33.76251788268956,0.0014783137050537445,0.0019090575332063842,0.0020584040493218936
2.338999999999853,0.3,3495,75,0.00039258344855406944,0.0009507234713151668,0.001617022539261475,0.0024301719044525338,0.0020099041898643424,0.004382429285279144,0.00818026244687421,27.61087267525036,33.76251788268956,0.0014783137050537445,0.0019117415760796965,0.0020606396327487175
2.339999999999853,0.3,3495,75,0.00039242625729267087,0.0009516765425502258,0.0016175509109848736,0.0024306883553643333,0.0020119616515989775,0.004476256458302535,0.008117534648031239,27.61087267525036,33.76251788268956,0.0014783137050537445,0.0019141940832361872,0.002062496952724757
2.3409999999998528,0.3,3495,75,0.00039225963622674495,0.0009526970380000085,0.0016177304712128783,0.002430633143929053,0.00201339624634032,0.004614694150505482,0.008022977806492661,27.61087267525036,33.76251788268956,0.0014783137050537445,0.0019163956407321169,0.0020639684457073315
2.3419999999998526,0.3,3495,75,0.00039208341521276667,0.000954138194529237,0.0016175744807257028,0.0024300159877575474,0.0020130418135697503,0.004744944679420914,0.007891346117704487,27.61087267525036,33.76251788268956,0.0014783137050537445,0.0019183275926075794,0.002065048742689868
2.3429999999998525,0.3,3495,75,0.00039189755109714436,0.0009553108209444746,0.001617097780261854,0.0024288506658690853,0.002011362848042487,0.004816866724950471,0.007725521744384488,27.61087267525036,33.76251788268956,0.0014783137050537445,0.0019199723188641086,0.0020657347099515277
2.3439999999998524,0.3,3495,75,0.00039170214645536857,0.0009563289175532843,0.0016163164216712648,0.002427154883223522,0.0020089400521578894,0.004931531573386022,0.007556026176579173,27.61087267525036,33.76251788268956,0.0014783137050537445,0.0019213135078220245,0.0020660254716702298
2.3449999999998523,0.3,3495,75,0.00039149746234471653,0.0009561923874447723,0.0016152472975415509,0.002424950089172024,0.0020063229627688734,0.0050211541278976715,0.007419250325166551,27.61087267525036,33.76251788268956,0.0014783137050537445,0.0019223364159756749,0.0020659224126333697
2.345999999999852,0.3,3495,75,0.0003912839248300848,0.0009554012094564994,0.001613907778058695,0.0024222612505520203,0.002002802619888491,0.0051528753033769255,0.008288156880195251,27.61087267525036,33.76251788268956,0.0014783137050537445,0.001923028108714657,0.0020654291594439655
2.346999999999852,0.3,3495,75,0.0003910621255283566,0.0009544246459525637,0.0016123153634686014,0.0024191165809897457,0.00199868706617708,0.005279176264949274,0.009057561400177043,27.61087267525036,33.76251788268956,0.0014783137050537445,0.0019233776758207485,0.002064551538833115
2.347999999999852,0.3,3495,75,0.00039083281671103466,0.0009541211581577291,0.0016126076663438619,0.002415547228917938,0.001993105491913525,0.0053370668460270155,0.009719238714084776,27.61087267525036,33.76251788268956,0.0014783137050537445,0.001923376416326849,0.0020632975121372965
2.348999999999852,0.3,3495,75,0.00039059690171689484,0.0009532546636924933,0.0016126682607203672,0.0024115869275380753,0.0019872758369334485,0.0054000035192960085,0.010267071484694554,27.61087267525036,33.76251788268956,0.0014783137050537445,0.0019225796524577512,0.002061677085276159
2.3499999999998518,0.3,3495,75,0.00039035542164200007,0.0009515728693832033,0.0016124244634543844,0.002407271610822504,0.0019835283535906607,0.005403122669657331,0.010696901670093366,27.61087267525036,33.76251788268956,0.0014783137050537445,0.0019214222615092725,0.0020597021941561877
2.3509999999998517,0.3,3495,75,0.00039010953937673585,0.0009496895174795779,0.0016118692210466687,0.002402639000355941,0.001983609501744357,0.00543042426845441,0.011006472328214181,27.61087267525036,33.76251788268956,0.0014783137050537445,0.001919929852499025,0.0020573865659656576
2.3519999999998515,0.3,3495,75,0.0003898605221275429,0.0009476139814625329,0.0016109976349349489,0.0023977281684437334,0.0019869427968245614,0.005476638594994727,0.011195402567456476,27.61087267525036,33.76251788268956,0.0014783137050537445,0.0019181080355853985,0.0020547455574195794
2.3529999999998514,0.3,3495,75,0.00038960972359739567,0.0009453979761763345,0.0016098070368828338,0.002392579083549259,0.0019934955764732997,0.005479702445236424,0.011265170931893713,27.61087267525036,33.76251788268956,0.0014783137050537445,0.0019159642808584964,0.0020517959717700762
2.3539999999998513,0.3,3495,75,0.0003893585669362573,0.000943147683738547,0.0016082970385283353,0.0023872321445078805,0.00200177833753131,0.005475552773828412,0.011219096979442613,27.61087267525036,33.76251788268956,0.0014783137050537445,0.0019135078272629325,0.002048555856994483
2.354999999999851,0.3,3495,75,0.0003891085294698129,0.000941281856873303,0.0016064695548296158,0.002381727710387405,0.0020102306476412137,0.00545152889404542,0.01106231832739826,27.61087267525036,33.76251788268956,0.0014783137050537445,0.001910749566655354,0.0020450442883443998
2.355999999999851,0.3,3495,75,0.0003888611300621392,0.000938825706664987,0.0016043288014023175,0.002376105633048121,0.0020185142598688425,0.005444517760319183,0.010801765251557169,27.61087267525036,33.76251788268956,0.0014783137050537445,0.001907701906306072,0.002041281139032236
2.356999999999851,0.3,3495,75,0.0003886179197624419,0.000936625430600609,0.0016018812659808327,0.002370404799549144,0.0020256505112402584,0.005405377162527968,0.01044613887846682,27.61087267525036,33.76251788268956,0.0014783137050537445,0.0019043786136928049,0.0020372868434073155
2.357999999999851,0.3,3495,75,0.0003883804830675239,0.0009342762548058693,0.0015991356668349453,0.002364662695410243,0.0020306643129156727,0.005411863282107922,0.010005886300725847,27.61087267525036,33.76251788268956,0.0014783137050537445,0.0019007946483658796,0.0020330821547496214
2.3589999999998508,0.3,3495,75,0.00038815043103477935,0.0009317852512872181,0.0015961028557651333,0.0023589149876041466,0.002033683163491009,0.005372833022219957,0.00949326748183469,27.61087267525036,33.76251788268956,0.0014783137050537445,0.0018969659898947081,0.002028687920148542
2.3599999999998507,0.3,3495,75,0.00038792940499004776,0.0009291599430590921,0.0015927957230625301,0.0023531951292341145,0.002035491722862059,0.005310960325520087,0.009314696679736575,27.61087267525036,33.76251788268956,0.0014783137050537445,0.0018929094412527242,0.002024124833667429
2.3609999999998506,0.3,3495,75,0.00038771908756043353,0.0009264082516973937,0.0015892290652834787,0.002347534018692414,0.002037875829890637,0.005215744767161636,0.009261178036220605,27.61087267525036,33.76251788268956,0.0014783137050537445,0.0018886424645100112,0.0020194132387345576
2.3619999999998504,0.3,3495,75,0.00038752123191196586,0.0009235384739439984,0.0015854194560350466,0.0023419596843334343,0.002041319253340237,0.00515523627651907,0.009157203580928312,27.61087267525036,33.76251788268956,0.0014783137050537445,0.0018841829846504843,0.0020145729090685904
2.3629999999998503,0.3,3495,75,0.0003873377570424855,0.000920559249507796,0.0015813850872447345,0.0023364970332478857,0.002047925765767839,0.005078149305943789,0.009003215431973806,27.61087267525036,33.76251788268956,0.0014783137050537445,0.0018795492415612904,0.002009622891421259
2.36399999999985,0.3,3495,75,0.0003871725020405582,0.0009174795316645915,0.0015771455674422413,0.0023311676299681045,0.0020563590623323123,0.005005794441470919,0.008800243358782342,27.61087267525036,33.76251788268956,0.0014783137050537445,0.0018747596161261177,0.0020045813442024496
2.36499999999985,0.3,3495,75,0.000387026238382794,0.0009143085735016193,0.0015727217374308334,0.0023259895368720872,0.0020655841649324025,0.004932043653767613,0.008661926864504585,27.61087267525036,33.76251788268956,0.0014783137050537445,0.0018698324782541794,0.0019994654141157753
2.36599999999985,0.3,3495,75,0.00038690151716525814,0.000911055919895605,0.001568135494670076,0.0023209772306594374,0.0020755197705040426,0.004783538232546091,0.0085701805564203,27.61087267525036,33.76251788268956,0.0014783137050537445,0.001864786088621789,0.001994291165708262
2.36699999999985,0.3,3495,75,0.0003867984886331314,0.0009077313901152321,0.0015634095651141414,0.0023161415467268603,0.002086532145280263,0.004734282505525352,0.008428768089935068,27.61087267525036,33.76251788268956,0.0014783137050537445,0.0018596384608697085,0.001989073511794004
2.36799999999985,0.3,3495,75,0.00038671864184605155,0.0009043450720410826,0.001558567313319798,0.0023114897053837205,0.0020991456929330314,0.004770018468665678,0.00829328363540934,27.61087267525036,33.76251788268956,0.0014783137050537445,0.0018544072911026014,0.0019838262076810054
2.3689999999998497,0.3,3495,75,0.0003866645867394176,0.0009009073204604718,0.0015536325573311872,0.0023070253922360838,0.002112373980720225,0.004770779738039914,0.008436895221721674,27.61087267525036,33.76251788268956,0.0014783137050537445,0.0018491098930492507,0.0019785618706968933
2.3699999999998496,0.3,3495,75,0.0003866360819465193,0.0008974287415897813,0.001548629356742813,0.0023027488894854955,0.0021249121865713353,0.004824829476408838,0.008520376460062332,27.61087267525036,33.76251788268956,0.0014783137050537445,0.0018437631475689126,0.0019732920297776957
2.3709999999998495,0.3,3495,75,0.00038663276867446407,0.0008939201834878306,0.0015443918947644502,0.002298657265743111,0.002135625139517427,0.00492906049333495,0.008544164622317024,27.61087267525036,33.76251788268956,0.0014783137050537445,0.0018383834773409529,0.001968027208736345
2.3719999999998493,0.3,3495,75,0.00038665511549875614,0.0008903927258188043,0.001540865800167605,0.002294744617829219,0.0021431752531947392,0.005015042797352667,0.008509798724639039,27.61087267525036,33.76251788268956,0.0014783137050537445,0.0018329868416895733,0.0019627770375123532
2.3729999999998492,0.3,3495,75,0.0003867034241953662,0.0008868576689105382,0.0015373919681880828,0.0022910023597969395,0.002146782858199404,0.005067914935586908,0.008419557140183349,27.61087267525036,33.76251788268956,0.0014783137050537445,0.0018275887500180785,0.001957550387192697
2.373999999999849,0.3,3495,75,0.0003867782397925613,0.0008833265222224266,0.0015339888173317613,0.0022874195541470283,0.00214612687950389,0.005114043520699904,0.008276575745050368,27.61087267525036,33.76251788268956,0.0014783137050537445,0.0018222042921847632,0.0019523555242066948
2.374999999999849,0.3,3495,75,0.00038687887013545106,0.0008797406661897537,0.0015306732854655795,0.002283983280055756,0.002140929509344374,0.005160693696498022,0.008084666733665355,27.61087267525036,33.76251788268956,0.0014783137050537445,0.001816848184093422,0.0019472002789768794
2.375999999999849,0.3,3495,75,0.00038700543726542076,0.0008759916328261814,0.0015274607953745046,0.002280679031933216,0.002131634238455975,0.005175894795369474,0.00784810920893178,27.61087267525036,33.76251788268956,0.0014783137050537445,0.0018115348259300306,0.0019420922236470517
2.376999999999849,0.3,3495,75,0.00038715815970106766,0.0008723035575800323,0.0015243651940732511,0.0022774911417084032,0.0021194978403488145,0.005163138488086381,0.007571645320172876,27.61087267525036,33.76251788268956,0.0014783137050537445,0.001806278370480682,0.0019370388536650296
2.3779999999998487,0.3,3495,75,0.0003873373383664573,0.0008686952710078176,0.0015213986773680442,0.0022744032177326678,0.0021085175943435447,0.005109440036909127,0.007260259251583554,27.61087267525036,33.76251788268956,0.0014783137050537445,0.0018010927986543792,0.0019320477679691805
2.3789999999998486,0.3,3495,75,0.0003875431523467954,0.0008651852163242727,0.0015171250314922199,0.0022713985924496544,0.0020989685735654153,0.00503534460975031,0.006919040499233207,27.61087267525036,33.76251788268956,0.0014783137050537445,0.0017959919989000129,0.0019271268425065102
2.3799999999998485,0.3,3495,75,0.0003877756943057185,0.0008618767073924247,0.001512620537285891,0.002268460771158331,0.0020906538452274154,0.004983182107313193,0.0065531024877067525,27.61087267525036,33.76251788268956,0.0014783137050537445,0.0017909898471604947,0.001922284392239959
2.3809999999998483,0.3,3495,75,0.0003880351028214534,0.0008587419062299245,0.001508182822349655,0.002265573873874198,0.0020854845029079036,0.004933866361168072,0.006167395309752489,27.61087267525036,33.76251788268956,0.0014783137050537445,0.0017861002838010748,0.001917529317058353
2.3819999999998482,0.3,3495,75,0.0003883214856585334,0.0008556861896363254,0.0015038260175485403,0.0022627230621961726,0.002081429972845509,0.004865265425414901,0.00598765316730975,27.61087267525036,33.76251788268956,0.0014783137050537445,0.0017813373838195885,0.00191287122737549
2.382999999999848,0.3,3495,75,0.0003886349014431189,0.000852721356247445,0.0014995644049762519,0.0022598949435848055,0.0020776688608386746,0.004819969262723899,0.005919792401039572,27.61087267525036,33.76251788268956,0.0014783137050537445,0.0017767154167300616,0.0019083205459153874
2.383999999999848,0.3,3495,75,0.00038897535589344824,0.0008498595312242284,0.0014952952542672696,0.002257077945579463,0.002074783515574272,0.00474219484796779,0.005838726502875627,27.61087267525036,33.76251788268956,0.0014783137050537445,0.001772248892574778,0.0019038885826354601
2.384999999999848,0.3,3495,75,0.0003893428073160096,0.0008471330382651244,0.001491145244550373,0.002254262653157229,0.002072552142103585,0.004644293458639266,0.005831823784981006,27.61087267525036,33.76251788268956,0.0014783137050537445,0.0017679525907856027,0.0018995875805316587
2.385999999999848,0.3,3495,75,0.0003897371854793057,0.0008447630385552059,0.001487129080933831,0.002251442103181393,0.00207058608461143,0.0044923414064819,0.006187835568918885,27.61087267525036,33.76251788268956,0.0014783137050537445,0.0017638415689852117,0.0018954307307552654
2.3869999999998477,0.3,3495,75,0.0003901584046087162,0.0008426076898081286,0.0014832612613302288,0.002248612030698675,0.0020682999122551976,0.004350097888503204,0.006523061598467087,27.61087267525036,33.76251788268956,0.0014783137050537445,0.0017599311493121566,0.00189143215624199
2.3879999999998476,0.3,3495,75,0.0003906062878480912,0.0008406760428869696,0.0014795560903715344,0.002245771062880827,0.0020654929551021527,0.004242346970512778,0.006811879378415373,27.61087267525036,33.76251788268956,0.0014783137050537445,0.0017562368804375384,0.0018876068638213894
2.3889999999998475,0.3,3495,75,0.00039108055224701334,0.0008389757092046265,0.0014760276286933816,0.002242920857432238,0.002061576110196049,0.004092216657053563,0.007050224072309662,27.61087267525036,33.76251788268956,0.0014783137050537445,0.0017527744742781804,0.0018839706654460997
2.3899999999998474,0.3,3495,75,0.00039158102625042534,0.00083731073641957,0.001472689655314956,0.0022400661833826057,0.002055822907310128,0.003978297979956504,0.0072351942573412285,27.61087267525036,33.76251788268956,0.0014783137050537445,0.0017495597170983327,0.0018805400699051233
2.3909999999998472,0.3,3495,75,0.00039210765783906354,0.0008357186584959395,0.0014695556428688486,0.0022372149433183696,0.0020482377848743158,0.003866055459192827,0.007364940483937048,27.61087267525036,33.76251788268956,0.0014783137050537445,0.0017466083556767237,0.0018773321469893745
2.391999999999847,0.3,3495,75,0.00039265958834466325,0.000834346418405902,0.0014666387446579778,0.0022343781371317708,0.0020392915527281696,0.0038258601880643704,0.007438585231376331,27.61087267525036,33.76251788268956,0.0014783137050537445,0.001743935960079408,0.0018743643665644072
2.392999999999847,0.3,3495,75,0.00039323591349933854,0.0008332030434924202,0.0014639517916649632,0.002231569768458329,0.0020294622061834203,0.0038345798414343222,0.00745616064486363,27.61087267525036,33.76251788268956,0.0014783137050537445,0.0017415577654695965,0.0018716544155417125
2.393999999999847,0.3,3495,75,0.00039383593446530856,0.0008322966167561878,0.0014627570220119997,0.002228806697227978,0.0020193433127322553,0.0038937047169387475,0.007418531642608731,27.61087267525036,33.76251788268956,0.0014783137050537445,0.0017394884978208461,0.0018692199964753797
2.394999999999847,0.3,3495,75,0.00039445801959143664,0.0008316341514980021,0.0014621342764589553,0.0022261084416343945,0.0020110663300614224,0.0039715527960139125,0.007327391404066434,27.61087267525036,33.76251788268956,0.0014783137050537445,0.0017377421830524844,0.0018670786123031746
2.3959999999998467,0.3,3495,75,0.00039510031031329097,0.0008311088767162282,0.001461811805858439,0.0022234969221931614,0.002007195120386242,0.004053315263715502,0.007185225702472374,27.61087267525036,33.76251788268956,0.0014783137050537445,0.0017363319459889597,0.0018652473352922527
2.3969999999998466,0.3,3495,75,0.00039576140920129926,0.0008310535387432563,0.0014617889156392486,0.0022209961667914117,0.0020087885654974137,0.004146700386948815,0.006995158338930001,27.61087267525036,33.76251788268956,0.0014783137050537445,0.0017352698099076574,0.0018637425707979105
2.3979999999998465,0.3,3495,75,0.00039643947930765694,0.00083146131529375,0.0014620636549424481,0.0022186319878807217,0.002015036379638316,0.004205794295666582,0.0067609055347405715,27.61087267525036,33.76251788268956,0.0014783137050537445,0.0017345664967278445,0.0018625798237295044
2.3989999999998464,0.3,3495,75,0.00039713271821342853,0.000832102643043756,0.0014626328254668509,0.0022164316196327523,0.0020241346527327497,0.00421406934563293,0.006486739089146111,27.61087267525036,33.76251788268956,0.0014783137050537445,0.0017342312332035027,0.0018617734618437964
2.3999999999998463,0.3,3495,75,0.0003978384680245876,0.0008329730729298653,0.0014630860108737912,0.002214423328803507,0.0020356251016479783,0.004235910492899994,0.006177373562467827,27.61087267525036,33.76251788268956,0.0014783137050537445,0.0017342715686346822,0.0018613364863817594
2.400999999999846,0.3,3495,75,0.00039855466952833416,0.0008344225564231853,0.0014622210191026239,0.002212636009856792,0.0020492441922521955,0.004287220766965121,0.005957997433445442,27.61087267525036,33.76251788268956,0.0014783137050537445,0.0017346932108004932,0.0018612803143582823
2.401999999999846,0.3,3495,75,0.00039927932458399596,0.0008361304543999245,0.0014616293845800315,0.0022110987695437186,0.0020629277351469845,0.0043082946516069245,0.006133593650742473,27.61087267525036,33.76251788268956,0.0014783137050537445,0.0017354998838051607,0.0018616145763346026
