time_s,Et,n_mp,removed_total,mean_displacement_m,p95_displacement_m,p99_displacement_m,max_displacement_m,mean_speed_mps,p95_speed_mps,max_speed_mps,plastic_fraction_gt_1e4_percent,new_plastic_fraction_gt_1e5_percent,max_delta_plastic_strain,q999_downslope_displacement_m,max_downslope_displacement_m
1.0010000000000001,0.1,3558,12,5.737402654205469e-09,3.1498342720509876e-09,1.1795499742157513e-08,6.319387478170685e-06,1.1474805314185534e-05,6.299668786624851e-06,0.012638774958801325,19.645868465430016,0.0,4.674978841830266e-09,1.2291921872815982e-06,4.5360854912246396e-06
1.002,0.1,3558,12,2.4126360545645227e-08,1.2864926944281927e-08,4.918205875385396e-08,2.048726137234509e-05,3.132800088876283e-05,1.8574601176003197e-05,0.035185251412356115,19.645868465430016,0.0,1.2775290233622751e-08,4.53901877516597e-06,1.4664396125851908e-05
1.003,0.1,3558,12,5.577833929625848e-08,3.131874544500319e-08,1.1985415530302706e-07,4.1490829568757164e-05,5.160039491038058e-05,2.9072670854448756e-05,0.054044333154658654,19.645868465430016,0.0,2.4521578058139988e-08,9.764363253222542e-06,2.9546203244024127e-05
1.0039999999999998,0.1,3558,12,1.0260142568120244e-07,5.827996480510851e-08,2.2208100813879878e-07,6.855775342617579e-05,7.188474425398578e-05,3.770407537536607e-05,0.07013930282024917,19.645868465430016,0.0,3.824540353095367e-08,1.6935788559469997e-05,4.8519290839266205e-05
1.0049999999999997,0.1,3558,12,1.6544547221145262e-07,9.385321189604099e-08,3.498031917566409e-07,0.00010102886804012748,9.180965507272976e-05,4.486558231967158e-05,0.08161819416171683,19.645868465430016,0.0,5.222302024032884e-08,2.5830367357179156e-05,7.10087192423714e-05
1.0059999999999996,0.1,3558,12,2.4255610815179226e-07,1.447389069569232e-07,5.226702081244549e-07,0.00013622527504274915,0.0001121212797725749,5.183651375169222e-05,0.08853387380563524,19.645868465430016,0.0,6.488461178775693e-08,3.635228700854746e-05,9.499351870800865e-05
1.0069999999999995,0.1,3558,12,3.35387603301458e-07,2.0163294213394115e-07,1.0754878892465644e-06,0.0001730281217679227,0.00013164440054438294,6.191898473272794e-05,0.09160314653662502,19.645868465430016,0.0,9.047204377245904e-08,4.955954710132512e-05,0.00011963354447885877
1.0079999999999993,0.1,3558,12,4.434184970120606e-07,2.791020808139798e-07,2.097894521297513e-06,0.00021009677799975574,0.0001510126620082189,7.243513439899235e-05,0.09059050793342453,19.645868465430016,0.0,1.2110184248410654e-07,6.436349420472449e-05,0.00014397670869925605
1.0089999999999992,0.1,3558,12,5.652828163515553e-07,3.638837994977457e-07,3.7429350984003982e-06,0.0002456501606641923,0.00016899209526950837,8.7741860204179e-05,0.08637455180053981,19.645868465430016,0.0,1.546165012770973e-07,8.019592003922088e-05,0.00016680216408104798
1.0099999999999991,0.1,3558,12,7.010682550801485e-07,4.598047690801293e-07,5.761323829433227e-06,0.000278912821989119,0.00018507658384439603,9.948160720044604e-05,0.07976139114345328,19.645868465430016,0.0,1.8970209507581087e-07,9.681117879067473e-05,0.0001876772002411542
1.010999999999999,0.1,3558,12,8.491597301195501e-07,5.638736475081346e-07,7.889357717397953e-06,0.0003089590739614516,0.00019969843874392747,0.00010426978991541487,0.07120666425903478,19.645868465430016,0.0,2.2577117581511989e-07,0.00011371269675511989,0.00020610541714560782
1.011999999999999,0.1,3558,12,1.007937214833743e-06,6.768460550902122e-07,1.1509764039682065e-05,0.00033502513864969256,0.00021193937710033354,0.0001045350016464689,0.07007844504194877,19.645868465430016,0.0,2.6426316125324235e-07,0.00013037847037508904,0.00022173914177869847
1.0129999999999988,0.1,3558,12,1.1762356535677e-06,7.968495693296726e-07,1.5464082334211087e-05,0.0003569442573504377,0.00022206954213918644,0.00011153413438456411,0.06674145799127752,19.645868465430016,0.0,3.002323608550109e-07,0.00014647493508470068,0.00023468352165778583
1.0139999999999987,0.1,3558,12,1.3518984179660756e-06,9.322878246184688e-07,2.126028020262866e-05,0.00037448826459968263,0.00023006208298423066,0.00011406476453345666,0.06135512950929638,19.645868465430016,0.0,3.323696948548307e-07,0.0001615692105367393,0.000244995294046646
1.0149999999999986,0.1,3558,12,1.5331722498913286e-06,1.0537405704083706e-06,2.831359095405883e-05,0.00038769054559169194,0.0002356096222725589,0.00011571793532032445,0.05426019038881303,19.645868465430016,0.0,3.599810609169812e-07,0.00017563374305952276,0.0002528971686217574
1.0159999999999985,0.1,3558,12,1.718501511012895e-06,1.172760038989166e-06,3.635184083390947e-05,0.0003968634167006798,0.00023890616672822524,0.00011670993113286295,0.04588417247219679,19.645868465430016,0.0,3.8223792458145535e-07,0.0001887828470509489,0.00025877453331801803
1.0169999999999983,0.1,3558,12,1.9059809432297525e-06,1.2800726862660019e-06,3.809941440332052e-05,0.00040227572434888253,0.00023990422410604946,0.0001149632719313795,0.03669649199834597,19.645868465430016,0.0,5.091223581431129e-07,0.0001999689658467224,0.0002667262657460867
1.0179999999999982,0.1,3558,12,2.0940022290069572e-06,1.4024844131581296e-06,4.220738996710094e-05,0.0004043655481755452,0.0002387782922715845,0.00010977537900548666,0.02716342410520237,19.645868465430016,0.0,7.762775959095777e-07,0.0002103358414643542,0.0002778403766825477
1.0189999999999981,0.1,3558,12,2.281303258935531e-06,1.5008657899431794e-06,5.1928736238292054e-05,0.0004036353434868137,0.00023682468922175333,0.00010951673799844226,0.0247426418578918,19.645868465430016,0.0,1.1524462387863384e-06,0.0002194319016563051,0.00028641281102537164
1.019999999999998,0.1,3558,12,2.466556732432007e-06,1.615764703123397e-06,6.132492580008668e-05,0.00040052406941489563,0.00023590200168855895,0.0001087632144028655,0.023133866669348413,19.645868465430016,0.0,1.6641947615397845e-06,0.00022647391126064605,0.00029252094519449656
1.020999999999998,0.1,3558,12,2.648639892423439e-06,1.7296037868960532e-06,6.764927181995011e-05,0.0003955194922871839,0.00023381722975331288,0.00011449700015224608,0.020648518003324325,19.645868465430016,0.0,2.3430844466381192e-06,0.0002326684941610235,0.0002963140757863414
1.0219999999999978,0.1,3558,12,2.826464997524172e-06,1.8086870271093812e-06,7.443957593973385e-05,0.0003890539510580313,0.00023543003612129952,0.0001194423888725258,0.017859323390095987,19.645868465430016,0.0,3.2178956151955655e-06,0.0002370896245994253,0.0002979536514580161
1.0229999999999977,0.1,3558,12,2.9992116432164495e-06,1.9095930964050967e-06,8.162443159524605e-05,0.00038147409318871936,0.00023822420105733513,0.00014480381476207702,0.021746726598332915,19.645868465430016,0.0,4.318492319716659e-06,0.00023942650683774272,0.0002975870332733166
1.0239999999999976,0.1,3558,12,3.1664350922155327e-06,2.0109204171738865e-06,8.775317151995003e-05,0.00037309495923149965,0.00024443308826708836,0.00019041825653927304,0.024813438335903337,19.645868465430016,0.0,5.666478821745054e-06,0.00023975722278174875,0.0002953570512573833
1.0249999999999975,0.1,3558,12,3.327750296460955e-06,2.1446358601877455e-06,9.31978198865195e-05,0.0003641373868379371,0.000254975459210252,0.0002820917726355168,0.027083096361636545,19.645868465430016,0.0,7.278265571591215e-06,0.0002381720199363153,0.00029137423137015617
1.0259999999999974,0.1,3558,12,3.4827578017395445e-06,2.31836645991378e-06,9.714257899896672e-05,0.00035474772869375197,0.00026698549881552726,0.00034809088847147256,0.028590729685545834,19.645868465430016,0.056211354693648116,1.1206352427491528e-05,0.00023478001861846994,0.0002857278977934641
1.0269999999999972,0.1,3558,12,3.6309161881658695e-06,2.4328763244148307e-06,9.980146065531212e-05,0.0003450313246684865,0.00028046887936733977,0.000450464727286658,0.030713659523746793,19.645868465430016,0.11242270938729623,1.567063710674335e-05,0.0002297141925721255,0.00027850674642593276
1.0279999999999971,0.1,3558,12,3.7719402173305753e-06,2.6925618658712576e-06,0.00010415375343019505,0.00033503641224856133,0.00029523500667608165,0.0005304066946006691,0.0331329112766337,19.645868465430016,0.11242270938729623,1.992869454943871e-05,0.00022312223272857474,0.0002698024836007562
1.028999999999997,0.1,3558,12,3.905828999058838e-06,3.4718097822079687e-06,0.00010572948924062576,0.00032479257173375996,0.00030950268740441276,0.0006811075237403763,0.03494642187718601,19.645868465430016,0.11242270938729623,2.386437541729963e-05,0.00021517309603652678,0.00025973365656284386
1.029999999999997,0.1,3558,12,4.032473738011553e-06,4.423861030031698e-06,0.00010659331903217869,0.00031433435864636477,0.000321134190538905,0.0008527767050240365,0.03617685205563313,19.702079820123668,0.11242270938729623,2.7368749652491768e-05,0.00020605734652338404,0.0002484602516652501
1.0309999999999968,0.1,3558,12,4.15177943821074e-06,5.261944518036254e-06,0.00011006247615311793,0.00030370380559237466,0.00032976283241538146,0.0009868911509735476,0.03681601631600446,19.702079820123668,0.11242270938729623,3.0347865125685407e-05,0.00019598101626117906,0.0002361862094346634
1.0319999999999967,0.1,3558,12,4.263748915859273e-06,6.9527512841761046e-06,0.0001107676936416726,0.00029297739343374883,0.0003360249201812061,0.000997818367775505,0.036833832696971276,19.702079820123668,0.11242270938729623,3.272559519825452e-05,0.00018516657182790313,0.0002262213573835936
1.0329999999999966,0.1,3558,12,4.368489639644606e-06,8.378281899902544e-06,0.00011106089824865774,0.0002822697348963984,0.0003403041441828341,0.0012643679692308217,0.03619257832734608,19.702079820123668,0.11242270938729623,3.444670164246459e-05,0.00017384710164247618,0.0002172372216300289
1.0339999999999965,0.1,3558,12,4.4661727897671535e-06,1.038344727240153e-05,0.000109628575185718,0.00027172877491803664,0.0003430382388132253,0.001443917730954539,0.03486325959647048,19.702079820123668,0.11242270938729623,3.5478515712769494e-05,0.00016376632664005862,0.00020768818888328155
1.0349999999999964,0.1,3558,12,4.5569975062398855e-06,1.177657615807989e-05,0.00010579362621483698,0.0002615378971287431,0.0003445984799270954,0.0015142966020224877,0.03284038366385207,19.702079820123668,0.11242270938729623,3.5812033495881824e-05,0.0001532118339680094,0.0001978080488314049
1.0359999999999963,0.1,3558,12,4.64119476267619e-06,1.2854070240649422e-05,0.00010543604274380948,0.0002518995524593719,0.0003453592566068111,0.001575045772201496,0.030151993519565642,19.702079820123668,0.19673974142776843,3.7261893139611674e-05,0.0001423817055348146,0.00018786231774470252
1.0369999999999961,0.1,3558,12,4.719002099886922e-06,1.4784603495162587e-05,0.00010096086814722994,0.0002430188005685984,0.0003465691521013497,0.0017741512513641683,0.026863427147814492,19.702079820123668,0.19673974142776843,3.971973089123701e-05,0.00013154920715078487,0.0001781334911719057
1.037999999999996,0.1,3558,12,4.790598207941186e-06,1.705453597063203e-05,9.979664650615081e-05,0.0002350896739376752,0.00034729795980159166,0.0019321302119778626,0.02307463189061973,19.702079820123668,0.19673974142776843,4.180776125646852e-05,0.00012097723103383509,0.00016890804871749765
1.038999999999996,0.1,3558,12,4.8559160913085195e-06,1.9961582185334027e-05,9.48968712340349e-05,0.00022827537972933774,0.00034670782119729254,0.0020234176231521605,0.020303050747347708,19.702079820123668,0.2810567734682406,4.345687243462515e-05,0.00011053282337776064,0.00016045794174246453
1.0399999999999958,0.1,3558,12,4.915131644538575e-06,2.124593339678616e-05,9.142690704730748e-05,0.00022269636791694646,0.0003455507284545449,0.0020547884116953355,0.020679757290868964,19.702079820123668,0.2810567734682406,4.4609454870622755e-05,0.00010062139427600773,0.0001530257638151511
1.0409999999999957,0.1,3558,12,4.968268934290972e-06,2.4510943675994786e-05,8.831803615936479e-05,0.00021842415867506858,0.0003458511861388435,0.0021879786550900128,0.021917107334725402,19.702079820123668,0.2810567734682406,4.522120806267944e-05,9.448229051004055e-05,0.00014681183326814562
1.0419999999999956,0.1,3558,12,5.015504411005935e-06,2.7808005775359312e-05,8.392229717210081e-05,0.0002154783586757075,0.00034845219882807615,0.002305595571872858,0.022331953957387216,19.702079820123668,0.2810567734682406,4.5262998758662404e-05,9.042686358846241e-05,0.00014196172875813318
1.0429999999999955,0.1,3558,12,5.057007988871022e-06,2.9909648395462258e-05,8.116222025155493e-05,0.0002138322373865429,0.00035356007411863115,0.002340821479260525,0.02194493959355322,19.702079820123668,0.2810567734682406,4.5262998758662404e-05,8.727650370163495e-05,0.00013855966532005937
1.0439999999999954,0.1,3558,12,5.093055444012368e-06,3.162048893980664e-05,7.69039425311526e-05,0.00021342136026676227,0.00036134152062498415,0.0024376943334993234,0.020842422796897478,19.702079820123668,0.5059021922428331,4.5262998758662404e-05,8.615010345051793e-05,0.00013662561639549153
1.0449999999999953,0.1,3558,12,5.1241659821399456e-06,3.2377630723335226e-05,7.527164556501353e-05,0.0002141519464250978,0.00037073075495120165,0.0024698652017236078,0.019317158134192623,19.702079820123668,0.5902192242833052,4.5262998758662404e-05,8.524670710286911e-05,0.0001361159167920789
1.0459999999999952,0.1,3558,12,5.151172166176331e-06,3.222324137140348e-05,7.247245040996953e-05,0.0002159093929037373,0.0003811137924820562,0.0024798134163140652,0.020986110726645326,19.702079820123668,0.5902192242833052,4.5262998758662404e-05,8.47061271703329e-05,0.00013692920388663765
1.046999999999995,0.1,3558,12,5.175308197396738e-06,3.2952870610521296e-05,7.102245369965959e-05,0.00021856451360645763,0.00039278217582433767,0.0025201404569381554,0.021713380497214295,19.702079820123668,0.7026419336706015,4.5262998758662404e-05,8.396711653188957e-05,0.00013891564291057534
1.047999999999995,0.1,3558,12,5.198324861274426e-06,3.220473059027687e-05,7.025199218586213e-05,0.00022197812642303785,0.000404991580518488,0.0025956091898195442,0.021545225172809882,19.702079820123668,0.7026419336706015,4.5262998758662404e-05,8.483042887058794e-05,0.00014188887802291106
1.0489999999999948,0.1,3558,12,5.222520773585958e-06,3.205596070405177e-05,6.810599992517677e-05,0.00022600549967052982,0.0004164008430838978,0.002633300510745559,0.020570605558661057,19.702079820123668,0.7026419336706015,4.5262998758662404e-05,8.75026711061321e-05,0.0001456402114285993
1.0499999999999947,0.1,3558,12,5.250556757945207e-06,3.1949779302762657e-05,6.742332792165712e-05,0.00023050090894666505,0.0004268021992721608,0.00263344342383743,0.018910819036283742,19.702079820123668,0.7026419336706015,4.5262998758662404e-05,9.081271639080673e-05,0.00014995306896636862
1.0509999999999946,0.1,3558,12,5.284828146984414e-06,3.230048537121069e-05,6.64651069912569e-05,0.0002353231002195653,0.0004356899567966897,0.0026325246957508686,0.019282346318194938,19.702079820123668,0.7588532883642496,4.5262998758662404e-05,9.465354597892076e-05,0.0001546169427868449
1.0519999999999945,0.1,3558,12,5.326798595748434e-06,3.199468244735508e-05,6.471122863425626e-05,0.00024034114642180936,0.0004415672752369873,0.002683987067857758,0.019843453460572494,19.78639685216414,0.8431703204047217,4.5262998758662404e-05,9.891808614297199e-05,0.00015943966072740068
1.0529999999999944,0.1,3558,12,5.376755575399701e-06,3.311868144348548e-05,6.346970946331133e-05,0.0002454397080365815,0.0004437716355761253,0.002658260191993088,0.019939350516493495,19.78639685216414,0.8431703204047217,4.5262998758662404e-05,0.00010349898596989133,0.0001642567925053129
1.0539999999999943,0.1,3558,12,5.43424850964445e-06,3.3473662689889606e-05,6.24997625779582e-05,0.00025052309773633606,0.0004431669635992526,0.002670716328479255,0.019574584578001496,19.78639685216414,0.8431703204047217,4.5262998758662404e-05,0.00010828841695791037,0.0001689378967419941
1.0549999999999942,0.1,3558,12,5.498508010984107e-06,3.275107176350125e-05,6.206411026416091e-05,0.00025551709445998603,0.0004419349222883634,0.0027050585223712155,0.018764212344141107,19.78639685216414,0.983698707138842,4.5262998758662404e-05,0.00011336317564481231,0.00017338915785458653
1.055999999999994,0.1,3558,12,5.568912270318934e-06,3.2831659302449134e-05,6.064579436576567e-05,0.0002603681806006676,0.0004423307016262392,0.002695560564916541,0.017537266111872042,19.78639685216414,1.0961214165261384,4.5262998758662404e-05,0.00011863832103301224,0.00017755244762085454
1.056999999999994,0.1,3558,12,5.6437456751486175e-06,3.272587358390251e-05,5.984266347298623e-05,0.00026504050649676057,0.0004444852045739753,0.002758957341908586,0.015939636017852046,19.78639685216414,1.0961214165261384,4.5262998758662404e-05,0.00012380273361909863,0.0001814014177803358
1.0579999999999938,0.1,3558,12,5.720436580216724e-06,3.3712149306955165e-05,5.933337747713366e-05,0.00026951089146037615,0.00044768540550301216,0.002740133180227319,0.014036509349244945,19.78639685216414,1.0961214165261384,4.5262998758662404e-05,0.00012873509708190848,0.00018493516057915826
1.0589999999999937,0.1,3558,12,5.799968525169941e-06,3.368850276211335e-05,5.8944072250791115e-05,0.0002737627800578911,0.00045162913131567805,0.002767517148691846,0.011915303071672887,19.78639685216414,1.0961214165261384,4.5262998758662404e-05,0.0001333242716615506,0.00018817035509499647
1.0599999999999936,0.1,3558,12,5.881551055836723e-06,3.352632365649552e-05,5.8778164285916155e-05,0.0002777801728731612,0.0004564555981447867,0.002780948288036724,0.009894606801861562,19.78639685216414,1.2366498032602586,4.5262998758662404e-05,0.0001374741168717614,0.00019113294471395648
1.0609999999999935,0.1,3558,12,5.963777635906551e-06,3.392281602768014e-05,5.762118373912543e-05,0.00028154230820357943,0.00046271241617155127,0.002784501384054824,0.010505096730358666,19.78639685216414,1.2366498032602586,4.5262998758662404e-05,0.00014104820475417069,0.0001938501866227682
1.0619999999999934,0.1,3558,12,6.0462422405344775e-06,3.36814003625325e-05,5.7021567286292263e-05,0.0002850199137196387,0.0004717865724555777,0.0027597074147467293,0.011579212948582765,19.78639685216414,1.2366498032602586,4.5262998758662404e-05,0.00014400641555632307,0.0001963439459657934
1.0629999999999933,0.1,3558,12,6.128398075309347e-06,3.407654593405849e-05,5.661006023175333e-05,0.00028817349833050985,0.000481701293215025,0.002789980353909499,0.012598823297987644,19.78639685216414,1.2366498032602586,4.5262998758662404e-05,0.0001464034351817287,0.00019862587202368331
1.0639999999999932,0.1,3558,12,6.2125852671663146e-06,3.4407895615752816e-05,5.683255471999713e-05,0.000290953785871524,0.0004915433289066564,0.00284459899298993,0.013478962523339997,19.78639685216414,1.2928611579539067,4.5262998758662404e-05,0.0001482365996024915,0.00020069476757811344
1.064999999999993,0.1,3558,12,6.29889809927098e-06,3.4196447349671544e-05,5.618351751436643e-05,0.0002933042270091679,0.0005006175272318347,0.0029005198124185437,0.014150357260995911,19.78639685216414,1.2928611579539067,4.5262998758662404e-05,0.00014952586772922467,0.00020253628199995433
1.065999999999993,0.1,3558,12,6.386970068898028e-06,3.4527385574545724e-05,5.580099638497608e-05,0.00029516520708780964,0.0005087687215184793,0.002932389103312714,0.0145578748067623,19.78639685216414,1.2928611579539067,4.5262998758662404e-05,0.0001503114511421413,0.0002041247454158679
1.0669999999999928,0.1,3558,12,6.478064734345017e-06,3.458991713639446e-05,5.612120000630224e-05,0.000296479393524853,0.0005149170629314235,0.002886110369121789,0.014661897750442852,19.78639685216414,1.3490725126475547,4.5262998758662404e-05,0.00015065006173838608,0.0002054267207043381
1.0679999999999927,0.1,3558,12,6.571570232372536e-06,3.506115895749289e-05,5.7537613676871514e-05,0.00029719762539462814,0.0005194077103288325,0.0029288336278826786,0.01444129338174256,19.78639685216414,1.4614952220348512,4.5262998758662404e-05,0.00015061010721619924,0.00020640573357155745
1.0689999999999926,0.1,3558,12,6.6671544404462925e-06,3.4699348776855136e-05,5.9652944465192236e-05,0.0002972846684743875,0.0005220219224179551,0.0029047829884265705,0.01432120484563189,19.78639685216414,1.5458122540753232,4.5262998758662404e-05,0.0001502662467685278,0.00020702751336543201
1.0699999999999925,0.1,3558,12,6.764851610687733e-06,3.498145715963163e-05,6.165074438040689e-05,0.0002967242178678187,0.0005228147133537508,0.002911586396997037,0.014526595386736313,19.78639685216414,1.6863406408094435,4.5262998758662404e-05,0.00014969378284576974,0.00020726507549184703
1.0709999999999924,0.1,3558,12,6.86519880250604e-06,3.5261716782272466e-05,6.26455026992735e-05,0.0002955226431532534,0.0005241783376937832,0.0030128974243166457,0.01432904141583292,19.78639685216414,1.8268690275435637,4.5262998758662404e-05,0.0001489633830459916,0.00020710306058902006
1.0719999999999923,0.1,3558,12,6.968258271112663e-06,3.519128414746886e-05,6.39801784071148e-05,0.0002937110787233051,0.0005269582182912624,0.0029450213151971387,0.013746206154725464,19.78639685216414,1.8268690275435637,4.5262998758662404e-05,0.00014813656660761157,0.00020654084909210724
1.0729999999999922,0.1,3558,12,7.072925755075078e-06,3.548534921897289e-05,6.478632875031786e-05,0.00029134565102172956,0.0005297169371102058,0.002911207483238091,0.012805527737999357,19.78639685216414,1.8268690275435637,4.5262998758662404e-05,0.00014726231077647262,0.00020559415310827944
1.073999999999992,0.1,3558,12,7.178264463241576e-06,3.588940252514608e-05,6.551011188951496e-05,0.0002885058174418094,0.000532234070828487,0.0029109657244916183,0.011542733047531992,19.78639685216414,1.8268690275435637,4.5262998758662404e-05,0.00014637501664656948,0.0002042949827796292
1.074999999999992,0.1,3558,12,7.28267717321708e-06,3.592628247497256e-05,6.625332965241947e-05,0.00028529095689222393,0.0005333618247773333,0.002901806758099611,0.010728997526025684,19.78639685216414,1.8268690275435637,4.5262998758662404e-05,0.00014549393089000184,0.00020269006125062106
1.0759999999999919,0.1,3558,12,7.386876766129916e-06,3.6142283721355147e-05,6.561289955406033e-05,0.00028181552504944114,0.0005331385068802655,0.0029264125532064695,0.009885589695071546,19.78639685216414,1.8268690275435637,4.5262998758662404e-05,0.00014462398865402939,0.00020083793820901974
1.0769999999999917,0.1,3558,12,7.491943700024388e-06,3.6125091736851795e-05,6.567310968723672e-05,0.0002782032036430667,0.0005331013817698699,0.0028982552042704068,0.009686518688293113,19.78639685216414,1.8268690275435637,4.5262998758662404e-05,0.00014375791566705992,0.00019880517529102804
1.0779999999999916,0.1,3558,12,7.594956167428543e-06,3.614910482102715e-05,6.538154957940425e-05,0.00027458054191686047,0.0005345005788617905,0.0028588941075292575,0.00948942320419629,19.78639685216414,2.0236087689713322,4.5262998758662404e-05,0.00014287932110097111,0.0001966620455071677
1.0789999999999915,0.1,3558,12,7.696740707236356e-06,3.6508247367016055e-05,6.54699337430121e-05,0.00027107061590792144,0.00053657159675836,0.002769726795938325,0.009115852542734866,19.78639685216414,2.0236087689713322,4.5262998758662404e-05,0.00014196644434570242,0.00019447821345153216
1.0799999999999914,0.1,3558,12,7.797262130269176e-06,3.649516921155393e-05,6.55404612943707e-05,0.0002677871892336097,0.000538879757302397,0.002782453516497554,0.008567047664563367,19.78639685216414,2.0236087689713322,4.5262998758662404e-05,0.00014099617952007033,0.00019231882410863932
1.0809999999999913,0.1,3558,12,7.894815350549276e-06,3.6734725776775746e-05,6.5603531996949e-05,0.000264829774369351,0.0005436694067302544,0.002850755465527728,0.008696374676392195,19.78639685216414,2.1079258010118047,4.5262998758662404e-05,0.00014000305306753909,0.00019024134630640788
1.0819999999999912,0.1,3558,12,7.989258752661519e-06,3.6423248381380154e-05,6.565659765650723e-05,0.0002622798765161408,0.0005497717862904798,0.002906213081706618,0.009701523355909203,19.78639685216414,2.1922428330522767,4.5262998758662404e-05,0.00013918918716870822,0.00018829340677584128
1.082999999999991,0.1,3558,12,8.080417121831788e-06,3.588854247489847e-05,6.517556947957432e-05,0.0002601985577106262,0.0005558559613339147,0.0029638390903924203,0.010804061040699475,19.78639685216414,2.1922428330522767,4.5262998758662404e-05,0.0001381233374291152,0.0001865117175334774
1.083999999999991,0.1,3558,12,8.167088849541236e-06,3.616272049024026e-05,6.441073070016821e-05,0.0002586253209346599,0.0005617964720093754,0.0029271956029583873,0.011590937355944115,19.78639685216414,2.2765598650927488,4.5262998758662404e-05,0.00013679885341034845,0.00018492206852727122
1.0849999999999909,0.1,3558,12,8.249279159599508e-06,3.591938135730371e-05,6.387894992415091e-05,0.0002575781964045868,0.0005678635241006505,0.0028495905221956642,0.012045972536241225,19.78639685216414,2.332771219786397,4.5262998758662404e-05,0.000135232087702975,0.00018354024193101282
1.0859999999999908,0.1,3558,12,8.328262860801008e-06,3.600847834150464e-05,6.337198654167335e-05,0.00025705482566567233,0.0005737548119557111,0.0027831282672500235,0.012170896436752164,19.78639685216414,2.332771219786397,4.5262998758662404e-05,0.00013346155387683922,0.0001823736123540698
1.0869999999999906,0.1,3558,12,8.406552201401e-06,3.553809545713668e-05,6.239609170975661e-05,0.0002570342997857588,0.0005791682063816638,0.0028780827169176248,0.01198364073758824,19.78639685216414,2.332771219786397,4.5262998758662404e-05,0.00013189939911439997,0.00018142314311475616
1.0879999999999905,0.1,3558,12,8.486196685168923e-06,3.55706041750233e-05,6.129551843937639e-05,0.00025747950885260444,0.0005848507065971,0.002860641783975861,0.011515485762395758,19.78639685216414,2.4732996065205173,4.5262998758662404e-05,0.00013046021631366928,0.00018068547300487126
1.0889999999999904,0.1,3558,12,8.56781430685472e-06,3.561029278522651e-05,6.043006334504396e-05,0.0002583397913819989,0.0005892795349015499,0.002872507166034478,0.010819108772687637,19.78639685216414,2.4732996065205173,4.5262998758662404e-05,0.00012910156461251233,0.000180154808937516
1.0899999999999903,0.1,3558,12,8.650144796842192e-06,3.553445958737557e-05,5.894994635463504e-05,0.0002595537241499237,0.0005930374734910994,0.00291350997390559,0.010528928269131271,19.78639685216414,2.641933670601462,4.5262998758662404e-05,0.00012787352588245718,0.00017982439546671003
1.0909999999999902,0.1,3558,12,8.734089929526514e-06,3.56631655146147e-05,5.761356414199839e-05,0.00026105194608298067,0.0005960451949164715,0.0028619488586799227,0.009958343562154501,19.78639685216414,2.810567734682406,4.5262998758662404e-05,0.00012682395686259456,0.00017968741089546825
1.09199999999999,0.1,3558,12,8.820753375610894e-06,3.555927063406838e-05,5.6924332444866434e-05,0.0002627599529278479,0.0005977707768174735,0.0028532504723658425,0.009142846294884384,19.78639685216414,2.810567734682406,4.5262998758662404e-05,0.00012599131737622572,0.00017973723119268925
1.09299999999999,0.1,3558,12,8.909952422344668e-06,3.545720859665654e-05,5.6495100320619705e-05,0.0002646008271212184,0.000598346508458112,0.0028679501916824873,0.008505848975767132,19.842608206857783,2.810567734682406,4.5262998758662404e-05,0.00012533156209585544,0.00017996709657097654
1.0939999999999899,0.1,3558,12,9.000930732146244e-06,3.5264434874236705e-05,5.5353216595638015e-05,0.00026649787601273894,0.0005978738741624257,0.0028311291601880494,0.008996987059057212,19.842608206857783,2.810567734682406,4.5262998758662404e-05,0.00012496326716040715,0.00018036929836284799
1.0949999999999898,0.1,3558,12,9.09330554373591e-06,3.551668954881136e-05,5.510944944953105e-05,0.000268377146209075,0.0005983064880392648,0.002752879993432075,0.0093094936893683,19.842608206857783,2.866779089376054,4.5262998758662404e-05,0.00012489895944984438,0.00018093406708530324
1.0959999999999896,0.1,3558,12,9.18679150943504e-06,3.546223786348869e-05,5.4167494881908976e-05,0.0002701697694016358,0.0006005498101503343,0.0027181368912427037,0.00942790744510377,19.842608206857783,2.951096121416526,4.5262998758662404e-05,0.0001251366312075182,0.00018164837984713245
1.0969999999999895,0.1,3558,12,9.282427544686717e-06,3.504951552088752e-05,5.3394302846944826e-05,0.0002718140818487021,0.0006040681650624113,0.0027147750966959663,0.00934296929149554,19.898819561551434,3.1197301854974704,4.5262998758662404e-05,0.00012565985065037262,0.00018249491257904538
1.0979999999999894,0.1,3558,12,9.380227517199765e-06,3.4928646502849616e-05,5.333914722586608e-05,0.0002732574523183787,0.0006082887231474569,0.0026726421057241905,0.009174053624519694,19.898819561551434,3.1197301854974704,4.5262998758662404e-05,0.00012643877866871074,0.00018345134068198377
1.0989999999999893,0.1,3558,12,9.480046827955971e-06,3.481772711746788e-05,5.30112706831083e-05,0.00027445775535262526,0.0006129924122329556,0.0027016697477178723,0.00887572397208361,19.898819561551434,3.1197301854974704,4.5262998758662404e-05,0.0001274319854943014,0.00018449014469368308
1.0999999999999892,0.1,3558,12,9.581126253323468e-06,3.4619871357964754e-05,5.246103384467508e-05,0.00027538443787359875,0.0006189261859820264,0.0026584900100766326,0.008431173259580807,19.898819561551434,3.204047217537943,4.5262998758662404e-05,0.0001285889137625387,0.00018557901159255152
1.100999999999989,0.15,3546,24,9.260522357204308e-06,3.4332694812979e-05,4.6328645622609974e-05,0.00011797633352700812,0.0006368693455494794,0.0027591069482964282,0.010426615180313015,19.96615905245347,3.4122955442752394,4.5262998758662404e-05,8.666737024189118e-05,0.00010340545081888308
1.101999999999989,0.15,3546,24,9.3846253257394e-06,3.446438507775764e-05,4.668862159197562e-05,0.00012938654885325852,0.0006688056281625882,0.0027467972691926157,0.02864290826251848,19.96615905245347,3.5815002820078963,4.5262998758662404e-05,8.912410652593373e-05,0.0001105447733671383
1.1029999999999889,0.15,3546,24,9.528455083516692e-06,3.446684892348495e-05,4.6597533915228186e-05,0.00014873452562888425,0.0006998649076749546,0.0027439853101932136,0.04470754994713457,19.96615905245347,3.807106598984772,4.5262998758662404e-05,9.448432456448461e-05,0.00012233965668073665
1.1039999999999888,0.15,3546,24,9.694737103392369e-06,3.465284590337597e-05,4.651689471090226e-05,0.00017522276685948162,0.0007297827233906049,0.002787917313846224,0.05811998432766807,19.96615905245347,3.919909757473209,4.5262998758662404e-05,0.00010302377427407996,0.0001378970351382236
1.1049999999999887,0.15,3546,24,9.884614359342053e-06,3.443131066070501e-05,4.636094634963287e-05,0.00020752996864681472,0.0007580441636201978,0.0027974049093078407,0.06857088238991783,19.96615905245347,4.004512126339538,4.5262998758662404e-05,0.00011489037570802801,0.00015612822488719758
1.1059999999999885,0.15,3546,24,1.0096384436125806e-05,3.441406685080182e-05,4.670431756101177e-05,0.00024385468920969493,0.0007844324349321521,0.0027821923165966675,0.07611884948456119,19.96615905245347,4.004512126339538,4.5262998758662404e-05,0.00013001430586756803,0.00017581601652238987
1.1069999999999884,0.15,3546,24,1.0331324030417073e-05,3.403866890042189e-05,4.745597914767592e-05,0.00028273339568322085,0.0008103040999151434,0.002779468590408997,0.08111946300855732,19.96615905245347,4.004512126339538,4.5262998758662404e-05,0.00014820863271122726,0.00019616077901218887
1.1079999999999883,0.15,3546,24,1.0587007338640906e-05,3.41825512488504e-05,4.941405265854899e-05,0.00032268466102312334,0.0008336581823121718,0.002802264499896603,0.08403486033421208,19.96615905245347,4.173716864072194,4.5262998758662404e-05,0.00016905974290758088,0.00021652462261911865
1.1089999999999882,0.15,3546,24,1.0860889810066316e-05,3.388064451479824e-05,5.241964917243828e-05,0.0003624292359828802,0.0008576098077323762,0.002769160075187801,0.08544165499364072,19.96615905245347,4.39932318104907,4.5262998758662404e-05,0.00019199034591468121,0.0002365554804626413
1.109999999999988,0.15,3546,24,1.115240139078936e-05,3.368381627636564e-05,5.603302962163945e-05,0.0004011445619197772,0.0008796582392362671,0.0027608197600029996,0.08587531217885915,19.96615905245347,4.455724760293289,4.5262998758662404e-05,0.00021636771281418444,0.0002563111351356895
1.110999999999988,0.15,3546,24,1.1458707333859336e-05,3.357308631025275e-05,6.237377588882721e-05,0.0004381437377011001,0.0008992740867018824,0.0027864569653921856,0.08572624487207911,19.96615905245347,4.540327129159617,4.5262998758662404e-05,0.0002368008279055927,0.000275976713851378
1.1119999999999879,0.15,3546,24,1.1777116592515249e-05,3.36491568088113e-05,6.96537428984628e-05,0.00047302974519942525,0.0009162536842342319,0.0027912594388635934,0.0852418132599418,19.96615905245347,4.709531866892273,4.5262998758662404e-05,0.0002551759791295438,0.0002958868253628566
1.1129999999999878,0.15,3546,24,1.2105566963967636e-05,3.330217836108263e-05,7.815645230065446e-05,0.000505675179901493,0.0009301036437734139,0.0028241951072630824,0.0844680597274501,19.96615905245347,4.709531866892273,4.5262998758662404e-05,0.0002686084577836473,0.0003164274049893834
1.1139999999999877,0.15,3546,24,1.2441434770866143e-05,3.3524050555001604e-05,8.846951673107226e-05,0.0005359847732176129,0.0009414376336201411,0.0027777141163226344,0.0832982488136813,19.96615905245347,4.906937394247039,4.5262998758662404e-05,0.00028222129839410725,0.00033782020222972164
1.1149999999999876,0.15,3546,24,1.2783415096174851e-05,3.355889873294589e-05,9.946430607749346e-05,0.0005639882884885071,0.0009518101372723623,0.0028265045216038253,0.08154926111679962,19.96615905245347,4.963338973491258,4.5262998758662404e-05,0.00029628985798853843,0.00036014637782599834
1.1159999999999874,0.15,3546,24,1.3131280155261923e-05,3.35652916250995e-05,0.00010908049702410465,0.0005897410683443875,0.0009608499754463747,0.0027737654243692247,0.0789619084022482,19.96615905245347,5.019740552735477,4.5262998758662404e-05,0.00031083506749164983,0.0003832780867440988
1.1169999999999873,0.15,3546,24,1.3484119892231454e-05,3.372952205985537e-05,0.00012107133902467188,0.0006132163786355711,0.0009687100435057348,0.0027509485649327564,0.07532486209751246,19.96615905245347,5.442752397067118,4.5262998758662404e-05,0.0003271051114097,0.00040684536112678416
1.1179999999999872,0.15,3546,24,1.3842355947227875e-05,3.378754748136368e-05,0.00013610774286847607,0.000634360483385134,0.0009753766617354536,0.002734497617371749,0.0705186764010738,19.96615905245347,5.470953186689227,4.917396941755466e-05,0.00034425629830499847,0.00043033049445995175
1.1189999999999871,0.15,3546,24,1.4206304310700558e-05,3.390726381958906e-05,0.00014804776370873753,0.0006530371226607681,0.0009817178194006947,0.002733039154022821,0.06449369425743237,19.96615905245347,5.696559503666103,5.540456717990955e-05,0.0003604542398823098,0.00045309239193258577
1.119999999999987,0.15,3546,24,1.4576231756913896e-05,3.40615476285861e-05,0.00015630321249852062,0.0006690578196485263,0.0009876879164296651,0.002760531554213271,0.057343183827407954,19.96615905245347,5.80936266215454,5.963349998416754e-05,0.0003752210648657887,0.0004744489798085283
1.120999999999987,0.15,3546,24,1.4953330160848362e-05,3.415486326791869e-05,0.00016411519520882005,0.0006822584001922921,0.000993100314755826,0.002833148799856496,0.04929414159254481,19.96615905245347,5.80936266215454,6.194408905474925e-05,0.0003884492892237869,0.0004937805335423207
1.1219999999999868,0.15,3546,24,1.5338362773375723e-05,3.431329793275409e-05,0.00017555120970887407,0.0006925066246916587,0.0009984690402186612,0.0028327566979480462,0.04066755516552328,19.96615905245347,5.80936266215454,6.234189583223916e-05,0.00040027150280679636,0.000510569771204672
1.1229999999999867,0.15,3546,24,1.573198854880228e-05,3.429236829603952e-05,0.00018123445494241437,0.0006997608707116598,0.001003808940872654,0.0028885776376410552,0.03184101335928108,19.96615905245347,5.80936266215454,6.674000029298954e-05,0.00041053964215678957,0.0005244601492186973
1.1239999999999866,0.15,3546,24,1.6133453613159326e-05,3.453128753575665e-05,0.00018846212202706133,0.0007041015320034714,0.0010075876275667617,0.002928579998885096,0.027228024937331317,19.96615905245347,6.063169768753525,7.125586061036694e-05,0.00041914186407708906,0.0005352805284459805
1.1249999999999865,0.15,3546,24,1.654258193136956e-05,3.453762397731378e-05,0.00019275480965499675,0.0007057120242654646,0.0010092216455481907,0.0030344587939408474,0.025379005312582678,19.96615905245347,6.260575296108291,7.556759718559482e-05,0.00042887905363228363,0.0005430238328187897
1.1259999999999863,0.15,3546,24,1.695656891552947e-05,3.5036229383809156e-05,0.0002028048235989532,0.0007048763075169178,0.0010094235502532737,0.003078866176619383,0.022681724889589767,19.96615905245347,6.260575296108291,7.976214991264065e-05,0.0004397680786434152,0.0005478308481556837
1.1269999999999862,0.15,3546,24,1.737227256934396e-05,3.502833299865956e-05,0.00021194941205237983,0.0007019417436113296,0.00100946236620964,0.0031400991873800715,0.02259276511893123,19.96615905245347,6.429780033840947,8.391045938569886e-05,0.0004484352376074702,0.0005534701758982408
1.1279999999999861,0.15,3546,24,1.7787867416030718e-05,3.519657246080165e-05,0.00022247762214633096,0.0006972714677245058,0.0010138283386698682,0.0033076031818354192,0.022314786347090994,19.96615905245347,6.570783981951495,8.805448148138271e-05,0.0004545413250441223,0.0005577521171460376
1.128999999999986,0.15,3546,24,1.820171376033588e-05,3.626558477045339e-05,0.00023033279721016605,0.0006912169552327525,0.0010181931818292957,0.0033948759501186967,0.021291754735909708,19.96615905245347,6.655386350817823,9.22053578532011e-05,0.00045786982011286116,0.0005586874656309249
1.129999999999986,0.15,3546,24,1.8613133315287476e-05,3.6916446080922956e-05,0.0002346461371346176,0.0006840824014262371,0.0010232484698953096,0.003491194436181164,0.020258233230511926,19.96615905245347,6.768189509306261,9.633996818988304e-05,0.00045836078360314976,0.0005563888806818795
1.1309999999999858,0.15,3546,24,1.9021528679369783e-05,3.7878754644757564e-05,0.00024079491453172207,0.0006761067082146833,0.0010305899679804115,0.003645423721864477,0.020523805050191184,20.022560631697687,6.768189509306261,0.00010040577535116545,0.00045612141115885174,0.0005511377740390344
1.1319999999999857,0.15,3546,24,1.9425860916257454e-05,4.138593817901021e-05,0.00024632791784684265,0.0006674649727429614,0.0010374204656884655,0.003738679804016697,0.02252374628892849,20.022560631697687,6.880992667794699,0.000104332140153555,0.0004514130190504028,0.0005433476043137375
1.1329999999999856,0.15,3546,24,1.9826883500385508e-05,4.543867777798216e-05,0.00025398076251834594,0.000658271657268309,0.0010453032293284911,0.0038600574813946846,0.023766502182566346,20.022560631697687,7.0783981951494646,0.00010804677634472276,0.00044461825227811054,0.0005335132305610557
1.1339999999999855,0.15,3546,24,2.0222694966384832e-05,4.911632200679949e-05,0.00025954675133159154,0.0006485979230110144,0.0010551893704304873,0.003914943808882057,0.025545409898104356,20.022560631697687,7.0783981951494646,0.00011148146588776036,0.0004361952569558392,0.0005221553392225076
1.1349999999999854,0.15,3546,24,2.061328190443382e-05,5.3108687512840977e-05,0.0002617986367291481,0.0006384922327766424,0.001066488809969262,0.003945135208100673,0.02760730771612305,20.022560631697687,7.0783981951494646,0.00011457755505643789,0.00042662695328677525,0.0005097689646405001
1.1359999999999852,0.15,3546,24,2.099655867756726e-05,5.698695746254493e-05,0.0002624328891289373,0.0006279954038535846,0.0010786076863131126,0.003993273101264159,0.029251762109973708,20.022560631697687,7.1912013536379025,0.0001172867094661957,0.0004163736499371601,0.0004967836315117324
1.1369999999999851,0.15,3546,24,2.137382113093792e-05,6.0852431876102256e-05,0.00026249403414715103,0.0006171560190818924,0.0010899087222953627,0.003930045160430606,0.030409361702202063,20.022560631697687,7.3322053017484485,0.00011957170817521561,0.00040583529451697516,0.00048353963843439374
1.137999999999985,0.15,3546,24,2.174419657216758e-05,6.542007109491588e-05,0.00026192413371941463,0.0006060380836501,0.0010999123976348356,0.0040751283022144764,0.031021964732202943,20.022560631697687,7.670614777213762,0.00012140256069046749,0.00039532730045935223,0.0004716100473736162
1.138999999999985,0.15,3546,24,2.2107011981098707e-05,7.173157114222804e-05,0.0002606564312861599,0.0005947215038316109,0.0011093261681675085,0.004088599577237487,0.0322105070997969,20.022560631697687,7.75521714608009,0.00012275154557381328,0.0003850713916590025,0.00046049019120886214
1.1399999999999848,0.15,3546,24,2.2462512585904633e-05,7.54998631328114e-05,0.00025823565305112213,0.0005833004048057302,0.001118433852560138,0.004301386455193354,0.03345979219761468,20.022560631697687,7.75521714608009,0.00012358922848752584,0.00037520013047884367,0.0004495029202118417
1.1409999999999847,0.15,3546,24,2.281038947367351e-05,8.093846973966466e-05,0.00025491833270352703,0.0005718769025306133,0.001127802145426777,0.004456506565337795,0.03421537367071014,20.022560631697687,8.206429780033842,0.00012387994028753536,0.0003657717076406281,0.0004388176659091414
1.1419999999999846,0.15,3546,24,2.3150453403036426e-05,8.630331572132157e-05,0.00025146458676792794,0.0005605544590427841,0.001137580907010516,0.004611678489712839,0.03445533193216267,20.022560631697687,8.375634517766498,0.00012387994028753536,0.0003572609126335019,0.0004285718399721361
1.1429999999999845,0.15,3546,24,2.3481133902089064e-05,9.037773325418493e-05,0.0002455544681667881,0.0005494333028318721,0.0011474962238275579,0.00459638681009075,0.03417937219456185,20.107163000564015,8.460236886632826,0.00012387994028753536,0.0003519563954930658,0.0004188632084911603
1.1439999999999844,0.15,3546,24,2.380280040416905e-05,9.617203832923168e-05,0.0002376449446648449,0.0005386067906838558,0.0011575672738943145,0.004721783810018693,0.03339777339113906,20.107163000564015,8.516638465877044,0.00012387994028753536,0.0003470299540212865,0.00040974723933828727
1.1449999999999843,0.15,3546,24,2.4116586000311038e-05,0.00010042653291285819,0.0002302410914440023,0.0005281608742957199,0.001166453988345286,0.0047584396045078975,0.03212354190961961,20.107163000564015,8.685843203609702,0.00012387994028753536,0.0003424087641456316,0.00040124098576299616
1.1459999999999841,0.15,3546,24,2.442328619912155e-05,0.00010464133243971869,0.00022268779330045278,0.0005181758803698244,0.0011728625262636373,0.004817528903386114,0.030369900078679058,20.107163000564015,8.826847151720248,0.00012387994028753536,0.0003380087630789344,0.0003933322960349983
1.146999999999984,0.15,3546,24,2.4721895540734647e-05,0.00010747871036223226,0.00021454642056712082,0.0005087290083237096,0.0011770644588136488,0.004906502724439401,0.028152505486777887,20.107163000564015,8.826847151720248,0.00012387994028753536,0.0003337434028142115,0.0003859918708073451
1.147999999999984,0.15,3546,24,2.5015423066419855e-05,0.00011170020070061191,0.00020685829628623142,0.0004998975553481741,0.0011809577415730452,0.004866583864403145,0.025494019745213564,20.163564579808234,8.911449520586578,0.00012387994028753536,0.00032941614413960755,0.00037918645333334666
1.1489999999999838,0.15,3546,24,2.53029609206512e-05,0.0001144134321349166,0.00019959002859506404,0.0004917609893760205,0.0011836857006940794,0.00483900286461353,0.02242858293871286,20.163564579808234,9.052453468697124,0.00012387994028753536,0.00032488404377476425,0.00037289024458431186
1.1499999999999837,0.15,3546,24,2.5583479405410513e-05,0.00011868099633550997,0.00019495644803588816,0.0004844008471445638,0.001187701071053295,0.004748595145210335,0.01917497080797532,20.163564579808234,9.193457416807671,0.00012387994028753536,0.0003203275763547916,0.0003670925582710538
1.1509999999999836,0.15,3546,24,2.5857562106235723e-05,0.00012201433680609376,0.00019101153504694188,0.00047789847174877073,0.0011939769676203701,0.004924013490695196,0.018613614258861752,20.163564579808234,9.278059785674,0.00012387994028753536,0.00031572732683539736,0.0003618010182613318
1.1519999999999835,0.15,3546,24,2.6125300901608614e-05,0.00012439643477503036,0.00018663317029790505,0.0004723301645304551,0.0011996932299588655,0.00495501373710382,0.0176405209486372,20.163564579808234,9.419063733784546,0.00012387994028753536,0.00031108882327201713,0.00035703990951674314
1.1529999999999834,0.15,3546,24,2.6387899465090564e-05,0.00012565735460310813,0.00018185498072049154,0.00046776069237599037,0.001204506609210878,0.004964348055001191,0.01620370758162418,20.163564579808234,9.475465313028765,0.00012387994028753536,0.0003064428738155791,0.00035284470780183597
1.1539999999999833,0.15,3546,24,2.6647121238742747e-05,0.00012657065118016697,0.00017848702253809773,0.000464236541650365,0.0012093164571896995,0.005101651489475315,0.015024308033242777,20.163564579808234,9.475465313028765,0.00012387994028753536,0.00030184422889761403,0.00034925447388545194
1.1549999999999832,0.15,3546,24,2.6905330714945535e-05,0.00012987774138018655,0.00017436455899176118,0.0004617800677506326,0.0012151648380649411,0.005213798229472299,0.01464215014516504,20.163564579808234,9.475465313028765,0.00012387994028753536,0.00029736802223035135,0.00034630377674815804
1.155999999999983,0.15,3546,24,2.7163899365330223e-05,0.00012926359189662206,0.00017117070682737737,0.00046038603856842007,0.001220228615086284,0.00521998439419087,0.014097442903942615,20.163564579808234,9.475465313028765,0.00012387994028753536,0.00029352008534421273,0.00034401601520883673
1.156999999999983,0.15,3546,24,2.7422165099302887e-05,0.00012758205134011494,0.00016836582571289556,0.00046002135552840193,0.0012235574083553098,0.005222603887365474,0.013324058093049028,20.163564579808234,9.644670050761421,0.00012387994028753536,0.00029018536566797695,0.00034239937605917703
1.1579999999999828,0.15,3546,24,2.7680188482278646e-05,0.00012718370496692387,0.00016551214968014513,0.0004606279568321004,0.0012246489292315442,0.005142645896719492,0.01226843835563163,20.163564579808234,9.644670050761421,0.00012387994028753536,0.00028714268358957876,0.00034144588552109667
1.1589999999999827,0.15,3546,24,2.7939576494650894e-05,0.00012644415160858056,0.0001626653869996469,0.0004621284673191529,0.0012258151927694802,0.005047631966756577,0.014801961598825243,20.163564579808234,9.644670050761421,0.00012387994028753536,0.00028442384792182863,0.0003411334283924816
1.1599999999999826,0.15,3546,24,2.820092587393963e-05,0.00012412841415579575,0.00016082078620605124,0.0004644333929485244,0.0012270893659888514,0.005035132209489914,0.016929341169371757,20.163564579808234,9.644670050761421,0.00012387994028753536,0.00028204652731859096,0.0003414298229422741
1.1609999999999825,0.15,3546,24,2.8464521437975162e-05,0.00012301686959719304,0.00015944262419365654,0.0004674484332721313,0.0012291919376134367,0.005005324581561374,0.018507090244310156,20.163564579808234,9.72927241962775,0.00012387994028753536,0.0002800205190879861,0.0003422976673554956
1.1619999999999824,0.15,3546,24,2.8730453463122793e-05,0.00012057802053787619,0.00015789008924532968,0.00047108063352210605,0.0012310422102498383,0.0049769944379629266,0.019542145805953676,20.163564579808234,9.78567399887197,0.00012387994028753536,0.0002783545350621409,0.00034369866268590954
1.1629999999999823,0.15,3546,24,2.899935417133861e-05,0.00011975504190357063,0.00015680828243886107,0.0004752423071833148,0.0012328069139915156,0.004917725114004257,0.020068937043996406,20.163564579808234,9.78567399887197,0.00012387994028753536,0.0002770615290150732,0.0003455962662819445
1.1639999999999822,0.15,3546,24,2.9272353643156707e-05,0.00011780754597785252,0.00015484510270461632,0.0004798522832844542,0.0012361831235183265,0.004804523897793634,0.02014077480548142,20.163564579808234,9.78567399887197,0.00012387994028753536,0.0002767236971177534,0.00034795606539006485
1.164999999999982,0.15,3546,24,2.9550149175059095e-05,0.00011695220570633402,0.00015286327021900268,0.00048483465435173595,0.001241759753214722,0.004815865487082731,0.019820756345080705,20.163564579808234,9.78567399887197,0.00012387994028753536,0.00027746684616291586,0.0003507438847769606
1.165999999999982,0.15,3546,24,2.9832052192459693e-05,0.00011564600449750688,0.0001514722541290417,0.0004901156853032954,0.0012499345608422512,0.0047918636321998154,0.01917336834898303,20.163564579808234,9.78567399887197,0.00012387994028753536,0.0002787583855353245,0.00035392219874097464
1.1669999999999818,0.15,3546,24,3.011825750023701e-05,0.00011534602575393466,0.0001496524910317429,0.000495619980344663,0.001259088254791691,0.004858115470071461,0.01825782140854842,20.163564579808234,9.870276367738297,0.00012387994028753536,0.0002805326034753014,0.00035744590867281545
1.1679999999999817,0.15,3546,24,3.0408269664828205e-05,0.00011411012682320247,0.0001480286954087898,0.000501267113307983,0.001268233957352741,0.004913390317832783,0.017123781297529766,20.163564579808234,9.870276367738297,0.00012387994028753536,0.00028256977436344206,0.00036125873941017517
1.1689999999999816,0.15,3546,24,3.070219491833757e-05,0.00011347149617687778,0.0001457900233251343,0.0005069697797101693,0.0012765470078002841,0.004868497689424082,0.015809835784356494,20.163564579808234,9.954878736604625,0.00012387994028753536,0.0002848408768555384,0.00036529140975005703
1.1699999999999815,0.15,3546,24,3.099972439760481e-05,0.00011348644805512622,0.00014494529493220144,0.0005126342128012289,0.0012836583103453118,0.0048871768563940625,0.015107396648677692,20.163564579808234,10.011280315848843,0.00012387994028753536,0.00028743323133884773,0.0003694624035723848
1.1709999999999814,0.15,3546,24,3.1301569666675286e-05,0.00011277748233283508,0.00014354211626430556,0.0005181630791886183,0.0012896145747921294,0.004946255814933092,0.016018385760209444,20.163564579808234,10.067681895093063,0.00012387994028753536,0.00029029655533220475,0.00037368161019557533
1.1719999999999813,0.15,3546,24,3.160729186690441e-05,0.00011191214037728093,0.00014265177686689372,0.000523460520537228,0.0012933108696419138,0.0049343553360920315,0.01673192484075718,20.163564579808234,10.377890580936267,0.00012387994028753536,0.00029338440580819444,0.0003778564848602173
1.1729999999999812,0.15,3546,24,3.1916702622194534e-05,0.00011128239786378698,0.00014215882787378816,0.0005284385317036019,0.0012974591320332322,0.004874569041915455,0.017200689615060896,20.163564579808234,10.377890580936267,0.00012387994028753536,0.0002966539941738813,0.0003818998260101125
1.173999999999981,0.15,3546,24,3.223030150971633e-05,0.00011126190069527547,0.00014157266547728926,0.0005330235153448117,0.0013036095212886408,0.004823866154307079,0.017392525154372396,20.163564579808234,10.518894529046813,0.00012387994028753536,0.00030006547794171623,0.0003857378624374519
1.174999999999981,0.15,3546,24,3.254943611423094e-05,0.00011109391589504258,0.0001418599254193434,0.0005371617559937603,0.0013121399652708066,0.004769872166914437,0.017294499006037935,20.163564579808234,10.575296108291033,0.00012387994028753536,0.0003035810344574995,0.0003893172066185002
1.1759999999999808,0.15,3546,24,3.287314892629586e-05,0.00011000013269420281,0.00014241993692958867,0.0005408227091615388,0.0013192687884129655,0.004679430060350016,0.016914249264785592,20.21996615905245,10.857304004512127,0.00012387994028753536,0.00030716399838651615,0.0003926093717367962
1.1769999999999807,0.15,3546,24,3.320143697249446e-05,0.00010995125216409889,0.0001441837764334712,0.0005439993715077924,0.0013246992688137566,0.004629715804923066,0.016278740952446996,20.27636773829667,10.913705583756345,0.00012387994028753536,0.00031077825382964144,0.0003956119382273471
1.1779999999999806,0.15,3546,24,3.35346729618135e-05,0.00011034278468210142,0.00014663562435938155,0.0005467055406677451,0.0013284175020975312,0.004573334416362408,0.015431058938310096,20.27636773829667,10.913705583756345,0.00012387994028753536,0.0003143879843311187,0.0003983460331866695
1.1789999999999805,0.15,3546,24,3.3873659611639816e-05,0.00010915823411546336,0.00014927210118582482,0.0005489703548020238,0.0013315849921715815,0.004548608469920509,0.014426183326899992,20.27636773829667,10.913705583756345,0.00012387994028753536,0.00031795777846119487,0.0004008504277592806
1.1799999999999804,0.15,3546,24,3.4219109570588814e-05,0.00010952885828959921,0.00015200432588924654,0.0005508310124369583,0.00133475459513274,0.004563375527868832,0.013326771657883704,20.27636773829667,11.082910321489003,0.00012387994028753536,0.00032145299968400833,0.00040317314819660055
1.1809999999999803,0.15,3546,24,3.457083836707989e-05,0.0001093176454816415,0.0001548036579085034,0.0005523249195124759,0.0013376261663209698,0.004573030944016753,0.012199781008058378,20.27636773829667,11.082910321489003,0.00012387994028753536,0.0003248402870906614,0.00040536193232298956
1.1819999999999802,0.15,3546,24,3.492825076539148e-05,0.00010999545720149444,0.00015764046798774872,0.000553482613851017,0.001339271595126971,0.004525367039720511,0.011114263093924947,20.27636773829667,11.082910321489003,0.00012387994028753536,0.00032808803862338355,0.0004074550576405045
1.18299999999998,0.15,3546,24,3.529030769514954e-05,0.00010991194412070032,0.00016012594402376457,0.0005543226745052317,0.0013403955357561596,0.004363283562684284,0.010139770266494175,20.27636773829667,11.082910321489003,0.00012387994028753536,0.00033116675627566604,0.00040947399543256324
1.18399999999998,0.15,3546,24,3.5656065290722555e-05,0.00010923043212750702,0.0001623525552981267,0.0005548494693713045,0.0013412961293428228,0.004375193451522886,0.009343488634058324,20.27636773829667,11.308516638465877,0.00012387994028753536,0.0003340491915773266,0.0004114190247470617
1.1849999999999798,0.15,3546,24,3.602524738384126e-05,0.00010873421665393785,0.00016473897001976711,0.0005550540947452577,0.001342635081824322,0.004356848282919917,0.009117199095581778,20.27636773829667,11.590524534686972,0.00012387994028753536,0.00033671029267378326,0.00041326842973177236
1.1859999999999797,0.15,3546,24,3.639675592334344e-05,0.0001091845282688878,0.00016721297895912006,0.0005549183144171109,0.0013452088456880969,0.004230612104632455,0.009297344963076413,20.27636773829667,11.590524534686972,0.00012387994028753536,0.00033912701863743463,0.0004149813031020244
1.1869999999999796,0.15,3546,24,3.6769414482332665e-05,0.00010885769769536041,0.00016974717954158045,0.0005544208029606414,0.0013489995513150193,0.00412905164221284,0.009540789244145684,20.27636773829667,11.590524534686972,0.00012387994028753536,0.0003412781304526501,0.0004165033928238415
1.1879999999999795,0.15,3546,24,3.714267758290187e-05,0.00010774071698706806,0.00017226209408025627,0.0005535446169656951,0.001352857940153601,0.0041221893113506155,0.009939502673508752,20.27636773829667,11.731528482797518,0.00012387994028753536,0.0003431440800723731,0.0004177749580307477
1.1889999999999794,0.15,3546,24,3.7515345274974284e-05,0.00010688249991879065,0.0001745866513755987,0.000552284621144745,0.0013566151517307463,0.004050389295734454,0.010172616138415282,20.360970107163002,11.816130851663846,0.00012387994028753536,0.0003447071038682399,0.00041873932271840886
1.1899999999999793,0.15,3546,24,3.788647669640126e-05,0.00010739334564527283,0.00017683070289831448,0.0005506536084548068,0.001359752179173356,0.004166580258508659,0.01022651893684448,20.360970107163002,12.041737168640722,0.00012387994028753536,0.00034595158247164307,0.00041935076851373765
1.1909999999999792,0.15,3546,24,3.825552563118301e-05,0.00010687360319925268,0.00017894472118703956,0.0005486860703237173,0.0013622580203146272,0.004227866565379426,0.010091557320537741,20.360970107163002,12.041737168640722,0.00012387994028753536,0.00034686466759652093,0.0004195805878879355
1.191999999999979,0.15,3546,24,3.8622010510409875e-05,0.00010674370378105811,0.00018090529683295302,0.0005464389585729907,0.0013637040424473743,0.004199546251702723,0.011105099664008725,20.445572476029326,12.041737168640722,0.00012387994028753536,0.0003474371142420198,0.00041942048554233224
1.192999999999979,0.15,3546,24,3.898524473215057e-05,0.00010718282628044771,0.00018275410664055154,0.0005439892658957837,0.0013637212699370341,0.004225694202299733,0.012082637252746824,20.445572476029326,12.098138747884942,0.00012387994028753536,0.00034763090964732527,0.0004188829939479888
1.1939999999999789,0.15,3546,24,3.9343914376185675e-05,0.0001068537172477996,0.0001831824735820466,0.0005414287551238602,0.0013625145111934582,0.00417591950574525,0.01286190026869596,20.445572476029326,12.351945854483926,0.00012387994028753536,0.00034747137077486585,0.00041799907266693026
1.1949999999999787,0.15,3546,24,3.969639581127873e-05,0.00010607944769121938,0.00018324059148766214,0.0005388566039561922,0.0013597144319512046,0.004090280188272514,0.01342020965541887,20.445572476029326,12.492949802594474,0.00012387994028753536,0.0003469989890117912,0.0004168135033495446
1.1959999999999786,0.15,3546,24,4.0041491796799206e-05,0.00010629577421591048,0.00018338982479929218,0.0005363710288807455,0.0013562737697630264,0.004088601398323529,0.013739661343753831,20.445572476029326,12.492949802594474,0.00012387994028753536,0.0003462226290509033,0.0004153790013958769
1.1969999999999785,0.15,3546,24,4.0378291807002626e-05,0.00010607546385814396,0.00018361437470117134,0.0005340610668933083,0.0013552112178272832,0.004083548561953736,0.013808206882959887,20.445572476029326,12.690355329949238,0.00012387994028753536,0.00034515735270952447,0.0004137500986907128
1.1979999999999784,0.15,3546,24,4.0706113694153504e-05,0.0001063027249548066,0.0001836341738701459,0.0005319996159328447,0.0013555969590429721,0.004095170745168146,0.013620796603124806,20.445572476029326,12.831359278059788,0.00012387994028753536,0.00034382478914622553,0.0004119777986630879
1.1989999999999783,0.15,3546,24,4.102451013701486e-05,0.00010611070490845112,0.00018339078317909988,0.000530238588817568,0.001357706171737448,0.0040850172096481546,0.013180424311360947,20.445572476029326,12.887760857304004,0.00012387994028753536,0.00034224429652049084,0.0004101057873207026
1.1999999999999782,0.15,3546,24,4.133333483751506e-05,0.00010650243771950332,0.00018282649091399766,0.0005288066729738171,0.001362183474073317,0.004069409852990789,0.01249893967734053,20.445572476029326,12.887760857304004,0.00012387994028753536,0.000340414295764955,0.0004081686507539928
1.200999999999978,0.2,3533,37,4.068686228759321e-05,0.0001043409849251489,0.0001657019874438695,0.000379321378291417,0.0013739008123930313,0.004063829243983697,0.012153049658823798,20.520803849419757,12.850268893291819,0.00012387994028753536,0.0002840416644060285,0.0003410068596316762
1.201999999999978,0.2,3533,37,4.1012490144601026e-05,0.00010487886603661362,0.00016605174795088616,0.0003861227796155419,0.0014115397042162281,0.004022915024322067,0.025425048804831145,20.520803849419757,12.991791678460233,0.00012387994028753536,0.00028535913929394086,0.0003445284868774934
1.2029999999999779,0.2,3533,37,4.135485081432097e-05,0.00010506584137652552,0.00016980043588451428,0.0004000247742238044,0.0014526875524062588,0.004041167962785123,0.04006083239651273,20.520803849419757,12.991791678460233,0.00012387994028753536,0.000290706640856295,0.00035227279740723816
1.2039999999999778,0.2,3533,37,4.1718559001052705e-05,0.00010583554199604863,0.00017055310194958437,0.000420733791068904,0.0014919919115305253,0.00402987849896096,0.051988545302928714,20.520803849419757,12.991791678460233,0.00012387994028753536,0.00029986592347815963,0.00036373070366479965
1.2049999999999776,0.2,3533,37,4.210598338375782e-05,0.00010551773543081126,0.00017122717555905604,0.0004476618710862223,0.0015279384893427117,0.00397819241190451,0.0607606492910264,20.520803849419757,13.161619020662327,0.00012387994028753536,0.0003117441868015973,0.0003781845282269103
1.2059999999999775,0.2,3533,37,4.251711396979489e-05,0.000105821853330976,0.00017189067196828967,0.0004799689589904295,0.0015607346988673323,0.004014195170762687,0.06628200242063674,20.520803849419757,13.33144636286442,0.00012387994028753536,0.00032565870824743725,0.0003948308693537683
1.2069999999999774,0.2,3533,37,4.2956154570595554e-05,0.00010550643476995742,0.00017310196798937975,0.0005166257370814412,0.0015899337719653532,0.003980361139808569,0.06955450464843865,20.520803849419757,13.416360033965468,0.00012387994028753536,0.000341096237165351,0.00041289471438332725
1.2079999999999773,0.2,3533,37,4.342516287757813e-05,0.00010544490497793363,0.00017564784340754066,0.0005565037446013421,0.0016148900169535828,0.003993044913345961,0.07566088898044714,20.520803849419757,13.897537503538068,0.00012387994028753536,0.0003575021503153321,0.0004317356008094464
1.2089999999999772,0.2,3533,37,4.39265999415749e-05,0.00010556990967093383,0.00017725558843113614,0.000598469173078574,0.001638604788959095,0.004024405927586931,0.07970194822802647,20.520803849419757,13.954146617605435,0.00012387994028753536,0.00037441543378638795,0.00045092278453395807
1.209999999999977,0.2,3533,37,4.4463386720884764e-05,0.00010585382162768543,0.00017932401932398056,0.0006414696970902069,0.001659797036806019,0.004007103025320354,0.08162626196050626,20.520803849419757,14.039060288706482,0.00012387994028753536,0.0003916152660311171,0.00047026644261549677
1.210999999999977,0.2,3533,37,4.503307348979334e-05,0.0001062522248114467,0.00018288395781664273,0.0006845919715158238,0.001679862703944351,0.004044078210157043,0.08152810866756743,20.520803849419757,14.095669402773847,0.00012387994028753536,0.00040895682179664504,0.000489810631378873
1.2119999999999769,0.2,3533,37,4.5631249501438116e-05,0.00010680270756923576,0.0001883261196578781,0.0007270885980212908,0.0016988618490972908,0.004024983183254523,0.07965810598586273,20.520803849419757,14.35041041607699,0.00012387994028753536,0.00042645369189062593,0.0005097827316582482
1.2129999999999768,0.2,3533,37,4.6252350046191134e-05,0.00010763842022116719,0.00019615423548012472,0.0007683823544985534,0.0017134891857268652,0.004011485330663431,0.07645870788284273,20.520803849419757,14.407019530144352,0.00012387994028753536,0.000444243769229473,0.0005305104551176498
1.2139999999999767,0.2,3533,37,4.6890562139937694e-05,0.00010807936321839473,0.00020630930034483262,0.0008080584039339846,0.0017231127877210364,0.0040628852590994845,0.07252743234993732,20.54910840645344,14.661760543447494,0.00012387994028753536,0.00046577266587816363,0.0005523302631331717
1.2149999999999765,0.2,3533,37,4.754203967663585e-05,0.00010819348802077276,0.0002188166058284861,0.0008458432774853394,0.001729738444255868,0.004076564879323876,0.0685123511619049,20.605717520520802,14.661760543447494,0.00012387994028753536,0.0004878592828176402,0.0005754982912939965
1.2159999999999764,0.2,3533,37,4.820328037083598e-05,0.00010811328359923649,0.00023353393487155662,0.0008815731843093884,0.001734418275984787,0.004046243827193141,0.06495965209329589,20.605717520520802,14.661760543447494,0.00012491366242389353,0.0005068098466538954,0.0006001175373810952
1.2169999999999763,0.2,3533,37,4.8871297985610024e-05,0.00010856295029823265,0.0002473384406752636,0.0009151579423111075,0.001739999760222146,0.004053153063273348,0.06212200844890277,20.605717520520802,14.746674214548541,0.00013361982481556787,0.0005260377278745102,0.0006260945397578155
1.2179999999999762,0.2,3533,37,4.954492967819463e-05,0.00010864150197459029,0.00026144971845957213,0.0009465404650150531,0.0017489590323528327,0.004058103036277263,0.05986365322213377,20.605717520520802,14.746674214548541,0.00014149164066123185,0.0005457275078478006,0.0006531252072363714
1.218999999999976,0.2,3533,37,5.0223637320789815e-05,0.00010881840616143652,0.0002772479064012273,0.0009756625690951163,0.0017615262897249537,0.004081697955064424,0.05774043126606316,20.605717520520802,14.746674214548541,0.00014866112527010334,0.0005657044179911563,0.0006807145687197647
1.219999999999976,0.2,3533,37,5.0907614626822764e-05,0.00010879355798047676,0.000287524590388003,0.0010024439326262542,0.0017771763573626437,0.0041903627253242455,0.05520034417202966,20.605717520520802,15.28446079818851,0.0001551731423488791,0.0005858225604709725,0.0007082271116800598
1.2209999999999759,0.2,3533,37,5.1597885421659827e-05,0.00010868943780358008,0.0003028192853727622,0.0010267750456994429,0.0017964972432384177,0.004302650382686651,0.05179339198889402,20.66232663458817,15.28446079818851,0.0001611751322797792,0.0006068266057293086,0.0007349530593891984
1.2219999999999758,0.2,3533,37,5.2295594441992625e-05,0.00010838751868158692,0.000319150257977862,0.001048524454866105,0.0018170779949560536,0.004404048134814799,0.04729418512024793,20.66232663458817,15.28446079818851,0.00016667717689197666,0.000627444754423405,0.000760180096538221
1.2229999999999757,0.2,3533,37,5.300191629462292e-05,0.00010795174522631304,0.00033166471254060076,0.0010675578829051997,0.0018364067527775025,0.004468984514691236,0.04273534687788637,20.66232663458817,15.341069912255872,0.0001716674839409035,0.0006473960761540906,0.0007832629553128356
1.2239999999999756,0.2,3533,37,5.371797588738767e-05,0.00010771031438070566,0.00034911491285523306,0.0010837627688834214,0.0018532361014790132,0.004575220873562663,0.038287333963957566,20.747240305689214,15.42598358335692,0.00017617196580854106,0.0006663546134757827,0.0008036812730551901
1.2249999999999754,0.2,3533,37,5.4444558534025226e-05,0.00010779889460977961,0.0003711624470217962,0.001097071423532461,0.0018678271933812876,0.004669214367091047,0.036587112083540124,20.747240305689214,15.42598358335692,0.0001801431421134267,0.000683969098332033,0.000821078871901193
1.2259999999999753,0.2,3533,37,5.51822709497409e-05,0.00010815451174443916,0.00038716234234999935,0.0011074761802301791,0.0018803650654209579,0.004693001295029207,0.035596254320719736,20.747240305689214,15.595810925559014,0.00018357380655433826,0.0006998976824364738,0.0008352811203877764
1.2269999999999752,0.2,3533,37,5.593060921684773e-05,0.00010819130168441933,0.0003991381577966619,0.0011150354495669213,0.0018896714042369643,0.004738598004514586,0.03358633585158163,20.860458533823945,15.595810925559014,0.00018648467577330418,0.0007136231866102502,0.0008462924323744403
1.2279999999999751,0.2,3533,37,5.668758642387286e-05,0.00010838423774457533,0.00040735422441781253,0.0011198716237297694,0.00189621540585405,0.0048215334755520615,0.031169338351087646,20.973676761958675,15.595810925559014,0.0001888920685234686,0.0007247401990783157,0.0008542779893510044
1.228999999999975,0.2,3533,37,5.745189812447031e-05,0.00010939212111271195,0.000414948677850085,0.0011221548937749937,0.0019007082759488836,0.004874821588031172,0.02923407030509919,20.973676761958675,15.595810925559014,0.00019087468840649086,0.0007335911339167104,0.0008595271085241052
1.229999999999975,0.2,3533,37,5.822226534175809e-05,0.00011181932911389496,0.0004210346514083097,0.0011220846792720366,0.0019053011243331463,0.004973524559186701,0.026642901494466794,21.17180866119445,15.963770166996886,0.00019253284055996715,0.0007401947315814622,0.0008624084958341882
1.2309999999999748,0.2,3533,37,5.8997494657310844e-05,0.00011484641126420439,0.0004265780797699979,0.0011198778147019,0.0019093333798894622,0.005123273184014264,0.024291270978210634,21.17180866119445,16.1052929521653,0.0001939787783132987,0.000744090218662729,0.0008633315396551211
1.2319999999999747,0.2,3533,37,5.9776641053421275e-05,0.00011849842965887925,0.0004352197292210067,0.0011157642021148088,0.001912439997815578,0.005343746695728638,0.024493057561079078,21.17180866119445,16.190206623266345,0.00019603082028299052,0.0007458603234312254,0.0008627163162309159
1.2329999999999746,0.2,3533,37,6.055874093900013e-05,0.00012298425695167226,0.00044525988557544104,0.0011099843919201626,0.0019148530042198812,0.005388291691681021,0.02400016860571446,21.17180866119445,16.246815737333712,0.00020121263799240704,0.0007470646533807697,0.0008609665440566516
1.2339999999999745,0.2,3533,37,6.134267431460324e-05,0.00012780354330893968,0.00045417576326001196,0.0011027904203182721,0.001918310250012638,0.0055843830782049,0.02285963323992059,21.17180866119445,16.331729408434757,0.0002097492209261686,0.0007476513598403268,0.0008584488051646133
1.2349999999999743,0.2,3533,37,6.212710066405096e-05,0.0001332369910948101,0.0004605241368357634,0.0010944467871709742,0.0019250504848428967,0.005700396371649553,0.021415302980184226,21.28502688932918,16.643079535805263,0.00022138475030750559,0.0007461900977076174,0.0008554799400393165
1.2359999999999742,0.2,3533,37,6.291044659425996e-05,0.00013885172291628418,0.0004664588811112726,0.0010852284685163975,0.001930963610473758,0.005861145317542871,0.02252053471439293,21.36994056043023,16.643079535805263,0.00023357975711745313,0.0007440338924443958,0.0008523203799377654
1.2369999999999741,0.2,3533,37,6.369112958354616e-05,0.00014541549658723496,0.00047366458944629695,0.0010754140298228295,0.0019355452662716643,0.005939957193282689,0.02635090548067796,21.36994056043023,16.643079535805263,0.0002460589741641154,0.0007414646572187857,0.0008491710682569931
1.237999999999974,0.2,3533,37,6.446768887057592e-05,0.00015211090521910698,0.00047927331884493776,0.0010652733655167397,0.0019394150558012149,0.006101857060069682,0.02986798686326861,21.48315878856496,16.98273422020945,0.00025852797392438833,0.0007382804215890693,0.0008461724285169225
1.238999999999974,0.2,3533,37,6.523908304834998e-05,0.0001591076384823793,0.0004831096964549632,0.0010550514269468609,0.001946520129552292,0.006159729381790492,0.032877383660010605,21.48315878856496,17.124257005377867,0.00027068909842582365,0.0007348783355334142,0.0008434045685525859
1.2399999999999738,0.2,3533,37,6.600509997925799e-05,0.00016654734160285168,0.0004851323052860051,0.0010449507655180055,0.001955569330875885,0.006245071701956861,0.035250804581769164,21.48315878856496,17.124257005377867,0.00028225403175356523,0.0007315862240648637,0.0008408886767838908
1.2409999999999737,0.2,3533,37,6.67651405015632e-05,0.000173275200432352,0.0004867262416239052,0.0010351164428654789,0.001965900253994062,0.006320725166044033,0.03692934163459434,21.48315878856496,17.237475233512594,0.0002929561636200188,0.0007284711863589985,0.0008385902414040913
1.2419999999999736,0.2,3533,37,6.75177659311151e-05,0.0001798585209096707,0.00048664265952269266,0.0010256269748204188,0.001976922680321079,0.006476464382541428,0.037916135445989985,21.568072459666006,17.378998018681006,0.00030257191828097287,0.0007266180289157505,0.0008364251829675595
1.2429999999999735,0.2,3533,37,6.826245629698768e-05,0.00018751017459071347,0.0004900419140039054,0.001016493748037195,0.001987104379877378,0.006578921737492046,0.038261511431445294,21.652986130767054,17.605434474950467,0.00031092664164085443,0.0007271269499753706,0.0008342696917971182
1.2439999999999733,0.2,3533,37,6.899941052275733e-05,0.0001931989672162263,0.0004922316485745063,0.0010076701535430945,0.0019960697109354408,0.006630932793841588,0.038043875025270325,21.652986130767054,17.86017548825361,0.00031790557728977,0.0007275199892318793,0.0008319743151545822
1.2449999999999732,0.2,3533,37,6.972888546372768e-05,0.00020023968199108923,0.0004832991786375845,0.0009990695394864104,0.0020016381115051233,0.006662985917382163,0.03734967047863245,21.82281347296915,17.86017548825361,0.00032345723425797226,0.0007276640639821609,0.0008293817467510678
1.2459999999999731,0.2,3533,37,7.045170767771696e-05,0.00020865232524625517,0.00047697434781728026,0.00099059296146141,0.0020035755135348267,0.006561694953586408,0.036254502836543974,21.82281347296915,17.86017548825361,0.0003275874057533987,0.0007274316128291223,0.0008263474453045205
1.246999999999973,0.2,3533,37,7.116880427601445e-05,0.00021635541653241858,0.00047437329542945644,0.0009821563406028286,0.002001940798367768,0.006588912034946148,0.03480789756826513,21.82281347296915,17.94508915935466,0.0003303491430087878,0.0007267139375998405,0.0008227601982042643
1.247999999999973,0.2,3533,37,7.188100765077452e-05,0.0002221382003485818,0.0004709175358538102,0.0009737138074737536,0.001998333236548803,0.006507646090710548,0.033025101901767925,22.020945372204924,18.058307387489386,0.0003318276934281707,0.0007254329661206508,0.0008185598383079196
1.2489999999999728,0.2,3533,37,7.258978683356245e-05,0.000230666525230865,0.0004686924048095883,0.0009652770070601946,0.0019944680738137885,0.006516025831638865,0.030888004006094136,22.020945372204924,18.143221058590434,0.00033212606970243954,0.0007233892904754966,0.0008137500515772444
1.2499999999999727,0.2,3533,37,7.329558593859863e-05,0.00024006338527515295,0.00046491857036179066,0.0009569260973334812,0.0019930297268089,0.006451216143993231,0.028355230762849758,22.020945372204924,18.143221058590434,0.00033212606970243954,0.0007194372625180712,0.0008084039838394119
1.2509999999999726,0.2,3533,37,7.399965940432828e-05,0.0002463531800245878,0.00046259155339298686,0.0009488101253741355,0.001995037331086924,0.006487050549126605,0.02537967232549584,22.020945372204924,18.22813472969148,0.00033212606970243954,0.0007151072894557019,0.0008026617559515614
1.2519999999999725,0.2,3533,37,7.47038914053118e-05,0.00025378932877645846,0.00046040121966746243,0.0009411364504904214,0.001997673126321479,0.006348258075220767,0.02192995397293438,22.020945372204924,18.454571185960937,0.00033212606970243954,0.0007105391685343247,0.0007967194797835475
1.2529999999999724,0.2,3533,37,7.540989006144182e-05,0.00026001300662359064,0.00045836670750906645,0.0009341505724844543,0.001998971658889477,0.0063518461773642175,0.018011565995313894,22.105859043305973,18.56778941409567,0.00033212606970243954,0.0007059016874027713,0.0007908109217638071
1.2539999999999722,0.2,3533,37,7.611898260190477e-05,0.00026400827179784696,0.0004564909627604336,0.0009281093608920751,0.0020026097850264473,0.006327442892842472,0.014259707304871454,22.105859043305973,18.879139541466174,0.00033212606970243954,0.0007013732848272972,0.0007851840600636706
1.2549999999999721,0.2,3533,37,7.683159289054129e-05,0.00026879166094250054,0.0004558659221179441,0.0009232519232475943,0.002004834005048645,0.0062375470902970775,0.013410308772030555,22.105859043305973,19.360317011038777,0.00033212606970243954,0.0006971231844977544,0.0007800761289153968
1.255999999999972,0.2,3533,37,7.754738833120519e-05,0.00027231224434736155,0.0004543879238240547,0.0009197716819384378,0.0020068659922473074,0.006246118950995625,0.012479289330718539,22.19077271440702,19.360317011038777,0.00033212606970243954,0.0006932948363742633,0.0007756896975585903
1.256999999999972,0.2,3533,37,7.826702817343795e-05,0.0002783977873982397,0.0004519479445711034,0.0009177935075287269,0.0020094023084108637,0.006230395730102276,0.011483792839212567,22.19077271440702,19.360317011038777,0.00033212606970243954,0.0006899934610477341,0.0007721727297287373
1.2579999999999718,0.2,3533,37,7.898732404978274e-05,0.00028038094408716407,0.0004498422580420887,0.000917359749672159,0.0020111451177389156,0.006122951609949268,0.011641263879204547,22.19077271440702,19.360317011038777,0.00033212606970243954,0.0006872794352875503,0.0007696059248942788
1.2589999999999717,0.2,3533,37,7.970551455871138e-05,0.0002846902091242288,0.00044918370783485483,0.000918426694896567,0.0020085777358362085,0.006071707659581734,0.012447304576328077,22.19077271440702,19.671667138409283,0.00033212606970243954,0.0006851677072279051,0.0007679985023969493
1.2599999999999716,0.2,3533,37,8.04201925908936e-05,0.0002883947535484177,0.000448783850797071,0.0009208717318346507,0.0020012679364624373,0.005957359141912806,0.014044476984927065,22.19077271440702,19.926408151712426,0.00033212606970243954,0.0006836328555346837,0.000767292765981864
1.2609999999999715,0.2,3533,37,8.112864117107104e-05,0.0002901120670966947,0.00044957296706399727,0.000924509717220337,0.0019907656986551847,0.005923488671478627,0.017091431702747715,22.19077271440702,20.09623549391452,0.00033212606970243954,0.00068250811599731,0.0007673762867916878
1.2619999999999714,0.2,3533,37,8.182920175744783e-05,0.00028955702726085836,0.00045033838675352563,0.0009291160971307242,0.0019771805975055553,0.005717337584608039,0.019436969437991024,22.19077271440702,20.152844607981883,0.00033212606970243954,0.0006804088486737799,0.0007681000604335964
1.2629999999999713,0.2,3533,37,8.252088210140353e-05,0.00029065175219994237,0.00044918630076300355,0.0009344527669226153,0.001962763799538585,0.005595418002538848,0.02108061194341815,22.19077271440702,20.435890178318708,0.00033212606970243954,0.0006786528952647487,0.0007692993523988889
1.2639999999999711,0.2,3533,37,8.320177624745252e-05,0.0002918931691238999,0.00044750334755704616,0.0009402931179537488,0.001948259164099887,0.005488763047493935,0.022083312008673577,22.247381828474385,20.492499292386075,0.00033212606970243954,0.0006772106402329297,0.0007708147000720089
1.264999999999971,0.2,3533,37,8.387101090936892e-05,0.0002906006864097507,0.0004465543082640403,0.0009464424190154271,0.0019353580900397216,0.005467986447114621,0.0225513070243617,22.247381828474385,20.80384941975658,0.00033212606970243954,0.0006763815660412157,0.0007725097735082898
1.265999999999971,0.2,3533,37,8.452896093886208e-05,0.0002888684962717508,0.00044820311253978315,0.0009527519339127952,0.0019238787230711233,0.005527074893247614,0.022615859065183593,22.247381828474385,20.88876309085763,0.00033212606970243954,0.0006765006860999137,0.000774284418632476
1.2669999999999708,0.2,3533,37,8.517611062156517e-05,0.0002865295975568843,0.0004503305180906412,0.0009591240893379967,0.0019157372455622197,0.005521775779997494,0.022410504107757453,22.247381828474385,20.973676761958675,0.00033212606970243954,0.0006768846655932627,0.000776081142667806
1.2679999999999707,0.2,3533,37,8.581206339644589e-05,0.00028483569901458124,0.00045232188376347657,0.0009655089705723681,0.001909768296181035,0.005490781139858472,0.022049105470672892,22.247381828474385,20.973676761958675,0.00033212606970243954,0.0006775344766452902,0.0007778848243695791
1.2689999999999706,0.2,3533,37,8.643743748325904e-05,0.00028286032426997395,0.0004524718907367473,0.0009718937183921862,0.0019064898553816595,0.005461155448937791,0.021608882805284415,22.247381828474385,21.03028587602604,0.00033212606970243954,0.0006784509234297052,0.0007797164096814413
1.2699999999999705,0.2,3533,37,8.705285636734976e-05,0.00028170520012939286,0.0004517175077571212,0.0009782871253991954,0.0019082111557647626,0.005468263653863439,0.02112226570035692,22.247381828474385,21.03028587602604,0.00033212606970243954,0.0006796331695291654,0.0007816220688248166
1.2709999999999704,0.2,3533,37,8.765885208557986e-05,0.0002802381830526723,0.00045096654666983274,0.0009847022919939072,0.001914150809378874,0.005424623902515504,0.02057918812523676,22.247381828474385,21.200113218228132,0.00033212606970243954,0.0006810769698160148,0.0007836598058119648
1.2719999999999703,0.2,3533,37,8.82562384764586e-05,0.00027805543244152495,0.00045042287885099807,0.000991140288753596,0.0019222803207081208,0.005455136066527697,0.019938063129119523,22.247381828474385,21.200113218228132,0.00033212606970243954,0.0006827726099500877,0.0007858856801057357
1.2729999999999702,0.2,3533,37,8.884743252367913e-05,0.00027596758729002093,0.0004500461698467859,0.000997577384348249,0.0019319989162277194,0.005341914818024619,0.019141266583268465,22.247381828474385,21.341636003396548,0.00033212606970243954,0.0006847029346798429,0.0007883416306562196
1.27399999999997,0.2,3533,37,8.94356070695153e-05,0.00027411373027163807,0.00044983830051060494,0.0010039576472686388,0.0019427729377705304,0.005411698701817701,0.018130728637623016,22.247381828474385,21.341636003396548,0.00033212606970243954,0.0006868418209958039,0.0007910464561611263
1.27499999999997,0.2,3533,37,9.002569229497226e-05,0.0002723735062948918,0.00044980412760287596,0.0010101917627109763,0.0019538280922905236,0.005383130713253642,0.01706571556753516,22.332295499575434,21.341636003396548,0.00033212606970243954,0.0006891533215238552,0.0007939908926601902
1.2759999999999698,0.2,3533,37,9.061567939293031e-05,0.00027079323030792504,0.0004499510105422367,0.0010161618810012605,0.0019647342568322105,0.005393277480374873,0.01610277678638608,22.41720917067648,21.341636003396548,0.00033212606970243954,0.0006915918272385479,0.0007971370475736705
1.2769999999999697,0.2,3533,37,9.120576438788469e-05,0.00026858475239273616,0.00045028792855891065,0.0010217314093297733,0.001974398469335137,0.005392372490664101,0.014893983094532375,22.41720917067648,21.539767902632324,0.00033212606970243954,0.0006941033844173258,0.0008004218132704466
1.2779999999999696,0.2,3533,37,9.179728528909155e-05,0.0002666038809805529,0.00045082417731450667,0.0010267580038423004,0.001981283439831821,0.005344229327429094,0.01346171548292274,22.41720917067648,21.596377016699687,0.00033212606970243954,0.0006966281350432209,0.0008037633781228237
1.2789999999999695,0.2,3533,37,9.239092019919756e-05,0.00026531917772674724,0.00045156780609664077,0.0010311076884757353,0.001985808546279574,0.005260783670732691,0.011835526970599902,22.41720917067648,21.652986130767054,0.00033212606970243954,0.0006991037628391097,0.000807069635509805
1.2799999999999694,0.2,3533,37,9.298956984555197e-05,0.0002631256646186974,0.0004525238337482962,0.0010346680437970368,0.001988069431513,0.005251021875328571,0.011925034066640172,22.53042739881121,21.709595244834418,0.00033212606970243954,0.0007014695853359231,0.000810247185754065
1.2809999999999693,0.2,3533,37,9.359615258764386e-05,0.0002610218565098625,0.0004536924271365307,0.0010373587280006098,0.001988500697077156,0.00519497665903608,0.011966551110196543,22.53042739881121,21.794508915935467,0.00033212606970243954,0.000703670834989078,0.0008132097157371732
1.2819999999999692,0.2,3533,37,9.42106028444571e-05,0.0002596708547292815,0.0004550673010108422,0.0010391381290335657,0.0019872860931211154,0.005133314187818319,0.011818961402129098,22.53042739881121,21.794508915935467,0.00033212606970243954,0.0007056626336423147,0.0008158847860464391
1.282999999999969,0.2,3533,37,9.48339005117808e-05,0.00025785863417734277,0.0004566345307168494,0.001040005596947464,0.0019852204401796473,0.005095792955044497,0.011931926946447347,22.53042739881121,21.87942258703651,0.00033212606970243954,0.0007074131303086335,0.0008182183984928315
1.283999999999969,0.2,3533,37,9.546751823928371e-05,0.0002563693623670101,0.00045837202119832475,0.00103999935617598,0.0019831691743011355,0.005008444890140668,0.012143963437697813,22.615341069912258,21.87942258703651,0.00033212606970243954,0.0007089053919231215,0.0008201770928195629
1.2849999999999688,0.2,3533,37,9.611272578126612e-05,0.00025500086853176286,0.000460249786898703,0.0010391907548570943,0.0019816460503096116,0.004882414277873485,0.012168799660713537,22.615341069912258,21.87942258703651,0.00033212606970243954,0.0007101377896449295,0.0008217476734131424
1.2859999999999687,0.2,3533,37,9.677046255507586e-05,0.00025353814740749396,0.00046152827504829556,0.001037675906112256,0.0019814096439526026,0.00483819907851159,0.012011407592125614,22.615341069912258,21.87942258703651,0.00033212606970243954,0.0007111228028181083,0.0008229349503245942
1.2869999999999686,0.2,3533,37,9.74386389637916e-05,0.00025251782364481837,0.0004621317084857236,0.001035565979066399,0.0019807374702349536,0.004790818779201029,0.011682571444749917,22.615341069912258,21.87942258703651,0.00033212606970243954,0.0007120862296458185,0.0008237580663248423
1.2879999999999685,0.2,3533,37,9.811491611400241e-05,0.00025202142795883347,0.0004616573306333288,0.0010329774069406771,0.0019786788784206632,0.0047632425022554594,0.011197373498185975,22.615341069912258,21.96433625813756,0.00033212606970243954,0.0007134784876364637,0.0008242460657825745
1.2889999999999684,0.2,3533,37,9.879715222012886e-05,0.0002514538435040385,0.00046085774689983236,0.0010300231236995711,0.001976623210007453,0.004720437962159076,0.01057345840630252,22.615341069912258,22.049249929238606,0.00033212606970243954,0.0007146736670392632,0.000824433349087883
1.2899999999999683,0.2,3533,37,9.948346339333062e-05,0.00025037286940200574,0.00046153820883822503,0.0010268056660112787,0.00197530341335175,0.004719399064184893,0.010813019907100145,22.615341069912258,22.247381828474385,0.00033212606970243954,0.0007156924599944708,0.0008243555672677871
1.2909999999999682,0.2,3533,37,0.00010017153400315219,0.0002497680436443444,0.00046270000627571164,0.0010234126396823614,0.001975170982259977,0.0046809799818328226,0.011369686007149308,22.615341069912258,22.30399094254175,0.00033212606970243954,0.0007165519160208327,0.0008240463710151857
1.291999999999968,0.2,3533,37,0.00010085975339830195,0.0002486364996760514,0.0004638116392493921,0.0010199147018639095,0.00197535904267948,0.004639463021886421,0.01179966925718034,22.615341069912258,22.473818284743842,0.00033212606970243954,0.0007172631822984097,0.000823535262345132
1.292999999999968,0.2,3533,37,0.00010154617978466398,0.000247461429409302,0.0004648512634148093,0.0010163658958448304,0.0019754435993169415,0.004633924927106831,0.012106264896188263,22.615341069912258,22.473818284743842,0.00033212606970243954,0.0007178304370241474,0.0008228466288180414
1.2939999999999678,0.2,3533,37,0.00010222861544412006,0.00024621041168628664,0.0004645180822031729,0.0010128059250752025,0.0019735982602483997,0.004603417525531587,0.012300950601752736,22.615341069912258,22.473818284743842,0.00033212606970243954,0.0007182510412967388,0.0008219998879255286
1.2949999999999677,0.2,3533,37,0.0001029050349100955,0.00024561038134277984,0.0004648094576594001,0.001009263783345625,0.0019684771285317787,0.004616095751860606,0.012386447316394352,22.615341069912258,22.473818284743842,0.00033212606970243954,0.0007185167893387075,0.0008210105446195826
1.2959999999999676,0.2,3533,37,0.00010357346613718458,0.0002446289961533693,0.0004651731352726538,0.0010057620737192246,0.0019611901230476843,0.004670829544491977,0.012357900120855577,22.615341069912258,22.643645626945936,0.00033212606970243954,0.0007186160113048176,0.0008198918753450357
1.2969999999999675,0.2,3533,37,0.00010423217201357663,0.00024353760021744277,0.00046549664451048944,0.0010023213452859223,0.0019528117869172408,0.004700514473379646,0.012205142475943544,22.615341069912258,22.756863855080667,0.00033212606970243954,0.0007185361894064217,0.000818656900026582
1.2979999999999674,0.2,3533,37,0.0001048797667028794,0.00024338508740415446,0.00046574413363958516,0.0009989638433157359,0.0019472418987199786,0.0047692537772221,0.01191563752124576,22.700254741013303,22.756863855080667,0.00033212606970243954,0.0007182667036773868,0.0008173202897054921
1.2989999999999673,0.2,3533,37,0.00010551517908180885,0.0002426914072061585,0.0004658804127480881,0.0009957161907000367,0.0019448930431453341,0.004831411846671695,0.01147768315659529,22.700254741013303,22.756863855080667,0.00033212606970243954,0.0007178013230780782,0.0008158998807559215
1.2999999999999672,0.2,3533,37,0.00010613781649512179,0.0002421919022896244,0.0004658734204170191,0.0009926106801896738,0.0019451152216562932,0.004925820079025192,0.010883490858613098,22.700254741013303,22.841777526181716,0.00033212606970243954,0.0007171401027895007,0.0008144175240083484
1.300999999999967,0.25,3515,55,0.00010419320869065827,0.00023719226983821376,0.0004111711384986219,0.0007109706699806579,0.0019433780969415088,0.0049345151705503,0.01213517446582954,22.645803698435277,22.90184921763869,0.00033212606970243954,0.0005708352508642652,0.0006515478023167987
1.301999999999967,0.25,3515,55,0.00010483226587125806,0.00023598942532701705,0.00041198043586685037,0.0007183621732207771,0.0019886516714682305,0.00503513383090559,0.03240391541088122,22.759601706970127,22.90184921763869,0.00033212606970243954,0.0005729034435744634,0.0006563816998941263
1.3029999999999669,0.25,3515,55,0.00010548984409551098,0.00023550559050035803,0.00041441158635679396,0.0007331545726714856,0.0020380475440510736,0.00507504186075408,0.0488430365672633,22.844950213371266,22.987197724039827,0.00033212606970243954,0.0005773919530721836,0.0006655831229274156
1.3039999999999667,0.25,3515,55,0.00010616922814666277,0.000235149750349301,0.0004141300589070311,0.0007548962887292594,0.002089465837830337,0.005113737966542932,0.06420381404858568,22.844950213371266,22.987197724039827,0.00033212606970243954,0.0005859927809782207,0.0006785882125974751
1.3049999999999666,0.25,3515,55,0.00010687380332904545,0.00023560608612214017,0.0004151449207149202,0.0007829387138898701,0.0021377147371448306,0.005199776115824452,0.07620438108084393,22.844950213371266,22.987197724039827,0.00033212606970243954,0.0006006790814074805,0.0006946481466911791
1.3059999999999665,0.25,3515,55,0.00010760467133440194,0.00023564778405918646,0.0004147554438084151,0.000816500120886254,0.00218466215576766,0.005213351905926553,0.08465078871904515,22.844950213371266,22.987197724039827,0.00034562956861553705,0.0006178493806261415,0.0007129408677677418
1.3069999999999664,0.25,3515,55,0.00010836603904690397,0.00023607460213294164,0.0004195319600841628,0.000854725480282817,0.002231483063139463,0.005289219736978704,0.09054506595696371,22.844950213371266,22.987197724039827,0.000372274864619276,0.0006368960167522533,0.0007326802213967198
1.3079999999999663,0.25,3515,55,0.00010916048589958454,0.0002364353279888094,0.0004229217849949643,0.0008967481759476549,0.002276276083957613,0.005288602802849268,0.09314938814361184,22.844950213371266,22.987197724039827,0.00040105687332740036,0.0006571526511033674,0.0007532108983880903
1.3089999999999662,0.25,3515,55,0.00010998932443503066,0.00023672322094101496,0.00043084879453674174,0.0009417482119128123,0.0023170680036690714,0.005269375907227692,0.09288424561017884,22.844950213371266,23.01564722617354,0.0004311636853334908,0.0006781200192537054,0.0007740802940574554
1.309999999999966,0.25,3515,55,0.000110855094719184,0.0002370242307185918,0.0004402840427107512,0.0009889983873718063,0.0023556676221990476,0.005236345058005766,0.09026720208128906,22.844950213371266,23.01564722617354,0.00046208444646315364,0.0006993880981794276,0.0007950795126347998
1.310999999999966,0.25,3515,55,0.00011175871182919565,0.0002377198185763672,0.00045596267896547154,0.0010378805569542023,0.0023913086795108365,0.005185793785585885,0.08533210325162206,22.844950213371266,23.01564722617354,0.0004932205002111404,0.0007206317169843725,0.0008162415269303835
1.3119999999999659,0.25,3515,55,0.00011270016143233822,0.00023845683105945293,0.00047107003270658617,0.0010878753410580276,0.002421893490160702,0.005111974173042499,0.0795202510012014,22.873399715504977,23.01564722617354,0.0005239332194220475,0.0007416429080428559,0.0008378023495048126
1.3129999999999658,0.25,3515,55,0.00011367909399728909,0.00023852083190198156,0.0004854111413307429,0.0011385396254814987,0.0024458752062019484,0.005018484090913261,0.0763195607521584,22.958748221906117,23.129445234708392,0.0005538769779199595,0.0007622584830145566,0.0008601351005346203
1.3139999999999656,0.25,3515,55,0.00011469391248970177,0.0002387100397691764,0.0004988975372884229,0.0011894817197400647,0.002463145386621169,0.004943300235833242,0.07523654565843017,22.958748221906117,23.21479374110953,0.00058273228235451,0.0007825184697131558,0.0008836708877275612
1.3149999999999655,0.25,3515,55,0.00011574303368038943,0.000239796365329196,0.0005119846012796132,0.0012403360592384614,0.0024755592212054728,0.004891873570185937,0.07491376369990452,22.958748221906117,23.30014224751067,0.0006102968819796822,0.0008028015728330443,0.0009088137956183573
1.3159999999999654,0.25,3515,55,0.00011682479987524867,0.00024029536054481895,0.0005264771737109814,0.0012907425609017364,0.0024841294156112722,0.004831571713329868,0.07515810305501679,22.958748221906117,23.357041251778092,0.0006365949407833452,0.0008294216594810509,0.0009358630424145531
1.3169999999999653,0.25,3515,55,0.00011793683545335728,0.000240244245351906,0.0005455006757606547,0.0013403339848653212,0.0024907436030788856,0.004837122367927055,0.07376768620629733,22.958748221906117,23.52773826458037,0.0006616946874512112,0.0008562606957225263,0.0009649526742450121
1.3179999999999652,0.25,3515,55,0.00011907692303589819,0.0002404416473294224,0.0005675419832667297,0.001388729660869184,0.002497280225635608,0.004821168827191802,0.07116830858526481,23.044096728307252,23.52773826458037,0.0006857802571732089,0.0008831981347780943,0.000996016127754018
1.318999999999965,0.25,3515,55,0.00012024281220511259,0.00024065357762598132,0.0005888162490038778,0.0014355359566861896,0.002506033272717492,0.004784004989908532,0.0678717538193086,23.044096728307252,23.52773826458037,0.0007091275259287518,0.0009103605756014077,0.0010287779856952284
1.319999999999965,0.25,3515,55,0.00012143207077723647,0.00024080595284669686,0.0006114830516528004,0.001480353448393271,0.002519829897757686,0.004749838957764882,0.06438474524163207,23.044096728307252,23.698435277382647,0.0007319855872043011,0.0009377259268652209,0.0010627718910924955
1.3209999999999649,0.25,3515,55,0.00012264249790283526,0.00024126477304624533,0.000633420406772966,0.001522789342566672,0.002540007960236727,0.004762820152076709,0.06584352587751288,23.044096728307252,23.698435277382647,0.0007546110918555512,0.0009632448754996074,0.0010973806664509311
1.3219999999999648,0.25,3515,55,0.00012387182866504864,0.00024278301155773429,0.0006679286811416925,0.001562474395196755,0.002566345035876784,0.004782774726059678,0.06794076843608683,23.186344238975817,23.75533428165007,0.0007772063769490763,0.0009859276861137992,0.0011318919479741396
1.3229999999999646,0.25,3515,55,0.00012511777153776602,0.00024428451417334186,0.0007021753733731378,0.0015990824553101313,0.002595721161297034,0.004925682939311372,0.06835916197519011,23.186344238975817,23.75533428165007,0.0007998830513463419,0.0010081268606263918,0.001165561522590508
1.3239999999999645,0.25,3515,55,0.00012637821517235006,0.0002470622198649356,0.0007286762949676674,0.0016323498003236014,0.002624464712002043,0.005102201279107679,0.06716281203298924,23.186344238975817,23.812233285917497,0.0008226889919983556,0.0010295708123968985,0.001197675785064689
1.3249999999999644,0.25,3515,55,0.00012765105011742012,0.00025006503838881047,0.0007446381429742351,0.0016620913153077878,0.0026513328568881513,0.005259583389105761,0.06454540317144992,23.186344238975817,23.812233285917497,0.0008455875654508335,0.0010537639974819628,0.001227606395730163
1.3259999999999643,0.25,3515,55,0.00012893423349998888,0.00025155274500359657,0.0007593871624414099,0.001688210768346829,0.0026763011149044873,0.005408328741509269,0.0608081576830927,23.186344238975817,23.982930298719772,0.0008684765569268533,0.001077397753771408,0.001254852424317221
1.3269999999999642,0.25,3515,55,0.00013022586603816784,0.00025371023305532437,0.0007837489182369868,0.0017107049393774933,0.0026997890158814235,0.0055022472282867186,0.05632277251379938,23.186344238975817,24.039829302987197,0.0008912146617992817,0.0010993609320695049,0.0012790739110819516
1.327999999999964,0.25,3515,55,0.00013152414648619033,0.0002568107340634127,0.0008064835777426922,0.0017296594051957207,0.0027202653143535652,0.0056941129721870265,0.05214162234512868,23.271692745376956,24.096728307254622,0.0009136213929768674,0.0011196556196648262,0.0013001046683527306
1.328999999999964,0.25,3515,55,0.0001328274287000383,0.00026052747712255976,0.0008374156524255823,0.0017452321953427838,0.0027380983966424103,0.005833738947063142,0.04818278231236535,23.271692745376956,24.466571834992887,0.0009355142228201982,0.001142051915233489,0.001317933338054189
1.3299999999999639,0.25,3515,55,0.00013413414592757227,0.00026481141980253816,0.0008664582860762994,0.0017576322412716735,0.002753420332398298,0.006032517613456967,0.043939070355729415,23.271692745376956,24.69416785206259,0.0009567155723525013,0.0011639452769379103,0.0013326744872728113
1.3309999999999638,0.25,3515,55,0.00013544279506420978,0.0002717058818722962,0.0008789850513993249,0.0017670979450747576,0.0027667400109480404,0.006209735668831075,0.03966948392156323,23.271692745376956,24.69416785206259,0.0009770695961797834,0.001182713239315271,0.0013445448597195764
1.3319999999999637,0.25,3515,55,0.0001367520563996558,0.00027852118542585354,0.0008835212123107099,0.0017738785547951402,0.0027795702575671775,0.006585171674710059,0.03722068026569553,23.357041251778092,24.69416785206259,0.000996444476162657,0.0011981641870447977,0.0013538332733737946
1.3329999999999635,0.25,3515,55,0.00013806075813212277,0.00028569330016746424,0.0008983051591535909,0.001778218098396819,0.0027925848317655547,0.0069017248743282,0.03518450028487189,23.357041251778092,24.69416785206259,0.001014731855398661,0.001210244733459805,0.0013624315775615514
1.3339999999999634,0.25,3515,55,0.00013936793365065307,0.0002954947046924938,0.0009073464562521071,0.0017803446762330386,0.002805790215524514,0.007578400308129937,0.032748868595234744,23.556187766714082,24.779516358463727,0.0010318482533181108,0.0012190427071342598,0.0013693912978460787
1.3349999999999633,0.25,3515,55,0.00014067293403081693,0.00030630549597738166,0.0009135488062987909,0.001780465421295782,0.0028180755865830657,0.00818335707971304,0.03023998733982218,23.556187766714082,25.064011379800853,0.0010477256401993673,0.0012247775334948978,0.0013740676830877874
1.3359999999999632,0.25,3515,55,0.00014197538019047187,0.0003180364500955678,0.0009263322603603245,0.001778766348391686,0.002830684132739338,0.008696189980732388,0.027970251250548906,23.556187766714082,25.54765291607397,0.0010623036348814635,0.0012277780213551116,0.0013768119038779503
1.336999999999963,0.25,3515,55,0.00014327520089745774,0.0003250221094934473,0.0009372408607885313,0.0017754159072355528,0.0028437665209285743,0.008924979588305388,0.026701174273502506,23.556187766714082,25.689900426742536,0.0010755231004649516,0.0012284524490725475,0.0013779882441262714
1.337999999999963,0.25,3515,55,0.00014457271260855686,0.0003350778806528947,0.0009463457522543482,0.001770570840764069,0.002857162015780713,0.00929234808150277,0.02833437803346802,23.698435277382647,25.860597439544808,0.00108732683063,0.0012272546510189882,0.0013779521989576438
1.3389999999999629,0.25,3515,55,0.00014586848245441063,0.0003467595373789696,0.0009536494726063051,0.0017643822332545156,0.002871279324738602,0.009521432362973436,0.028862451024644836,23.812233285917497,25.860597439544808,0.0010976524556250264,0.00122730354346698,0.0013770312869851864
1.3399999999999628,0.25,3515,55,0.00014716301737904212,0.0003576176806965391,0.0009587034671111395,0.0017570005505419934,0.002886731688263845,0.009955429664161344,0.028779650777419414,23.812233285917497,25.860597439544808,0.0011064397586704995,0.0012300841837342097,0.0013755099886303412
1.3409999999999627,0.25,3515,55,0.00014845657761566866,0.00037166072929190703,0.0009615365313955567,0.001748578707001068,0.0029031110192866906,0.010512376817377982,0.03156611034301421,23.812233285917497,26.002844950213372,0.0011136357794773225,0.0012325200376306572,0.001374792735450825
1.3419999999999626,0.25,3515,55,0.00014974889893152235,0.0003835110446054691,0.0009622514360785377,0.0017392729873537097,0.0029215779685338905,0.010786328974895095,0.034309641838570645,23.897581792318633,26.5149359886202,0.0011192172222117063,0.001234729093905149,0.0013748538754434492
1.3429999999999624,0.25,3515,55,0.00015103949217800118,0.00039790714347074616,0.0009673806011561187,0.0017292427222217331,0.002939257550348603,0.010740815342036577,0.036645029358029546,23.897581792318633,26.600284495021338,0.0011231973020874814,0.0012367882549367062,0.0013749916133320994
1.3439999999999623,0.25,3515,55,0.0001523280841276804,0.00040606984226133154,0.0009714897442489293,0.0017186479802398563,0.0029543703594286526,0.010915030830593522,0.03828223164837074,23.897581792318633,26.685633001422477,0.0011256254662757672,0.0012385472748540588,0.0013752342442288068
1.3449999999999622,0.25,3515,55,0.00015361473047987895,0.0004201744743141342,0.0009697587373931709,0.001707646038299776,0.0029670638939575996,0.010759738603423882,0.0390155996132619,24.011379800853486,26.85633001422475,0.0011265852507257763,0.0012403646723096722,0.0013755762511387104
1.3459999999999621,0.25,3515,55,0.00015489976452830452,0.0004295594232192372,0.0009744771887620476,0.0016963881442805682,0.0029780650888886926,0.010811265924157213,0.04043807910924963,24.011379800853486,26.85633001422475,0.0011265852507257763,0.0012453789244515493,0.0013759827412727077
1.346999999999962,0.25,3515,55,0.00015618369385778845,0.00044025692096601404,0.0009676851369297263,0.0016850162999668121,0.0029865076003230853,0.010890651846838179,0.04151533291020816,24.06827880512091,26.913229018492174,0.0011265852507257763,0.0012500175562911403,0.0013763945822162782
1.347999999999962,0.25,3515,55,0.00015746708956879796,0.0004520125902788596,0.000953688710780494,0.0016736609049421958,0.0029927987570111726,0.010815443057195527,0.041789414247834056,24.06827880512091,27.14082503556188,0.0011265852507257763,0.0012542003665967699,0.001376734490211362
1.3489999999999618,0.25,3515,55,0.00015875048451642563,0.0004674562623680337,0.0009505303641731052,0.0016624398521944159,0.002998610430738801,0.011004810107741887,0.0412425241462183,24.06827880512091,27.254623044096725,0.0011265852507257763,0.0012578535583859399,0.0013769142753297103
1.3499999999999617,0.25,3515,55,0.00016003428823483173,0.0004808989861585287,0.0009544669561703107,0.0016514590609162415,0.003004917411321316,0.010948820840631342,0.03988314930543335,24.06827880512091,27.254623044096725,0.0011265852507257763,0.0012587537295611355,0.0013768428626299567
1.3509999999999616,0.25,3515,55,0.00016131872875871042,0.0004929202961990384,0.0009490641175103929,0.0016408145408202738,0.003012111973482591,0.010710945454182646,0.037745296429496644,24.06827880512091,27.254623044096725,0.0011265852507257763,0.0012574672844314402,0.0013764352648841793
1.3519999999999615,0.25,3515,55,0.00016260386376725245,0.0005068705296244171,0.0009423563918353695,0.0016305958689651632,0.0030182607079286185,0.01058007048301988,0.03488745723744295,24.06827880512091,27.254623044096725,0.0011265852507257763,0.0012558259587234738,0.0013756214004025935
1.3529999999999613,0.25,3515,55,0.00016388962568753863,0.0005201882274088686,0.0009395409113164402,0.0016208904852098064,0.0030235037260843704,0.010543096179021475,0.03139108116466936,24.15362731152205,27.254623044096725,0.0011265852507257763,0.0012538708287614304,0.0013743539855717302
1.3539999999999612,0.25,3515,55,0.0001651758553499277,0.0005316082556149458,0.0009384642397157231,0.0016117881981653319,0.0030286939559448878,0.01048752610584573,0.02735840158435463,24.15362731152205,27.368421052631582,0.0011265852507257763,0.0012516669486618433,0.0013726151501209927
1.3549999999999611,0.25,3515,55,0.0001664622951446351,0.000540508066500985,0.0009400700887830252,0.00160338514530447,0.003032631731964819,0.010383542940995484,0.022909766136340333,24.15362731152205,27.453769559032715,0.0011265852507257763,0.0012492777331861975,0.0013704212430596385
1.355999999999961,0.25,3515,55,0.00016774850154731042,0.0005488908862019803,0.0009416983652446053,0.0015957865736177198,0.0030327914003245074,0.01032331358518093,0.018353399863263873,24.15362731152205,27.539118065433854,0.0011265852507257763,0.0012467763584941035,0.0013678253974518384
1.356999999999961,0.25,3515,55,0.00016903380290735114,0.0005574067361689438,0.0009427020973967782,0.0015891078421161376,0.0030268710299883113,0.01027371845234712,0.019446484768291132,24.15362731152205,27.539118065433854,0.0011265852507257763,0.001244336051862726,0.0013649175266685631
1.3579999999999608,0.25,3515,55,0.0001703173237106494,0.0005657914817840008,0.0009431459607805805,0.0015834733315072322,0.003016762014839937,0.010049742183298464,0.020212231132844514,24.15362731152205,27.539118065433854,0.0011265852507257763,0.0012420650363676221,0.0013618217200956906
1.3589999999999607,0.25,3515,55,0.00017159810614415165,0.0005731135937439676,0.0009443059556872708,0.0015790131382765209,0.003003139221869182,0.009956013517060084,0.02059312746627641,24.15362731152205,27.539118065433854,0.0011265852507257763,0.0012400679426754185,0.0013586910785647888
1.3599999999999606,0.25,3515,55,0.00017287507437553176,0.0005793259872374621,0.0009455862349117944,0.0015758576765631698,0.002985019589170641,0.009739039324448976,0.02055130757382115,24.15362731152205,27.539118065433854,0.0011265852507257763,0.001238441265203507,0.0013557001945194713
1.3609999999999605,0.25,3515,55,0.00017414689481463005,0.0005836112521290967,0.0009466338759889564,0.0015741305671906523,0.0029629192843372548,0.009457415418468998,0.020072023082331338,24.15362731152205,27.652916073968704,0.0011265852507257763,0.001237269667288652,0.001353035712291728
1.3619999999999604,0.25,3515,55,0.0001754122834731091,0.0005881588983493631,0.0009477249568417968,0.0015739403972573026,0.002938499443720527,0.009282615362649346,0.019165071669967206,24.210526315789473,27.652916073968704,0.0011265852507257763,0.0012366231688510831,0.0013508855141779463
1.3629999999999602,0.25,3515,55,0.00017667022683132537,0.0005914064621624095,0.0009490791118957764,0.0015753720678471884,0.002910165978269515,0.009081810506439797,0.01889372757613633,24.295874822190612,27.766714082503558,0.0011265852507257763,0.0012365552083092198,0.0013494272065734947
1.3639999999999601,0.25,3515,55,0.00017791903630344947,0.000592027987991045,0.0009502215113614661,0.0015784785354570475,0.002880934736767974,0.008867572735709628,0.01894639121083884,24.295874822190612,27.766714082503558,0.0011265852507257763,0.001237031419590516,0.0013488166498376586
1.36499999999996,0.25,3515,55,0.0001791559780153468,0.0005924246867045146,0.0009511557775842425,0.0015832737469960447,0.0028522461474310853,0.008606010112759778,0.020555562894182217,24.295874822190612,27.766714082503558,0.0011265852507257763,0.0012381281106973053,0.001349177328073381
1.36599999999996,0.25,3515,55,0.00018037889435089857,0.0005938229601477649,0.0009549915451874728,0.0015897274764320444,0.0028247220442479066,0.00841428881740541,0.022980102247916943,24.38122332859175,27.766714082503558,0.0011265852507257763,0.001239851205096346,0.0013505913888174348
1.3669999999999598,0.25,3515,55,0.00018158660844832156,0.0005918309578179919,0.0009574520423348872,0.0015977626428221032,0.0028046917354096704,0.008224330534276243,0.02496904616334119,24.38122332859175,27.766714082503558,0.0011288041070072986,0.0012421864533996864,0.0013530931079408504
1.3679999999999597,0.25,3515,55,0.00018277978326654347,0.0005893712458622,0.0009579560826528405,0.0016072561965152178,0.0027926716095095904,0.008145350338283936,0.026514908291505157,24.38122332859175,27.852062588904698,0.001131252245344652,0.0012451044892889463,0.0013566658104195994
1.3689999999999596,0.25,3515,55,0.00018395731383518392,0.0005891070871471403,0.0009587832944730312,0.0016180424148485913,0.002793337723287137,0.0080936901142636,0.027610415888158952,24.38122332859175,27.852062588904698,0.0011334113667976135,0.0012485630726222529,0.00136124225515033
1.3699999999999595,0.25,3515,55,0.0001851193098088664,0.0005886681498484407,0.0009599595035682882,0.0016299185267827695,0.002803804425627321,0.00787608045820538,0.028249396542364573,24.38122332859175,27.852062588904698,0.0011352741445382138,0.0012525093535426493,0.0013667082645945072
1.3709999999999594,0.25,3515,55,0.00018626724582184297,0.0005875428376939653,0.0009615062584377031,0.0016426530338029546,0.0028210981745751588,0.007840562572793917,0.028430198223076148,24.38122332859175,27.852062588904698,0.0011368450574563266,0.0012568775754050075,0.0013729099652834975
1.3719999999999593,0.25,3515,55,0.00018740295649911218,0.0005851534939727431,0.0009634378428684363,0.001655995976228915,0.0028423535586254746,0.00800791210617288,0.028160437735175084,24.38122332859175,27.965860597439544,0.0011381307446385015,0.0012596884705521852,0.0013796640809964344
1.3729999999999591,0.25,3515,55,0.0001885313232389945,0.0005835736303571409,0.0009657583023350133,0.0016696904140018121,0.002867495335893439,0.008029994479050792,0.027461613708082287,24.38122332859175,27.965860597439544,0.001139138049605459,0.0012628858347435927,0.0013867704592165353
1.373999999999959,0.25,3515,55,0.00018966299955203077,0.0005807867153058553,0.0009693144334016001,0.0016834843580120899,0.002896411236685709,0.008185471362623065,0.026372237320928228,24.38122332859175,28.051209103840684,0.0011398724659866528,0.001266384437380829,0.0013940258407458828
1.374999999999959,0.25,3515,55,0.00019079787634268774,0.0005791176723062134,0.0009733563255593249,0.0016971422607804443,0.002926197642579741,0.008211695229205604,0.024948420564178755,24.38122332859175,28.051209103840684,0.0011403328509387103,0.0012700955924362062,0.0014012377174488222
1.3759999999999588,0.25,3515,55,0.00019193317366506113,0.0005765217179406996,0.0009777786738927286,0.0017104550877848769,0.0029545533283488754,0.008139024087564103,0.023261360405350113,24.38122332859175,28.051209103840684,0.0011405133548450905,0.0012739331031816972,0.0014082369971184505
1.3769999999999587,0.25,3515,55,0.00019307319069014343,0.0005733879943311083,0.0009825245231868875,0.0017232480197949785,0.0029790997885478865,0.00814770032280177,0.021391814405628606,24.38122332859175,28.13655761024182,0.0011405133548450905,0.0012778185177168804,0.0014148881820830184
1.3779999999999586,0.25,3515,55,0.00019422349393405052,0.0005710587465034509,0.000987524302405285,0.001735385140224339,0.0029981495008065736,0.008120864489323393,0.02039234154245256,24.38122332859175,28.13655761024182,0.0011405133548450905,0.0012816852848135264,0.0014210961249396803
1.3789999999999585,0.25,3515,55,0.00019537687334815395,0.000569956714581509,0.000990898191530165,0.001746770725593472,0.0030118906400327865,0.00803709070450585,0.019789852683824275,24.38122332859175,28.13655761024182,0.0011405133548450905,0.0012854814482796747,0.0014268087478477298
1.3799999999999584,0.25,3515,55,0.00019653085008254867,0.0005680143471373363,0.0009933299267809916,0.0017573470748552997,0.0030188727917973375,0.007970828031670549,0.018877854659498882,24.38122332859175,28.193456614509245,0.0011405133548450905,0.0012891706421464012,0.001432015543407772
1.3809999999999583,0.25,3515,55,0.00019768417383256716,0.0005661378401566572,0.0009989308623014623,0.0017670892709899964,0.003018652567883772,0.00786610721930382,0.01768047183521317,24.38122332859175,28.250355618776673,0.0011405133548450905,0.0012927314022556818,0.0014367421566134908
1.3819999999999582,0.25,3515,55,0.0001988372673018063,0.0005654380489875911,0.0010051733191313898,0.0017759976164060853,0.003012213762660257,0.007789000600239079,0.016698246788649854,24.38122332859175,28.250355618776673,0.0011405133548450905,0.001296155006137211,0.0014410417862364966
1.382999999999958,0.25,3515,55,0.00019998995509200407,0.0005644737916978268,0.0010107853946745933,0.0017840887333896538,0.0030007000590557102,0.0075981200971866275,0.016397044792656395,24.38122332859175,28.250355618776673,0.0011405133548450905,0.0012997975877060083,0.0014449844899147024
1.383999999999958,0.25,3515,55,0.00020114246065269036,0.0005642219513648642,0.0010107171181627135,0.001791386449367892,0.0029839667266872215,0.007477192646326091,0.016153739151079205,24.38122332859175,28.250355618776673,0.0011405133548450905,0.0013041802974273768,0.0014486456867217612
1.3849999999999578,0.25,3515,55,0.0002022944570052103,0.0005646077892315604,0.0010155844371855427,0.001797913563129188,0.002963190525855139,0.00735214726307369,0.015771738020386804,24.38122332859175,28.250355618776673,0.0011405133548450905,0.0013082663615070554,0.0014520951952938788
1.3859999999999577,0.25,3515,55,0.00020344702087685812,0.0005627067326480472,0.0010226686460534772,0.001803685419253903,0.0029384158279667826,0.0072045143387347195,0.015523475785068007,24.38122332859175,28.250355618776673,0.0011405133548450905,0.0013120354966242435,0.001455388020509929
1.3869999999999576,0.25,3515,55,0.0002046002072683862,0.0005632118688498825,0.0010283969127828604,0.0018087059330743032,0.0029104688540299967,0.00710041965164068,0.014989724610388264,24.38122332859175,28.250355618776673,0.0011405133548450905,0.0013154734312490989,0.0014585578280623679
1.3879999999999575,0.25,3515,55,0.00020575561401851397,0.0005631685569083271,0.0010340100278369896,0.0018129663528339195,0.0028810417370714225,0.007073210020801581,0.014207855283390983,24.438122332859173,28.250355618776673,0.0011405133548450905,0.001318571057108474,0.0014616136651568468
1.3889999999999574,0.25,3515,55,0.00020691396636568236,0.0005630987698085309,0.0010399787104344532,0.0018164466719565858,0.0028520975090282567,0.007001243177307463,0.013211460329794814,24.438122332859173,28.3072546230441,0.0011405133548450905,0.001321323555289058,0.0014645400515398421
1.3899999999999573,0.25,3515,55,0.00020807652363277434,0.000562721430714478,0.0010455346195657575,0.0018191192639084584,0.0028263421765370067,0.006961830996075371,0.013821864479697382,24.438122332859173,28.3072546230441,0.0011405133548450905,0.001323729536611789,0.001467300138656924
1.3909999999999572,0.25,3515,55,0.0002092438515937592,0.0005625931422100467,0.0010503579396012267,0.0018209540490633034,0.002807073967205972,0.006944845191028015,0.014178102461875846,24.438122332859173,28.3072546230441,0.0011405133548450905,0.0013257902235333703,0.0014698412736642297
1.391999999999957,0.25,3515,55,0.00021041756488881478,0.0005636815379659219,0.0010520894106136906,0.001821924346613524,0.002794863865938285,0.0069492997522044905,0.01425510409127463,24.523470839260312,28.3072546230441,0.0011405133548450905,0.0013275086913066435,0.0014721020539454344
1.392999999999957,0.25,3515,55,0.00021159716667966592,0.0005658416873248172,0.0010541218710095526,0.0018220125293286662,0.0027862175789143003,0.0070380780477826725,0.014045895535905064,24.523470839260312,28.3072546230441,0.0011405133548450905,0.0013288891807057546,0.0014740198448173203
1.3939999999999568,0.25,3515,55,0.0002127779769938889,0.000568109434431462,0.001056184626859975,0.0018212146829094103,0.0027807237240740955,0.007051995847899176,0.013554738152900673,24.523470839260312,28.3072546230441,0.0011405133548450905,0.0013299364929169539,0.0014755377649393608
1.3949999999999567,0.25,3515,55,0.00021395581938124227,0.0005696291823065828,0.001058248342012127,0.001819543657226051,0.002777793749579703,0.007087053161500161,0.012797200162548516,24.523470839260312,28.392603129445238,0.0011405133548450905,0.0013306554785065899,0.0014766103063621472
1.3959999999999566,0.25,3515,55,0.00021512699693483858,0.0005710878368154822,0.0010602883126235433,0.0018170301539800452,0.0027781549562813698,0.007202190970485694,0.011799820376827004,24.523470839260312,28.392603129445238,0.0011405133548450905,0.001331050635423542,0.0014772070174871033
1.3969999999999565,0.25,3515,55,0.0002162886668538649,0.0005715029742201361,0.0010594269503076082,0.0018137217862048396,0.002779249100557685,0.0073044211886118884,0.011750797348682071,24.523470839260312,28.392603129445238,0.0011405133548450905,0.0013311258338951344,0.0014773139937815927
1.3979999999999564,0.25,3515,55,0.00021743818886330062,0.0005723051447234602,0.0010571586019217595,0.0018096803281851398,0.002780239013761963,0.007374612813979003,0.011966715281581688,24.523470839260312,28.392603129445238,0.0011405133548450905,0.0013308841872890285,0.0014769332445006
1.3989999999999563,0.25,3515,55,0.00021857306326002307,0.0005730610853615996,0.0010539019231765269,0.0018049776110539474,0.0027818508532515746,0.007431734194760303,0.011896100805312395,24.523470839260312,28.392603129445238,0.0011405133548450905,0.0013307368020723008,0.0014760802878193147
1.3999999999999562,0.25,3515,55,0.00021969114700415708,0.0005740360818866095,0.0010497432944335749,0.0017996906793326978,0.0027857215337531204,0.00757404342626566,0.011575787166932184,24.523470839260312,28.56330014224751,0.0011405133548450905,0.0013307315109462286,0.001474780535094311
1.400999999999956,0.3,3495,75,0.0002154371624812902,0.0005487043972745466,0.0009472532730562161,0.001417175090034602,0.0027770157632773505,0.007614811335415483,0.018084170413877894,24.663805436337626,28.583690987124466,0.0006774539607660448,0.0011762960539833216,0.0012756884212095088
1.401999999999956,0.3,3495,75,0.00021656709662053384,0.0005491736526749055,0.0009450959211825257,0.001418640667445113,0.0028226503332823396,0.007739766123938438,0.03775132983065516,24.74964234620887,28.583690987124466,0.0006774539607660448,0.0011755110839479735,0.0012763626645906356
1.4029999999999558,0.3,3495,75,0.00021770892863760193,0.0005495051850060859,0.0009422531002530111,0.001423272447983067,0.0028764685216321507,0.007829591783209798,0.05374478613840884,24.74964234620887,28.583690987124466,0.0006828153445931281,0.0011757490122291097,0.001278391794073741
1.4039999999999557,0.3,3495,75,0.00021886609446934767,0.0005501018205341022,0.0009385322572791645,0.0014311392178644436,0.0029313706194917808,0.00790692518087297,0.06356600465084809,24.74964234620887,28.698140200286122,0.0006946566015371243,0.0011772259278688925,0.0012816749672523997
1.4049999999999556,0.3,3495,75,0.00022003933021564386,0.0005510675002372667,0.0009495672750549782,0.0014423370956382505,0.0029845155599235148,0.008078883607611831,0.06673637046357832,24.74964234620887,28.75536480686695,0.0007076067328847111,0.0011801480638517826,0.0012860997820709485
1.4059999999999555,0.3,3495,75,0.0002212256347305915,0.0005518752396164838,0.0009439860383257016,0.0014569548117978396,0.0030367884900918875,0.008135274020008652,0.06926197978461729,24.8068669527897,28.841201716738198,0.0007200238825391493,0.0011847436262704195,0.0012915508076325466
1.4069999999999554,0.3,3495,75,0.00022242866106168648,0.0005520488549576382,0.0009396631506146608,0.001475030312590174,0.0030922638216000845,0.008119177425078651,0.07408571493489756,24.892703862660944,28.86981402002861,0.0007319430799201497,0.0011966317908536446,0.0012979187853972007
1.4079999999999553,0.3,3495,75,0.0002236484772553326,0.0005550940676632645,0.0009534644221744971,0.001496515981712145,0.0031434222047568494,0.008157299488775516,0.07642207734223438,24.892703862660944,28.86981402002861,0.0007427703166926864,0.0012091888479784391,0.0013051184173846764
1.4089999999999552,0.3,3495,75,0.00022488564174716878,0.000556840277321091,0.0009535679830769726,0.0015212511107696055,0.003188924264290197,0.008158492142009163,0.07769225233167353,24.892703862660944,28.86981402002861,0.0007518114305931898,0.0012199916930069052,0.0013131106092423295
1.409999999999955,0.3,3495,75,0.00022614390916929938,0.0005586769707970102,0.0009695710884929045,0.0015489461343500684,0.003230978011745142,0.008163497652773351,0.07816662915569593,24.92131616595136,28.86981402002861,0.000759601185919623,0.0012320038412816485,0.0013219245706075355
1.410999999999955,0.3,3495,75,0.00022742412012148242,0.000560267570946385,0.0009870040558432544,0.0015791901668942008,0.0032703209524339383,0.008108032863919227,0.07766424981250386,24.92131616595136,28.955650929899857,0.0007663286000371101,0.0012450218326646868,0.00133167746866647
1.4119999999999548,0.3,3495,75,0.00022872839766557138,0.0005621184835002492,0.0010018441496806117,0.0016114793415141157,0.003307874903458878,0.0081059767780251,0.07706450848152199,24.92131616595136,28.955650929899857,0.00077249836487786,0.00125888901424263,0.0013425825314605788
1.4129999999999547,0.3,3495,75,0.00023005947896872987,0.0005639981471534655,0.0010137387624212647,0.0016452642489742629,0.0033432944783801156,0.008027886698356853,0.07618434133816074,24.92131616595136,28.955650929899857,0.0007921830094442177,0.0012735225952177948,0.001354942051801089
1.4139999999999546,0.3,3495,75,0.00023141681766022893,0.0005671196706145819,0.0010271111695742316,0.0016800101468762096,0.0033743404444375436,0.008018513390054703,0.07500589807250317,24.92131616595136,28.955650929899857,0.0008212353344008076,0.0012889280588565656,0.0013691227711092324
1.4149999999999545,0.3,3495,75,0.00023280175087417808,0.0005699005616230074,0.001041748648861603,0.0017152538116633447,0.0034018660716536764,0.007884943649172896,0.07382129811914859,24.97854077253219,28.955650929899857,0.0008598416510492437,0.001305194039826399,0.001385511874786971
1.4159999999999544,0.3,3495,75,0.00023421486362201876,0.0005714574432517292,0.0010555102598408933,0.001750644912217673,0.0034269691512039064,0.007828749436599537,0.07232158287313323,24.97854077253219,29.0414878397711,0.0009010713924056778,0.0013224698654192666,0.0014044588321233675
1.4169999999999543,0.3,3495,75,0.00023565560774109636,0.0005759092788190759,0.0010702622333086768,0.0017859607728130174,0.0034514643731528715,0.007721754657566387,0.07052508404143594,25.035765379113016,29.0414878397711,0.0009408538133073751,0.0013400363369296855,0.001426210860664412
1.4179999999999542,0.3,3495,75,0.00023712413276212488,0.0005760844041161011,0.0010850214339347946,0.001821088791265045,0.003476783836916428,0.007640005290017534,0.0684673234165585,25.035765379113016,29.0414878397711,0.0009796043139053646,0.0013575564763385244,0.0014508516476325894
1.418999999999954,0.3,3495,75,0.00023861999638811454,0.0005755308111285841,0.0011000562568118707,0.0018559820523770588,0.003503429564491927,0.007589840565067412,0.06931044279982279,25.035765379113016,29.0414878397711,0.0010174803182026045,0.001375361201704481,0.0014782549707703652
1.419999999999954,0.3,3495,75,0.0002401426015071886,0.0005750191625892152,0.0011144707821632129,0.0018905990970825206,0.003528952077931217,0.0075989865732472815,0.06872130684770723,25.035765379113016,29.0414878397711,0.0010543106631829436,0.0013941157581886152,0.0015080622146079747
1.4209999999999539,0.3,3495,75,0.00024169195074804427,0.0005750030822814858,0.0011284998487225814,0.0019248440398225012,0.003552304118007616,0.00763697113345857,0.06632621165876654,25.035765379113016,29.0414878397711,0.0010902876663615904,0.0014145017183279593,0.0015396896677657423
1.4219999999999537,0.3,3495,75,0.00024326766372735186,0.000572804588732349,0.0011513069464031752,0.00195852734915356,0.003574164083201535,0.007556141903366572,0.06300593835550547,25.121602288984263,29.29899856938484,0.00112519218924402,0.0014389493990076222,0.0015723653596992904
1.4229999999999536,0.3,3495,75,0.0002448694569442418,0.0005744218720529928,0.0011780442802480449,0.0019913528107056975,0.0035941028044611583,0.007677944011326407,0.061020691445828695,25.121602288984263,29.32761087267525,0.0011587249732488444,0.0014642973272694295,0.0016051928519082992
1.4239999999999535,0.3,3495,75,0.00024649703960546727,0.000574486995021113,0.0011932989848936527,0.0020229383441743394,0.0036139825617348253,0.007733033216936291,0.05777422755255582,25.121602288984263,29.32761087267525,0.0011906844072243946,0.0014902140417082069,0.0016372442843710644
1.4249999999999534,0.3,3495,75,0.00024814954587893876,0.0005767151826047059,0.001216207989019836,0.0020528685717836506,0.003633480462823735,0.007821539240348018,0.053710826163544244,25.121602288984263,29.32761087267525,0.0012206903472570792,0.0015163418615559393,0.0016676605825161062
1.4259999999999533,0.3,3495,75,0.00024982596584568816,0.00057585144804816,0.0012335128028424468,0.002080754837632287,0.003652063104286006,0.007872023061290548,0.04930170228789454,25.121602288984263,29.32761087267525,0.0012484636906549373,0.0015421333231909584,0.0016957341365824163
1.4269999999999532,0.3,3495,75,0.0002515249720102178,0.0005769799584290999,0.001257733532315061,0.002106298817225848,0.003668483464462378,0.0079639493984822,0.04495838344749108,25.121602288984263,29.32761087267525,0.0012738325555489872,0.0015670794255417079,0.0017209725037510282
1.427999999999953,0.3,3495,75,0.0002532447879228242,0.0005822795508055673,0.0012824510410601065,0.00212934368579935,0.003681141039023388,0.008066496922364167,0.041538300269602486,25.121602288984263,29.32761087267525,0.0012966089279292763,0.0015906903932116924,0.0017431358423607435
1.428999999999953,0.3,3495,75,0.00025498347274066803,0.0005876184743039771,0.0013062805055982624,0.0021498995694751587,0.0036903330198206352,0.008141670277182727,0.039502004022511424,25.121602288984263,29.32761087267525,0.001316772849404221,0.0016125388896348707,0.001762241219701366
1.4299999999999529,0.3,3495,75,0.0002567387715951326,0.0005896643079877845,0.0013297097804078842,0.0021681394269087804,0.0036943914435958,0.008147544019976229,0.037118990560798294,25.121602288984263,29.32761087267525,0.0013343986234858657,0.0016302578288960592,0.0017785344398610903
1.4309999999999528,0.3,3495,75,0.0002585082393614385,0.0005957313999742011,0.0013523035255264548,0.0021843688571039155,0.0036937464416650382,0.008127053089897812,0.034169415687007855,25.207439198855507,29.41344778254649,0.0013496002088493055,0.0016444160106490783,0.0017924356520353513
1.4319999999999526,0.3,3495,75,0.00026028947530523416,0.0006028597776222982,0.0013716189447157893,0.002198973540763476,0.0036887650425297,0.008125710251170872,0.03062824640398774,25.207439198855507,29.585121602288982,0.0013626077897059378,0.0016566642736032667,0.0018044613463210624
1.4329999999999525,0.3,3495,75,0.0002620801204716043,0.0006113524614696235,0.001379459033619799,0.002212355029059979,0.003680687201368467,0.008136629984580932,0.029987584864164005,25.207439198855507,29.728183118741057,0.0013736380986719475,0.0016672673156377848,0.0018151431665813789
1.4339999999999524,0.3,3495,75,0.0002638780874593877,0.0006180137305221757,0.0013879404371343004,0.0022248673573468485,0.003669802718464681,0.008169438439849892,0.029451277075746272,25.207439198855507,29.728183118741057,0.0013829006292249459,0.0016767880166499915,0.0018249576460824812
1.4349999999999523,0.3,3495,75,0.00026568174679371566,0.000621608959733858,0.001396737838591499,0.0022367669571286444,0.0036562487771571164,0.008167834362385128,0.029043551705698167,25.207439198855507,29.928469241773964,0.0013905953235588916,0.00168661964462012,0.0018342707906633393
1.4359999999999522,0.3,3495,75,0.00026749001627107867,0.0006309701096500488,0.0014051663400695758,0.0022481794572056703,0.003640691657154389,0.00809933660411844,0.027970189732545215,25.236051502145923,29.928469241773964,0.0013968464173801111,0.0016946824289769719,0.0018433051153259328
1.436999999999952,0.3,3495,75,0.0002693025440224396,0.000637480695152767,0.0014183488677816615,0.002259088991330845,0.0036233297385870116,0.008139037436093979,0.026396914103687063,25.236051502145923,29.985693848354796,0.001401742595606971,0.001701399126010241,0.0018521335559071872
1.437999999999952,0.3,3495,75,0.0002711196158986904,0.0006494098709500254,0.0014331380233077546,0.0022693534434561485,0.0036051127130977243,0.008272749880082047,0.027097880268744084,25.293276108726754,30.07153075822604,0.0014053301745085246,0.0017071943099205,0.0018606998370742645
1.4389999999999519,0.3,3495,75,0.0002729417130895249,0.0006628431204489427,0.0014456170376106053,0.0022787405226336963,0.003586318423240125,0.008314971904691994,0.028563538504431246,25.293276108726754,30.07153075822604,0.001407616851369191,0.0017130092639371004,0.0018688582851318358
1.4399999999999518,0.3,3495,75,0.00027476875467440727,0.0006712294914696888,0.0014557032421918738,0.0022869772109611287,0.0035657651816228784,0.008510948677227204,0.02954761928851258,25.379113018597998,30.07153075822604,0.0014086103466740745,0.0017196197817921375,0.001876424483029382
1.4409999999999517,0.3,3495,75,0.00027660066573577207,0.0006814762020947484,0.001463480006325216,0.002293802896122788,0.003543878050112175,0.009006668260636171,0.029962843424858075,25.379113018597998,30.07153075822604,0.0014086103466740745,0.0017261598471519234,0.0018832259997019207
1.4419999999999515,0.3,3495,75,0.0002784355332664554,0.0006886582183799967,0.0014691860026381754,0.0022990169326533765,0.003521480104265827,0.009215230395279526,0.029752132586761505,25.379113018597998,30.300429184549355,0.0014086103466740745,0.0017326127116205226,0.0018891442218595955
1.4429999999999514,0.3,3495,75,0.0002802685769710523,0.0006952805231342179,0.0014731823343818095,0.002302513266005658,0.0034995462156756354,0.00925968686658989,0.028899656251729248,25.464949928469245,30.300429184549355,0.0014086103466740745,0.0017389455668758525,0.0018941409908777018
1.4439999999999513,0.3,3495,75,0.0002820975140786822,0.0007019026217640366,0.0014759052155326813,0.0023042969399315245,0.003479204781022698,0.009234681891614324,0.027440032286616855,25.55078683834049,30.300429184549355,0.0014086103466740745,0.0017451214257594254,0.0018982662802820016
1.4449999999999512,0.3,3495,75,0.00028392097256680954,0.0007149050088562802,0.0014776864601525603,0.002304481517881408,0.0034624389451743424,0.008934135010695215,0.025464808662040105,25.55078683834049,30.300429184549355,0.0014086103466740745,0.001751106252518749,0.0019016476653277437
1.445999999999951,0.3,3495,75,0.00028573776103007245,0.0007249240083909568,0.0014786949894219975,0.0023032694176983253,0.0034502840065198234,0.009160405455388132,0.02485185603690875,25.63662374821173,30.300429184549355,0.0014086103466740745,0.001756871453662864,0.0019044650818500486
1.446999999999951,0.3,3495,75,0.000287546601096262,0.000733162155214212,0.0014797101007969317,0.0023009203120985602,0.003445386126662735,0.009384247389537217,0.02500079805190287,25.63662374821173,30.300429184549355,0.0014086103466740745,0.0017623925018689552,0.0019069171714676258
1.4479999999999509,0.3,3495,75,0.0002893460678218069,0.0007432891440706782,0.0014809897899045257,0.0022977142785961606,0.00344658688884617,0.009460940965163775,0.024590848170406264,25.63662374821173,30.300429184549355,0.0014086103466740745,0.0017676453584561604,0.0019091864525790925
1.4489999999999508,0.3,3495,75,0.0002911346742614798,0.0007550718791739745,0.0014826527456992511,0.002293916660474444,0.00345359171543796,0.00967201780676986,0.02408164886958394,25.63662374821173,30.3862660944206,0.0014086103466740745,0.0017726024165494638,0.0019114101287982521
1.4499999999999507,0.3,3495,75,0.0002929109844624507,0.0007700899935086051,0.0014846848527455855,0.002289750931539792,0.0034627343947320156,0.009718170148247265,0.023681514349412066,25.63662374821173,30.3862660944206,0.0014086103466740745,0.0017772290651513346,0.0019136616071726564
1.4509999999999506,0.3,3495,75,0.00029467369937555033,0.0007838601032149927,0.0014869645357607133,0.0022853836447385245,0.0034723258926135443,0.009677957845629593,0.023724709412904457,25.75107296137339,30.3862660944206,0.0014086103466740745,0.001781482595149032,0.0019159449950727492
1.4519999999999504,0.3,3495,75,0.00029642171152116095,0.000797888675393979,0.0014893011114628849,0.0022809226285148672,0.003483128745600793,0.009829274328273496,0.02339710604761017,25.75107296137339,30.44349070100143,0.0014086103466740745,0.001784659103758218,0.0019182032694473605
1.4529999999999503,0.3,3495,75,0.00029815411221136836,0.0008105280271144245,0.0014914787373394773,0.0022764265625757774,0.0034918831293502756,0.009606435759422853,0.02265989276370871,25.80829756795422,30.701001430615165,0.0014086103466740745,0.0017872410965421056,0.0019203377048597758
1.4539999999999502,0.3,3495,75,0.0002998701798571694,0.0008234104877114298,0.0014932747876001684,0.0022719227984282337,0.0034989163304887665,0.009451309075486067,0.023928532422273514,25.80829756795422,30.786838340486412,0.0014086103466740745,0.0017894207168914573,0.0019222337896280806
1.45499999999995,0.3,3495,75,0.0003015693573585548,0.0008370832385679904,0.0014944691011906713,0.0022674286371389112,0.003503756213233636,0.00929042715289605,0.024711903998840944,25.894134477825464,30.92989985693848,0.0014086103466740745,0.0017912294158620847,0.0019237881108260524
1.45599999999995,0.3,3495,75,0.0003032512225380061,0.000848439134799722,0.0014951163521013655,0.00226297105754617,0.003507262069010581,0.009240067545410284,0.024956758930752977,25.894134477825464,30.98712446351931,0.0014086103466740745,0.0017926958415625908,0.0019249310705120593
1.45699999999995,0.3,3495,75,0.0003049154537305977,0.0008581618911436496,0.0014952164961137449,0.0022586004126360767,0.0035106486137693534,0.009201970238724317,0.02464074123401501,25.894134477825464,31.072961373390555,0.0014086103466740745,0.0017938438498455657,0.0019256413082082702
1.4579999999999498,0.3,3495,75,0.0003065617726526891,0.000868731478974017,0.0014948383847322537,0.002254395382868223,0.0035144195896941377,0.009204367126418575,0.023775051458368817,25.97997138769671,31.072961373390555,0.0014086103466740745,0.0017946930038418361,0.0019259496444945512
1.4589999999999497,0.3,3495,75,0.00030818987105757145,0.0008784175304173003,0.0014941012019886691,0.0022504587470580637,0.0035177302350391927,0.008945845048249029,0.022526864441060022,26.03719599427754,31.158798283261802,0.0014086103466740745,0.001795261161077136,0.0019259326721403625
1.4599999999999496,0.3,3495,75,0.00030979934803840716,0.0008870973183958626,0.0014931490030855186,0.0022469055487258295,0.0035196956833888414,0.00909670668690086,0.022662219195188717,26.03719599427754,31.158798283261802,0.0014086103466740745,0.0017955683747150535,0.0019256980932489398
1.4609999999999495,0.3,3495,75,0.0003113896518785937,0.0008945521648686652,0.0014932587307273134,0.0022438467848442966,0.0035186428452389303,0.00915578522851372,0.022357649184493143,26.03719599427754,31.158798283261802,0.0014086103466740745,0.0017956411167814755,0.0019253653357260703
1.4619999999999493,0.3,3495,75,0.0003129600805980585,0.0009014772274020421,0.001494902488558723,0.0022413725315432328,0.003514109705971708,0.009147187583184242,0.021627357737118793,26.09442060085837,31.273247496423462,0.0014086103466740745,0.0017955158191368743,0.0019250456394210858
1.4629999999999492,0.3,3495,75,0.0003145098444777533,0.0009092572580767469,0.0014963094645762947,0.002239538323057526,0.003505502449571176,0.0090705955891552,0.02140499441539673,26.09442060085837,31.359084406294706,0.0014086103466740745,0.0017952409279093334,0.0019248255906525458
1.4639999999999491,0.3,3495,75,0.0003160381424475105,0.0009152709632255391,0.0014975055235784277,0.002238357705104414,0.0034960491154558478,0.009000020457401683,0.02255017282559079,26.09442060085837,31.359084406294706,0.0014086103466740745,0.001794876915698893,0.0019247571049092471
1.464999999999949,0.3,3495,75,0.00031754424296629705,0.000920291912080927,0.0014985481807862134,0.002237802433826431,0.0034866251855662066,0.008882304776660374,0.023280928934952753,26.09442060085837,31.359084406294706,0.0014086103466740745,0.0017944941053770615,0.0019248553565169857
1.465999999999949,0.3,3495,75,0.0003190275646217642,0.0009216541765028247,0.0014995184917667842,0.002237810125290447,0.0034768508954139436,0.00873716507317979,0.023570443388353818,26.09442060085837,31.359084406294706,0.0014086103466740745,0.0017941685129739884,0.0019251044604793321
1.4669999999999488,0.3,3495,75,0.0003204877709038151,0.000922886290125421,0.0015005090952975781,0.0022382976311948206,0.003468066175439753,0.008679408073205821,0.023412670356644846,26.09442060085837,31.359084406294706,0.0014086103466740745,0.0017939762699294788,0.00192546916464309
1.4679999999999487,0.3,3495,75,0.00032192487652585934,0.0009256389263222455,0.0015016105379541112,0.002239177328813937,0.0034632522309801204,0.008634212995014105,0.02282298553864252,26.09442060085837,31.444921316165953,0.0014086103466740745,0.001793987395651866,0.0019259097098291988
1.4689999999999486,0.3,3495,75,0.00032333935734552976,0.0009254477815970022,0.0015028980914161198,0.002240373056151764,0.003461069828492174,0.008533457482519305,0.021837403883739132,26.09442060085837,31.444921316165953,0.0014086103466740745,0.0017942598016355165,0.001926396544995157
1.4699999999999485,0.3,3495,75,0.0003247323613995836,0.0009243434301349335,0.0015044201369812014,0.0022418326485657163,0.003460930889933057,0.008382295888826772,0.020510465406356638,26.180257510729614,31.530758226037197,0.0014086103466740745,0.0017948343744856499,0.0019269217973949537
1.4709999999999483,0.3,3495,75,0.0003261057744607359,0.0009237173970702324,0.0015060861698957034,0.002243534856707348,0.00346350156856273,0.008353174862397074,0.019739937978877173,26.180257510729614,31.530758226037197,0.0014086103466740745,0.0017957318258941123,0.0019275052142795346
1.4719999999999482,0.3,3495,75,0.00032746133844525406,0.0009224575318323952,0.001507979871379587,0.0022454896485820863,0.003467927996616866,0.008313924795100024,0.018796932696326846,26.180257510729614,31.530758226037197,0.0014086103466740745,0.001796951728350745,0.001928193520519983
1.4729999999999481,0.3,3495,75,0.0003288013696576235,0.0009220392049787781,0.0015087743374865904,0.0022477322518261508,0.0034757597581417344,0.008304930402795428,0.01776028435586701,26.180257510729614,31.530758226037197,0.0014086103466740745,0.0017984738664089937,0.0019290535130984665
1.473999999999948,0.3,3495,75,0.0003301286671292808,0.000922581246917777,0.0015112324483457975,0.0022503125017644303,0.0034877490293474724,0.008232968410972255,0.017213792904680603,26.237482117310446,31.530758226037197,0.0014086103466740745,0.0018002617253173516,0.0019301604638464198
1.474999999999948,0.3,3495,75,0.0003314469790661887,0.0009227049967296914,0.001513943936774977,0.0022532818886460823,0.0035021048860793894,0.008231807561313484,0.016468793843770247,26.237482117310446,31.530758226037197,0.0014086103466740745,0.0018022676560492418,0.0019315842845237796
1.4759999999999478,0.3,3495,75,0.00033275998250184504,0.0009230752666270171,0.0015162049710803077,0.002256681005388752,0.0035153132876307247,0.00816288108165172,0.01556697337386369,26.237482117310446,31.530758226037197,0.0014086103466740745,0.0018044390574732637,0.0019333762743514171
1.4769999999999477,0.3,3495,75,0.0003340749923424688,0.0009225414061453233,0.0015180754329309923,0.0022605298545345038,0.003527342340511787,0.008132355084571516,0.015576510482774886,26.237482117310446,31.530758226037197,0.0014086103466740745,0.0018067248191218218,0.0019355590737646367
1.4779999999999476,0.3,3495,75,0.00033539866301458696,0.0009205122205868071,0.001519630493961459,0.0022648227626039428,0.0035392010105173553,0.008120565478236516,0.017113332228764763,26.237482117310446,31.530758226037197,0.0014086103466740745,0.00180908121979596,0.001938121752210975
1.4789999999999475,0.3,3495,75,0.000336734651265365,0.0009194480492736462,0.0015209480456158885,0.002269528651639289,0.003550317860815938,0.008055660945401484,0.018420796466399252,26.237482117310446,31.530758226037197,0.0014086103466740745,0.0018114767225604319,0.0019410209273438284
1.4799999999999474,0.3,3495,75,0.00033808429318492734,0.0009187452066659459,0.0015237860080937373,0.0022745963185408892,0.003560939384399119,0.008077955637940023,0.019323623329195183,26.237482117310446,31.530758226037197,0.0014105369669284661,0.0018138949775599795,0.0019441876491228527
1.4809999999999472,0.3,3495,75,0.0003394501699622388,0.0009176936046884132,0.0015259151876050835,0.00227996341944738,0.0035703979053915186,0.008119366364740787,0.019702136241553855,26.237482117310446,31.530758226037197,0.001413895120548728,0.0018163358421061245,0.0019475387163900848
1.4819999999999471,0.3,3495,75,0.0003408315308390487,0.0009172651697575254,0.0015273504760070671,0.002285567176902388,0.0035774135190635003,0.008182988280086187,0.019494355904503467,26.237482117310446,31.530758226037197,0.0014168818882343854,0.0018188143244162278,0.001950990308230871
1.482999999999947,0.3,3495,75,0.0003422213795168923,0.0009167905972887982,0.0015287359458213703,0.0022913544946082972,0.0035800299069588897,0.008171744301749967,0.018694959557139252,26.32331902718169,31.530758226037197,0.0014194518596099745,0.0018213576214978723,0.0019544714201771285
1.483999999999947,0.3,3495,75,0.00034361788127988734,0.00091628858570877,0.0015301206120784737,0.002297289302166311,0.00357466471489174,0.008101661406825646,0.017351058233636325,26.32331902718169,31.530758226037197,0.0014215808080008598,0.0018240007174058004,0.001957934680085316
1.4849999999999468,0.3,3495,75,0.0003450185081648859,0.0009157736633222994,0.0015315462366174942,0.0023033555873979406,0.0035612209463247793,0.008055721743178649,0.015555032188993094,26.40915593705293,31.530758226037197,0.0014232496096536322,0.0018267810686945784,0.0019613626689078956
1.4859999999999467,0.3,3495,75,0.0003464204183700924,0.0009152578980791544,0.0015330414958876766,0.0023095555048697216,0.0035411136030946326,0.008018989418077067,0.013435480672099235,26.40915593705293,31.587982832618028,0.0014244452023452865,0.0018297329789138527,0.001964768739682654
1.4869999999999466,0.3,3495,75,0.00034782310723754787,0.0009146080370080685,0.0015346187363050896,0.0023159029366933985,0.0035154705489226115,0.007975800356829554,0.012901069015763364,26.494992846924177,31.64520743919886,0.0014251728412648292,0.0018328822923310787,0.001968192323651863
1.4879999999999465,0.3,3495,75,0.00034922598306193827,0.0009137198373278051,0.001536473033558558,0.0023224137611953096,0.0034845665614950745,0.007946242554254438,0.013166380784271469,26.494992846924177,31.64520743919886,0.0014254453464155228,0.0018362419460926432,0.001971689653561981
1.4889999999999464,0.3,3495,75,0.00035063062787998596,0.0009127991274384128,0.0015413064401319935,0.002329094697698437,0.0034483403505403036,0.007882892576169089,0.013437224920165143,26.494992846924177,31.731044349070096,0.0014254453464155228,0.0018396795323780447,0.0019753215642168698
1.4899999999999463,0.3,3495,75,0.00035203591383536605,0.0009118997228978398,0.0015458792239868753,0.0023359328318517192,0.003407347980795582,0.007844042135548119,0.013443164239344803,26.494992846924177,31.731044349070096,0.0014254453464155228,0.0018424537159737638,0.00197914043741676
1.4909999999999461,0.3,3495,75,0.0003534397150865723,0.0009106230674650195,0.0015502002967070754,0.0023428877664046313,0.00336266883935721,0.007812025786159418,0.013163568211082685,26.494992846924177,31.731044349070096,0.0014254453464155228,0.0018453750675733321,0.001983178391377294
1.491999999999946,0.3,3495,75,0.0003548416589049456,0.0009100553873561179,0.0015542842970735456,0.0023498878245154205,0.003316170629102141,0.007770351779469636,0.012593630126313256,26.58082975679542,31.731044349070096,0.0014254453464155228,0.001848428958492402,0.0019874384928364464
1.492999999999946,0.3,3495,75,0.00035624012672252767,0.0009096250917860386,0.0015581440989401606,0.0023568309718440647,0.0032698987015489255,0.007623095268835569,0.011745704708465298,26.69527896995708,31.816881258941343,0.0014254453464155228,0.0018515802637973416,0.001991890177549749
1.4939999999999458,0.3,3495,75,0.000357635602095077,0.0009088505684123038,0.001561785196600533,0.002363590290675877,0.003224002444241425,0.007542265536264543,0.011137233520440597,26.69527896995708,31.816881258941343,0.0014254453464155228,0.0018547754076969878,0.001996469326183359
1.4949999999999457,0.3,3495,75,0.00035902606056856663,0.0009098060910556817,0.0015652024492094603,0.0023700230947586607,0.0031797229630330884,0.007410040679644529,0.011269336828565471,26.69527896995708,31.816881258941343,0.0014254453464155228,0.0018579464610074127,0.0020010826991025965
1.4959999999999456,0.3,3495,75,0.0003604087568953118,0.0009108710562364816,0.0015683792302624536,0.002375982241021359,0.0031364728372147224,0.0072648087928773135,0.01132382984273242,26.75250357653791,31.816881258941343,0.0014254453464155228,0.0018610166557071297,0.002005615808986505
1.4969999999999455,0.3,3495,75,0.0003617819661994809,0.0009124009363811745,0.0015712886642755498,0.002381327951192104,0.0030931186860950373,0.007068405943621073,0.011298772894269112,26.75250357653791,31.816881258941343,0.0014254453464155228,0.001863906536942037,0.002009942895689676
1.4979999999999454,0.3,3495,75,0.000363144765371406,0.000913290781808243,0.0015738963876581519,0.0023859385142568986,0.0030484277974931378,0.006943507753625688,0.011192048441385204,26.75250357653791,31.874105865522175,0.0014254453464155228,0.0018665399587825227,0.002013937509961039
1.4989999999999453,0.3,3495,75,0.0003644923305685436,0.0009140130347832555,0.0015761641635856987,0.0023897185577498405,0.0030031349631024617,0.006978801048036603,0.01100130959372679,26.75250357653791,31.874105865522175,0.0014254453464155228,0.0018688492370035,0.0020174823078313864
1.4999999999999452,0.3,3495,75,0.0003658200638661037,0.000914577837544108,0.0015780537025496175,0.0023926040695620167,0.0029601553238224566,0.007082161593742314,0.010724200547571238,26.75250357653791,31.874105865522175,0.0014254453464155228,0.0018707789703793604,0.002020476958552564
1.500999999999945,0.3,3495,75,0.0003671258014503916,0.0009146668389884585,0.0015795301609508223,0.002394563916636538,0.0029210271707021725,0.007179533582859438,0.01035883112671028,26.75250357653791,31.988555078683834,0.0014254453464155228,0.0018722882903277505,0.0020228434990769983
1.501999999999945,0.3,3495,75,0.0003684083770784379,0.0009140712841956418,0.0015805649668491257,0.0023955981403474907,0.0028881185107181265,0.00729183300206571,0.010547800652697233,26.809728183118743,31.988555078683834,0.0014254453464155228,0.0018733515510861792,0.0020245289379623443
1.5029999999999448,0.3,3495,75,0.000369665378061704,0.0009153345445381921,0.00158113780982219,0.0023957337256716995,0.0028658457916764086,0.007352487220728158,0.010744403348281549,26.809728183118743,32.160228898426325,0.0014254453464155228,0.001873957686486888,0.0020255053360429542
1.5039999999999447,0.3,3495,75,0.00037089463469688796,0.0009167955723330114,0.0015812377931244432,0.002395018789019422,0.002855180203817488,0.00737508785146782,0.010880690540566796,26.809728183118743,32.160228898426325,0.0014254453464155228,0.0018741086050428051,0.002025767906062015
1.5049999999999446,0.3,3495,75,0.00037209439618261054,0.0009188021630529589,0.0015808638566965332,0.0023935161910937784,0.002850787409876515,0.007430007221614914,0.010953159428104021,26.86695278969957,32.24606580829757,0.0014254453464155228,0.0018738170568802757,0.002025331842112621
1.5059999999999445,0.3,3495,75,0.00037326354337305324,0.0009210385078544951,0.0015800246310605235,0.0023912974740507753,0.0028487777168768645,0.0073433995487607135,0.010958724808673208,26.86695278969957,32.33190271816881,0.0014254453464155228,0.0018731043856457872,0.0020242286078655525
1.5069999999999444,0.3,3495,75,0.00037440151611761345,0.0009239258605226536,0.0015787378813473078,0.002388437790752138,0.002851723781035595,0.007365929019484326,0.01094453866180609,26.86695278969957,32.33190271816881,0.0014254453464155228,0.0018719984917415556,0.002022502303418605
1.5079999999999443,0.3,3495,75,0.00037550821102805775,0.0009266952442381331,0.0015770296649825163,0.002385012198227184,0.002858463610247639,0.0073153272045486445,0.010944382057517103,26.95278969957082,32.33190271816881,0.0014254453464155228,0.001870532205806496,0.0020202065369474553
1.5089999999999442,0.3,3495,75,0.0003765838836862662,0.0009286305423937638,0.0015749332777294156,0.0023810933895563663,0.0028710582758267955,0.007277246343707067,0.010924363823142828,26.95278969957082,32.33190271816881,0.0014254453464155228,0.0018687421326295686,0.002017402000529245
1.509999999999944,0.3,3495,75,0.00037762906139720924,0.0009303619192599155,0.0015724880213500634,0.0023767506908367567,0.002889032445069167,0.007203343615889278,0.010888086080564876,26.95278969957082,32.41773962804006,0.0014254453464155228,0.001866667903562662,0.002014154738162688
1.510999999999944,0.3,3495,75,0.00037864448562966086,0.0009317728663298182,0.0015697378060950322,0.0023720499876667923,0.0029125453273086215,0.007173751178430274,0.010759037613889222,26.95278969957082,32.41773962804006,0.0014254453464155228,0.001864351690348461,0.002010534935571684
1.5119999999999438,0.3,3495,75,0.0003796310715796397,0.0009316038806175206,0.001566729607756014,0.0023670541809995326,0.0029410657503411153,0.007146487619312317,0.010747956211956794,26.95278969957082,32.41773962804006,0.0014254453464155228,0.0018618377959161135,0.0020066159760681046
1.5129999999999437,0.3,3495,75,0.00038058988390926455,0.0009313405444716651,0.001563511828004767,0.0023618237968977456,0.002974556081569939,0.007118681923319175,0.010677539021933717,26.95278969957082,32.41773962804006,0.0014254453464155228,0.0018591721482598552,0.002002473497043411
1.5139999999999436,0.3,3495,75,0.0003815221254284662,0.0009313106918202368,0.0015601326466042427,0.0023564174641359896,0.003009299517280008,0.007099242233897722,0.010469707857991896,26.95278969957082,32.41773962804006,0.0014254453464155228,0.00185640157259505,0.001998184234601297
1.5149999999999435,0.3,3495,75,0.0003824291517440453,0.0009315084969821483,0.0015566384900488584,0.002350892094415645,0.0030418056497139726,0.007024130127306763,0.010121749702929568,27.181688125894134,32.41773962804006,0.0014254453464155228,0.001853572788085674,0.0019938245361963425
1.5159999999999434,0.3,3495,75,0.00038331250389151913,0.0009319100958521745,0.001553072758883179,0.002345302718927899,0.003071306607947325,0.006913480726482197,0.00963560266052261,27.181688125894134,32.41773962804006,0.0014254453464155228,0.0018507311691413288,0.0019894685255117395
1.5169999999999433,0.3,3495,75,0.00038417392053725555,0.0009324768819550702,0.0015494749467870339,0.002339702026471887,0.0030972287433783186,0.006846083409577664,0.009495079185014854,27.181688125894134,32.41773962804006,0.0014254453464155228,0.001847792176762626,0.001985185993721217
1.5179999999999432,0.3,3495,75,0.00038501532440932877,0.0009331597484014076,0.0015458802459691228,0.0023341396938378533,0.003120778311728433,0.006773469407318579,0.00931772336547317,27.181688125894134,32.41773962804006,0.0014254453464155228,0.001844569553782429,0.001981040164107384
1.518999999999943,0.3,3495,75,0.00038583881028298427,0.0009341560654574227,0.0015442209826733648,0.002328661624045308,0.003144444360833129,0.006715369374892509,0.009070647203271862,27.181688125894134,32.41773962804006,0.0014254453464155228,0.0018414867579176863,0.0019770855209024774
1.519999999999943,0.3,3495,75,0.0003866466088597353,0.0009352443258166866,0.001542906322075226,0.002323309215110573,0.003168860723847917,0.006598180187650571,0.008914696631261146,27.181688125894134,32.41773962804006,0.0014254453464155228,0.0018385691048693714,0.00197336590797903
1.5209999999999428,0.3,3495,75,0.00038744101316755253,0.0009362222284107342,0.001541639662436256,0.0023181187505128733,0.003194105971230301,0.006537558817562372,0.009098387980243396,27.181688125894134,32.474964234620884,0.0014254453464155228,0.0018358336176346763,0.0019699130769765816
1.5219999999999427,0.3,3495,75,0.0003882243216619521,0.0009370498750755547,0.0015404142862298262,0.0023131209273264627,0.0032199348535017075,0.006514897711696518,0.009154810424952635,27.181688125894134,32.474964234620884,0.0014254453464155228,0.0018332891053807773,0.001966745800494607
1.5229999999999426,0.3,3495,75,0.0003889987844374008,0.0009376823426192983,0.0015392199844793157,0.002308340501237093,0.0032442462755395353,0.006510289671872221,0.009068247707779913,27.181688125894134,32.474964234620884,0.0014254453464155228,0.0018309367885756898,0.0019638696108472686
1.5239999999999425,0.3,3495,75,0.0003897665418393507,0.0009380747536576447,0.0015380446951923355,0.0023037960647460673,0.003266028294098559,0.006547785568450916,0.009111638150982152,27.181688125894134,32.474964234620884,0.0014254453464155228,0.0018287713577203899,0.001961277204880929
1.5249999999999424,0.3,3495,75,0.00039052957714543656,0.0009381874720118712,0.0015368758597799745,0.0022995000232514788,0.00328475597299583,0.006552644208452505,0.009123144742701164,27.181688125894134,32.474964234620884,0.0014254453464155228,0.001826782225091646,0.00195894953855813
1.5259999999999423,0.3,3495,75,0.00039128968035945423,0.0009378237218044517,0.0015357015544108861,0.0022954588523858388,0.0033014958206136124,0.006626268944152525,0.009055740024583736,27.181688125894134,32.474964234620884,0.0014254453464155228,0.0018249549105977866,0.001956857602340989
1.5269999999999422,0.3,3495,75,0.00039204843247378913,0.0009369404554527384,0.001534511323144311,0.002291673716903372,0.0033160206903207587,0.006670840414176193,0.00893473630678757,27.181688125894134,32.474964234620884,0.0014254453464155228,0.0018232724814395427,0.00195496482869828
1.527999999999942,0.3,3495,75,0.0003928072119829999,0.0009363766848018636,0.0015332966678864438,0.002288141509435544,0.003329348631559101,0.006766926427246738,0.009065281675679406,27.181688125894134,32.474964234620884,0.0014254453464155228,0.0018217169397625212,0.0019532300377314016
1.528999999999942,0.3,3495,75,0.00039356720975300484,0.0009358471758478712,0.001532051259124566,0.0022848563180499527,0.0033416652953081587,0.006852246024230445,0.009205986671845533,27.181688125894134,32.56080114449213,0.0014254453464155228,0.0018202704641019777,0.0019516107712043151
1.5299999999999419,0.3,3495,75,0.0003943294648095233,0.0009354525774472241,0.0015307709430424504,0.002281811255972349,0.003354253242388514,0.006918072655068457,0.009488472088846523,27.181688125894134,32.56080114449213,0.0014254453464155228,0.0018189164296205543,0.0019500668034773128
1.5309999999999417,0.3,3495,75,0.00039509489539572346,0.0009345425606721223,0.001529453614304615,0.0022790004987483336,0.003366405385526112,0.006993291148599407,0.009765801969816478,27.181688125894134,32.56080114449213,0.0014254453464155228,0.0018176401579740153,0.001948563560514316
1.5319999999999416,0.3,3495,75,0.0003958643073349308,0.000932845712184528,0.0015280990132622984,0.002276421293053048,0.003375582705319074,0.007081944603299586,0.009854645594755077,27.181688125894134,32.56080114449213,0.0014254453464155228,0.0018164293772261113,0.001947075137660903
1.5329999999999415,0.3,3495,75,0.000396638388483309,0.0009312274991414634,0.0015267084904833955,0.0022740756468141014,0.0033808417718223342,0.007146474435208534,0.00975126945656907,27.181688125894134,32.56080114449213,0.0014254453464155228,0.0018152744010107007,0.0019455865965625208
1.5339999999999414,0.3,3495,75,0.0003974177222755424,0.0009290373074249389,0.001525284765971642,0.0022719714013666537,0.003382849822366083,0.007191535594435922,0.009909380488569588,27.23891273247496,32.56080114449213,0.0014254453464155228,0.001814168062075158,0.001944095253090694
1.5349999999999413,0.3,3495,75,0.00039820284935802706,0.0009263802954614382,0.0015238316975131174,0.002270122433616408,0.0033813115032416264,0.007195047129287004,0.010089926323906305,27.23891273247496,32.56080114449213,0.0014254453464155228,0.0018131054550743324,0.0019426107465498887
1.5359999999999412,0.3,3495,75,0.0003989943081044899,0.0009234643659352353,0.0015223540653999783,0.0022685478380439694,0.0033735463957789012,0.007159409735031009,0.01053017434062671,27.23891273247496,32.56080114449213,0.0014254453464155228,0.001812083555113315,0.0019411538021500974
1.536999999999941,0.3,3495,75,0.00039979261186172947,0.000920520399835435,0.0015208573786743775,0.0022672700834492922,0.0033567177194962885,0.007141082794291109,0.011290689538908796,27.23891273247496,32.64663805436337,0.0014254453464155228,0.0018111007816979988,0.0019397537518486274
1.537999999999941,0.3,3495,75,0.0004005981251763885,0.0009176663148841273,0.0015193477088572855,0.0022663123047144814,0.0033306854710088455,0.007098773550186874,0.011924593828028133,27.23891273247496,32.64663805436337,0.0014254453464155228,0.00181015657236819,0.0019384450423132193
1.5389999999999409,0.3,3495,75,0.00040141080837758475,0.0009147586113580021,0.0015178315588249875,0.002265695046267665,0.003295336341263772,0.00700121611097944,0.012419352733543386,27.23891273247496,32.64663805436337,0.0014254453464155228,0.001809251017406038,0.001937263107496534
1.5399999999999407,0.3,3495,75,0.000402229286159357,0.000911866613875793,0.0015163157742525564,0.0022654328918866834,0.003251303523083259,0.00687521565518919,0.012766944725209655,27.23891273247496,32.64663805436337,0.0014254453464155228,0.0018083845894340173,0.001936240091314545
1.5409999999999406,0.3,3495,75,0.000403051119182918,0.0009090011475756705,0.0015148075014336513,0.002265531469751024,0.0031986148495185404,0.006759548241912155,0.01296346467696205,27.23891273247496,32.64663805436337,0.0014254453464155228,0.001807557981374399,0.001935400951378341
1.5419999999999405,0.3,3495,75,0.0004038733444938254,0.0009061759311388704,0.0015133141884002093,0.002265985297394629,0.003138840253657641,0.006567689201180249,0.013008537412279444,27.23891273247496,32.73247496423462,0.0014254453464155228,0.001806772046478647,0.0019347604450210554
1.5429999999999404,0.3,3495,75,0.0004046924265803553,0.0009034087886282937,0.001511843617142016,0.0022667768275901486,0.0030739223540899884,0.006360934258805971,0.01290460074195746,27.23891273247496,32.73247496423462,0.0014254453464155228,0.0018060278175642975,0.0019343213934419623
1.5439999999999403,0.3,3495,75,0.0004055046046132988,0.0009009241327974113,0.0015104039460539017,0.0022678768863636854,0.003005174221973971,0.006226112318968403,0.01265616310104694,27.23891273247496,32.78969957081545,0.0014254453464155228,0.0018053265711526609,0.0019340744507481133
1.5449999999999402,0.3,3495,75,0.0004063062372050533,0.0008992271295105841,0.0015090037359631733,0.002269246484631574,0.002935340535360473,0.0061144930430740985,0.012269127234575544,27.23891273247496,32.78969957081545,0.0014254453464155228,0.0018046698974480142,0.0019339993960016955
1.54599999999994,0.3,3495,75,0.0004070938391593237,0.0008972339807000544,0.0015076519326803414,0.0022708397698774758,0.0028659782958983665,0.005978480367075769,0.011750227274923595,27.23891273247496,32.78969957081545,0.0014254453464155228,0.0018040597391151105,0.0019340677496550995
1.54699999999994,0.3,3495,75,0.00040786406506404196,0.0008949036943107031,0.0015063577849335657,0.002272607700656239,0.0027987286168620305,0.005819613082261485,0.011106639744648152,27.23891273247496,32.78969957081545,0.0014254453464155228,0.001803498370076909,0.0019342463252947084
1.5479999999999399,0.3,3495,75,0.0004086137387608723,0.0008928585770384826,0.0015051306883023246,0.0022745019070046996,0.0027339435425803617,0.005716313781513717,0.010345788431770192,27.23891273247496,32.8755364806867,0.0014254453464155228,0.00180298829825766,0.0019345011943059376
1.5489999999999398,0.3,3495,75,0.00040933993617675845,0.0008909082737488185,0.001503979961328933,0.0022764781663244995,0.0026719821185817215,0.005601706945293478,0.009905753579560266,27.23891273247496,32.8755364806867,0.0014254453464155228,0.001802532091313581,0.0019348014871560792
1.5499999999999396,0.3,3495,75,0.00041004004238636446,0.0008893295502453465,0.0015029145758695154,0.0022784989843667256,0.002613143727725926,0.005471758870701812,0.009684547268060527,27.23891273247496,32.8755364806867,0.0014254453464155228,0.001801864680052874,0.0019351224895984842
1.5509999999999395,0.3,3495,75,0.0004107117500840705,0.0008881773496924006,0.0015019428764671177,0.002280534916261268,0.002556938640287436,0.0053066691136815025,0.00939463196684886,27.23891273247496,32.8755364806867,0.0014254453464155228,0.0018011449529258257,0.0019354476102151352
1.5519999999999394,0.3,3495,75,0.0004113530544865133,0.0008872425129910423,0.001501823907680213,0.0022825644694126116,0.0025057435140529312,0.0052073195931288795,0.009041836248787691,27.23891273247496,32.8755364806867,0.0014254453464155228,0.0018004799291819625,0.0019357689780754583
1.5529999999999393,0.3,3495,75,0.0004119622322469245,0.0008864745842428854,0.001501808487645496,0.002284572663984335,0.00245936039978011,0.0051922853035457125,0.008683332657677257,27.23891273247496,32.989985693848354,0.0014254453464155228,0.0017998798092036753,0.001936086646168178
1.5539999999999392,0.3,3495,75,0.000412537804030293,0.0008859068668433203,0.0015018425338619806,0.0022865485482918293,0.00241972675564458,0.005149550261935127,0.008524893992258852,27.32474964234621,32.989985693848354,0.0014254453464155228,0.0017993560376162083,0.0019364065925984164
1.554999999999939,0.3,3495,75,0.000413078517353871,0.000885515740674449,0.0015019283394348902,0.002288482138011038,0.0023887814312320457,0.005197131984053197,0.00828997874824564,27.32474964234621,32.989985693848354,0.0014254453464155228,0.0017989202033477077,0.0019367378924251
1.555999999999939,0.3,3495,75,0.00041358333218872236,0.0008852731979577551,0.001502067975932698,0.002290361340664585,0.0023682401095365554,0.005264872598679137,0.007982687215985235,27.32474964234621,32.989985693848354,0.0014254453464155228,0.0017985828052286996,0.0019370895500188112
1.5569999999999389,0.3,3495,75,0.0004140514125541719,0.000885148793611689,0.0015022623986889598,0.002292169425259045,0.002360750766445126,0.005394499396786613,0.008034870628684307,27.32474964234621,32.989985693848354,0.0014254453464155228,0.001798352052976734,0.0019374675178589484
1.5579999999999388,0.3,3495,75,0.00041448211799533863,0.0008846017587512145,0.001502510756741811,0.002293883501980525,0.002363505091801536,0.0054957714326848844,0.008396894357061797,27.32474964234621,32.989985693848354,0.0014254453464155228,0.0017982328686332017,0.0019378723789280627
1.5589999999999387,0.3,3495,75,0.0004148749904332268,0.0008838892746202536,0.0015028099909482483,0.0022954743058154928,0.002372475259286418,0.005401230674801,0.008692777088729559,27.32474964234621,32.989985693848354,0.0014254453464155228,0.0017982262236780236,0.001938298047146958
1.5599999999999385,0.3,3495,75,0.0004152297448178938,0.000883199528727866,0.0015031547616717676,0.002296907360591559,0.002387338116568654,0.005335945722140413,0.008918801298419198,27.32474964234621,32.989985693848354,0.0014254453464155228,0.0017983288975461156,0.0019387316659127407
1.5609999999999384,0.3,3495,75,0.00041554626317797814,0.0008829293510724105,0.0015035377080976342,0.002298145373524025,0.00240763910655124,0.00532137015104728,0.009071666993151444,27.32474964234621,32.989985693848354,0.0014254453464155228,0.0017985336825410933,0.0019391546890545897
1.5619999999999383,0.3,3495,75,0.0004158245846373121,0.0008829244104084964,0.0015039499985864879,0.0022991515127466842,0.0024353931251441733,0.005371555135550026,0.009148353253818967,27.32474964234621,32.989985693848354,0.0014254453464155228,0.001798829998413135,0.0019395449439514323
1.5629999999999382,0.3,3495,75,0.00041606490105434074,0.000882580693349531,0.0015043820983952209,0.002299893083399181,0.00246900341579409,0.005456411198670334,0.009189644676923396,27.32474964234621,32.989985693848354,0.0014254453464155228,0.0017992048267679356,0.0019398793325287045
1.563999999999938,0.3,3495,75,0.00041626755788211773,0.000882284966290088,0.0015048246588453531,0.0023003450622612266,0.002505040900015337,0.005659678328265891,0.009182258811006622,27.32474964234621,32.989985693848354,0.0014254453464155228,0.0017996438389164399,0.0019401367437232864
1.564999999999938,0.3,3495,75,0.00041643306127945825,0.0008820100388274927,0.0015052694182457322,0.002300492982765966,0.0025407702250435284,0.005737768637412183,0.009113237376080548,27.32474964234621,32.989985693848354,0.0014254453464155228,0.001800132575338752,0.00194030074073126
1.5659999999999379,0.3,3495,75,0.0004165620951674901,0.0008823322497865573,0.0015057100063544115,0.002300334772794101,0.002575667116405078,0.005800698499037917,0.00898137741852001,27.32474964234621,32.989985693848354,0.0014254453464155228,0.0018006575414667636,0.0019403616455271333
1.5669999999999378,0.3,3495,75,0.0004166555429646495,0.0008825708806871453,0.0015061425569269631,0.00229988131559913,0.002610750230266326,0.005842107268608302,0.008840464945979114,27.32474964234621,32.989985693848354,0.0014254453464155228,0.0018012071099702295,0.0019403177580166187
1.5679999999999377,0.3,3495,75,0.0004167145184373836,0.0008826154308750241,0.0015065660552142789,0.002299155699596567,0.0026485487670702816,0.005807757060226152,0.00871496281581494,27.32474964234621,32.989985693848354,0.0014254453464155228,0.001801772158347533,0.0019401755953758482
1.5689999999999376,0.3,3495,75,0.00041674040254778826,0.0008825589750489146,0.0015069823791021785,0.002298191312860853,0.002689504566244485,0.0058769103338735355,0.008720923494241969,27.32474964234621,32.989985693848354,0.0014254453464155228,0.0018023464146258812,0.0019399491923088874
1.5699999999999374,0.3,3495,75,0.00041673486756764103,0.0008823590431683696,0.001507396027929085,0.00229702909280736,0.002732438968774859,0.005932756224533214,0.008622947288094885,27.32474964234621,32.989985693848354,0.0014254453464155228,0.001802855707895447,0.0019396586390953985
1.5709999999999373,0.3,3495,75,0.0004166999057328043,0.000882064759451204,0.00150781356868456,0.002295714338371144,0.002773181067011066,0.0059582476551456555,0.00840737796493912,27.32474964234621,32.989985693848354,0.0014254453464155228,0.0018030505487512587,0.0019393281306427923
1.5719999999999372,0.3,3495,75,0.00041663786006683256,0.0008825991125340662,0.0015082428619313055,0.0022942935192896206,0.002809900751200865,0.005991246444871273,0.008431011781480698,27.32474964234621,32.989985693848354,0.0014254453464155228,0.0018032617298975708,0.0019389838433561124
1.5729999999999371,0.3,3495,75,0.00041655143751146735,0.0008831761026181376,0.0015089005384679767,0.0022928114757680253,0.0028420624569915538,0.006111051136229231,0.008413197886611915,27.32474964234621,32.989985693848354,0.0014254453464155228,0.0018034972644492763,0.0019386519449753337
1.573999999999937,0.3,3495,75,0.0004164437118282159,0.0008837048822593564,0.0015101088657473601,0.002291309303433223,0.0028698175982449343,0.006120593799611837,0.008336182006496967,27.32474964234621,32.989985693848354,0.0014254453464155228,0.0018037665918864782,0.0019383569820128344
1.574999999999937,0.3,3495,75,0.00041631811606032167,0.0008841797730013699,0.00151131332209316,0.002289823083898489,0.0028944239459191196,0.006231148805717041,0.008582445050046406,27.32474964234621,32.989985693848354,0.0014254453464155228,0.0018040802859688855,0.0019381207951667534
1.5759999999999368,0.3,3495,75,0.0004161784003878741,0.0008845922741124441,0.0015125053776473385,0.002288383475140519,0.002916450506236469,0.006415410856145226,0.009104217996206728,27.32474964234621,32.989985693848354,0.0014254453464155228,0.001804449631137166,0.0019379620041242163
1.5769999999999367,0.3,3495,75,0.0004160285620306377,0.0008848980261968893,0.0015136778926829978,0.0022870160431073053,0.0029361906959655686,0.0065592888379807255,0.009554790432124495,27.32474964234621,32.989985693848354,0.0014254453464155228,0.0018048860741956914,0.0019378959998377354
1.5779999999999366,0.3,3495,75,0.00041587274913832447,0.0008850325458467751,0.0015148247064487568,0.0022857421171509264,0.002952617222789194,0.006761724576377121,0.009919146303099825,27.32474964234621,32.989985693848354,0.0014254453464155228,0.001805400575291136,0.001937935302343874
1.5789999999999365,0.3,3495,75,0.00041571512298580095,0.000885175891125354,0.0015159401275692036,0.00228457989995451,0.0029657495892069052,0.006985595279379631,0.010184115283482243,27.32474964234621,32.989985693848354,0.0014254453464155228,0.0018060028987757712,0.0019380900973366977
1.5799999999999363,0.3,3495,75,0.0004155596708123819,0.0008853405139531167,0.001517018432081187,0.002283545561536846,0.002974795044123818,0.007125116602166876,0.010338990665611718,27.32474964234621,32.989985693848354,0.0014254453464155228,0.001806700897646953,0.0019383687596850052
1.5809999999999362,0.3,3495,75,0.00041540999354220054,0.00088553293593759,0.0015180534763259222,0.002282654091524923,0.0029802112283669625,0.00720895672357275,0.010376025321411455,27.32474964234621,33.10443490701002,0.0014254453464155228,0.0018074998526876106,0.0019387782039395063
1.5819999999999361,0.3,3495,75,0.0004152691487680688,0.0008857545048249199,0.0015190385139238582,0.002281919761765207,0.0029829565822215506,0.0072792812192995476,0.010290770638705532,27.381974248927037,33.10443490701002,0.0014254453464155228,0.0018084019274784684,0.0019393239613414437
1.582999999999936,0.3,3495,75,0.0004151395674095813,0.0008864841062816576,0.0015199662711830404,0.002281356145425598,0.0029835341019540376,0.00736499081979067,0.010629901900910137,27.381974248927037,33.10443490701002,0.0014254453464155228,0.0018094057928000399,0.001940009956268085
1.583999999999936,0.3,3495,75,0.0004150228460177535,0.0008868456903906527,0.0015208292895020174,0.002280975730887073,0.002982808849789109,0.007338366634433626,0.011228212292109968,27.381974248927037,33.10443490701002,0.0014254453464155228,0.001810506459092662,0.0019408380274548165
1.5849999999999358,0.3,3495,75,0.0004149195714587781,0.0008869995363348926,0.0015216204941660629,0.002280789243103642,0.0029796492309698834,0.007380128665994741,0.011734589162444131,27.381974248927037,33.10443490701002,0.0014254453464155228,0.001811695335592167,0.0019418072973067524
1.5859999999999357,0.3,3495,75,0.00041482967195414144,0.0008871107410024602,0.0015223339050715035,0.002280804830500346,0.002972422362284776,0.00733977970413119,0.012138737632639738,27.381974248927037,33.190271816881264,0.0014254453464155228,0.001812960511935349,0.0019429135263280273
1.5869999999999356,0.3,3495,75,0.00041475318671786216,0.0008872001816046732,0.0015229653742399106,0.0022810272871923148,0.0029600449619889375,0.007282182133177653,0.012432495246902436,27.381974248927037,33.190271816881264,0.0014254453464155228,0.0018142872356841028,0.0019441485948483717
1.5879999999999355,0.3,3495,75,0.0004146892968660621,0.0008873940169607138,0.0015235132230635084,0.002281457460007195,0.0029423373927737408,0.007191988516564257,0.01260986890162068,27.381974248927037,33.190271816881264,0.0014254453464155228,0.0018156585402659977,0.0019455002319581638
1.5889999999999354,0.3,3495,75,0.00041463705666983493,0.0008875405207324116,0.0015239786616945852,0.0022820919449849245,0.002917276643984243,0.00707614851891814,0.012667037452071074,27.381974248927037,33.276108726752504,0.0014254453464155228,0.001817055964793949,0.0019469520683088604
1.5899999999999352,0.3,3495,75,0.0004145954756542307,0.0008877184584518794,0.0015243659025297892,0.002282923119456666,0.0028840077688530906,0.007043494663375517,0.012602331276977607,27.381974248927037,33.276108726752504,0.0014254453464155228,0.0018184603017841548,0.00194848403458181
1.5909999999999351,0.3,3495,75,0.00041456319419208993,0.0008879056530394759,0.0015246819247985018,0.0022839394958231226,0.0028412476818657035,0.0069975922892272745,0.012416197131039145,27.381974248927037,33.276108726752504,0.0014254453464155228,0.0018198523113463149,0.0019500730721091486
1.591999999999935,0.3,3495,75,0.000414538585345486,0.0008880984421862355,0.0015249359002895181,0.0022851263327313006,0.0027896030778648997,0.006871684951520658,0.012137839590544907,27.381974248927037,33.276108726752504,0.0014254453464155228,0.001821213350309874,0.001951694076396393
1.592999999999935,0.3,3495,75,0.0004145194194119941,0.0008882982519077562,0.001525138342691357,0.0022864664062072068,0.002730762678007462,0.006768360941619008,0.011785663048860785,27.381974248927037,33.361945636623744,0.0014254453464155228,0.001822525880172846,0.0019533209653417316
1.5939999999999348,0.3,3495,75,0.0004145032505112769,0.0008885068439467074,0.0015253000860448293,0.002287940831404404,0.0026669172028693632,0.006652996499481427,0.011374850359752525,27.381974248927037,33.361945636623744,0.0014254453464155228,0.0018237738362424513,0.001954927755708269
1.5949999999999347,0.3,3495,75,0.00041448751114685824,0.0008890586510378955,0.001525431224584236,0.0022895298337476497,0.0025971015440298157,0.006505679787753533,0.010873184081647027,27.381974248927037,33.419170243204576,0.0014254453464155228,0.0018249428589669201,0.0019564895427777174
1.5959999999999346,0.3,3495,75,0.00041446944471432975,0.0008897345992070423,0.0015255401526018172,0.0022912133921657667,0.0025226238327354386,0.006306289687923409,0.010261310114370328,27.381974248927037,33.50500715307582,0.0014254453464155228,0.001826020404638093,0.00195798330520347
1.5969999999999345,0.3,3495,75,0.00041444630572646206,0.0008904140620695097,0.0015256328279245612,0.00229297170962525,0.002445694383940713,0.006029527184467064,0.009545634136549097,27.381974248927037,33.50500715307582,0.0014254453464155228,0.0018269957640392462,0.001959388492810632
1.5979999999999344,0.3,3495,75,0.0004144153396294301,0.0008910967435540101,0.0015257123491892806,0.002294785499712105,0.002368072704448056,0.005762271930714235,0.008753387225108357,27.381974248927037,33.562231759656655,0.0014254453464155228,0.0018278600231418456,0.0019606873917936696
1.5989999999999343,0.3,3495,75,0.00041437313158794003,0.0008917793355623837,0.0015257788906144294,0.002296636106012837,0.002290070586500053,0.00545708021997287,0.007911673378545795,27.381974248927037,33.61945636623748,0.0014254453464155228,0.0018286059991252663,0.0019618652924684454
1.5999999999999341,0.3,3495,75,0.000414316380412448,0.0008924554749943841,0.0015258299863333857,0.0022985054890094364,0.0022130007672512696,0.0052607689546774715,0.007036666586489819,27.381974248927037,33.61945636623748,0.0014254453464155228,0.001829228178840425,0.00196291050426467
1.600999999999934,0.3,3495,75,0.0004142418654681299,0.0008932149915886783,0.0015258611075481085,0.0023003761219861384,0.0021375846606312807,0.005020225744688772,0.006554778614470835,27.381974248927037,33.61945636623748,0.0014254453464155228,0.0018295656827188025,0.0019638142691142946
1.601999999999934,0.3,3495,75,0.00041414652739583463,0.0008939985651189943,0.00152586643750879,0.0023022308343018227,0.0020666108311780105,0.004708935040557035,0.006503796449040651,27.381974248927037,33.61945636623748,0.0014254453464155228,0.0018296478477217392,0.0019645706184157063
